datetime,A1,A2,A3,A4,A5,A6,A9,A10
2024-09-27 00:00:00,286.9,2052.6,2992.4,4153.9,5.9,44.8,749.5,0.0
2024-09-27 00:15:00,329.6,1951.7,3027.2,6002.1,5.9,44.8,892.9,0.0
2024-09-27 00:30:00,227.9,1841.8,3049.8,6609.9,5.9,42.0,605.6,0.0
2024-09-27 00:45:00,119.8,1601.5,2933.9,6870.2,5.9,38.1,410.1,0.0
2024-09-27 01:00:00,164.1,1466.7,2691.8,7198.4,5.9,38.1,366.8,0.0
2024-09-27 01:15:00,140.4,1352.5,2578.8,7096.6,5.9,38.1,417.1,0.0
2024-09-27 01:30:00,229.3,1321.2,2224.9,6754.5,5.9,38.1,442.6,0.0
2024-09-27 01:45:00,188.0,1453.1,1812.8,5898.5,5.9,38.1,264.8,0.0
2024-09-27 02:00:00,127.9,1386.3,1540.7,4762.6,5.9,33.7,412.9,0.0
2024-09-27 02:15:00,188.9,975.1,1072.1,3593.5,5.9,25.1,307.1,0.0
2024-09-27 02:30:00,257.4,787.1,610.4,2497.3,5.9,20.0,533.0,0.0
2024-09-27 02:45:00,247.0,966.5,242.8,1381.7,5.9,15.6,613.6,0.0
2024-09-27 03:00:00,226.5,835.0,79.6,737.6,5.9,15.6,893.4,0.0
2024-09-27 03:15:00,180.2,617.0,12.4,350.4,5.9,15.6,746.3,0.0
2024-09-27 03:30:00,192.7,693.8,0.0,198.2,5.9,15.6,601.9,0.0
2024-09-27 03:45:00,164.1,581.6,27.5,111.5,5.9,15.6,614.2,0.0
2024-09-27 04:00:00,78.7,584.7,65.8,62.7,5.9,15.6,615.1,0.0
2024-09-27 04:15:00,5.9,577.5,65.8,59.2,4.7,14.7,780.1,0.0
2024-09-27 04:30:00,58.7,604.1,105.4,59.2,0.0,8.9,825.8,0.0
2024-09-27 04:45:00,109.1,540.3,76.5,3.5,0.0,4.8,944.2,0.0
2024-09-27 05:00:00,136.7,457.1,119.3,0.0,0.0,3.3,799.9,0.0
2024-09-27 05:15:00,147.9,357.8,254.9,0.0,0.0,3.3,841.1,0.0
2024-09-27 05:30:00,288.2,266.6,263.9,0.0,0.0,3.3,813.4,33.6
2024-09-27 05:45:00,243.3,280.2,266.2,0.0,0.0,3.3,787.4,33.6
2024-09-27 06:00:00,356.5,227.1,225.2,0.0,0.0,5.6,724.7,12.0
2024-09-27 06:15:00,260.2,158.8,96.1,0.0,0.0,5.6,763.7,0.0
2024-09-27 06:30:00,246.6,359.8,9.1,0.0,0.0,5.6,709.5,0.0
2024-09-27 06:45:00,142.7,383.5,0.0,0.0,0.0,3.8,743.9,0.0
2024-09-27 07:00:00,161.5,291.7,13.6,0.0,0.0,3.7,566.3,0.0
2024-09-27 07:15:00,30.6,255.6,0.0,0.0,0.0,3.7,726.6,0.0
2024-09-27 07:30:00,0.0,332.1,0.0,0.0,0.0,12.5,722.8,0.0
2024-09-27 07:45:00,18.8,296.3,0.0,0.0,0.0,19.2,604.4,0.0
2024-09-27 08:00:00,72.4,279.1,0.0,0.0,0.0,16.0,566.0,0.0
2024-09-27 08:15:00,125.9,266.4,0.0,0.0,0.0,16.0,559.3,0.0
2024-09-27 08:30:00,131.1,214.3,0.0,0.0,0.0,16.0,432.3,0.0
2024-09-27 08:45:00,95.2,396.9,0.0,0.0,2.7,16.0,380.5,0.0
2024-09-27 09:00:00,16.6,484.6,36.4,0.0,2.7,16.0,456.3,0.0
2024-09-27 09:15:00,0.0,523.1,36.4,0.0,2.7,15.0,389.9,0.0
2024-09-27 09:30:00,0.0,480.8,36.4,0.0,2.7,13.3,431.3,0.0
2024-09-27 09:45:00,0.0,303.3,22.8,0.0,2.7,13.3,453.8,0.0
2024-09-27 10:00:00,30.0,180.8,18.2,0.0,2.7,13.3,542.8,0.0
2024-09-27 10:15:00,0.0,240.1,74.7,0.0,19.1,7.5,347.6,0.0
2024-09-27 10:30:00,109.9,396.7,43.0,0.0,19.1,6.7,557.9,0.0
2024-09-27 10:45:00,146.5,323.0,3.4,0.0,19.1,6.7,559.6,0.0
2024-09-27 11:00:00,186.3,160.7,0.0,0.0,18.9,6.7,502.5,0.0
2024-09-27 11:15:00,122.2,237.6,45.4,0.0,7.9,6.7,367.7,0.0
2024-09-27 11:30:00,86.0,271.0,45.4,0.0,13.5,5.7,275.6,0.0
2024-09-27 11:45:00,54.1,405.6,34.1,0.0,28.7,0.0,261.9,0.0
2024-09-27 12:00:00,131.4,435.8,0.0,0.0,20.3,0.0,308.3,0.0
2024-09-27 12:15:00,127.6,541.3,0.0,128.4,15.2,0.0,409.9,0.0
2024-09-27 12:30:00,42.9,555.3,0.0,128.4,7.4,0.0,399.4,0.0
2024-09-27 12:45:00,221.4,482.2,0.0,189.5,3.3,0.0,400.0,0.0
2024-09-27 13:00:00,147.5,488.3,0.0,189.5,16.0,0.0,440.2,0.0
2024-09-27 13:15:00,165.9,490.9,33.7,189.5,16.0,0.0,615.7,0.0
2024-09-27 13:30:00,72.4,350.9,33.7,181.5,15.5,5.4,596.3,0.0
2024-09-27 13:45:00,44.6,245.7,33.7,32.2,0.0,5.4,304.7,0.0
2024-09-27 14:00:00,95.5,291.8,29.6,0.0,0.0,5.4,290.0,0.0
2024-09-27 14:15:00,153.8,327.0,0.0,0.0,0.0,5.4,306.5,0.0
2024-09-27 14:30:00,165.2,426.1,26.6,0.0,0.0,5.4,457.6,0.0
2024-09-27 14:45:00,126.4,370.7,26.6,0.0,0.0,4.7,616.9,0.0
2024-09-27 15:00:00,569.5,967.4,199.2,0.0,0.0,9.6,772.4,0.0
2024-09-27 15:15:00,708.4,1233.1,334.3,0.0,0.0,9.6,933.0,3.2
2024-09-27 15:30:00,561.8,1354.6,407.6,0.0,0.0,15.3,827.6,0.0
2024-09-27 15:45:00,662.2,1204.1,334.2,0.0,0.0,20.3,811.1,0.0
2024-09-27 16:00:00,708.6,1330.9,171.4,0.0,0.0,29.9,716.8,0.0
2024-09-27 16:15:00,514.7,978.1,58.5,0.0,0.0,34.8,813.9,0.0
2024-09-27 16:30:00,557.2,845.7,28.5,0.0,0.0,29.6,834.6,0.0
2024-09-27 16:45:00,728.5,894.6,28.5,0.0,0.0,29.6,965.6,0.0
2024-09-27 17:00:00,683.8,996.5,14.1,0.0,0.0,29.6,807.6,0.0
2024-09-27 17:15:00,400.3,822.7,0.0,0.0,0.0,36.7,856.2,0.0
2024-09-27 17:30:00,220.5,679.5,37.9,0.0,0.0,43.5,815.4,0.0
2024-09-27 17:45:00,264.0,469.2,26.1,0.0,0.0,50.1,949.8,0.0
2024-09-27 18:00:00,131.0,216.1,102.6,0.0,0.0,52.9,1028.7,0.0
2024-09-27 18:15:00,127.6,209.8,109.7,0.0,0.0,50.1,807.4,0.0
2024-09-27 18:30:00,89.9,219.2,142.4,0.0,0.0,56.4,780.1,0.0
2024-09-27 18:45:00,155.5,184.5,117.2,0.0,0.0,66.0,618.4,0.0
2024-09-27 19:00:00,77.3,168.4,128.6,0.0,0.0,64.5,609.9,0.0
2024-09-27 19:15:00,124.8,222.5,141.9,0.0,0.0,56.6,638.3,0.0
2024-09-27 19:30:00,120.9,217.5,141.2,0.0,0.8,46.6,441.0,0.0
2024-09-27 19:45:00,81.3,181.9,93.9,0.0,0.0,49.8,616.8,0.0
2024-09-27 20:00:00,204.2,134.1,122.2,0.0,0.0,42.6,631.5,0.0
2024-09-27 20:15:00,255.1,158.6,80.2,0.0,0.0,42.6,759.7,0.0
2024-09-27 20:30:00,178.9,233.0,96.0,28.2,0.0,41.7,584.0,0.0
2024-09-27 20:45:00,101.8,197.0,96.0,28.2,0.0,45.5,477.1,0.0
2024-09-27 21:00:00,275.0,368.5,134.7,67.4,0.0,43.2,297.3,0.0
2024-09-27 21:15:00,245.3,459.8,124.1,210.0,0.0,45.1,535.3,0.0
2024-09-27 21:30:00,377.7,434.6,65.9,380.6,0.0,43.5,609.7,0.0
2024-09-27 21:45:00,420.0,555.3,170.9,1840.0,0.0,44.9,831.6,0.0
2024-09-27 22:00:00,748.5,1473.8,2278.7,7152.6,30.3,53.4,613.3,0.0
2024-09-27 22:15:00,767.0,1680.0,2294.8,7496.9,30.3,53.4,483.8,0.0
2024-09-27 22:30:00,766.9,1645.4,2544.0,7489.6,30.3,53.4,475.2,0.0
2024-09-27 22:45:00,558.9,1316.8,2362.0,7332.6,30.3,53.4,458.8,0.0
2024-09-27 23:00:00,466.9,1375.3,2653.2,7070.2,30.3,54.8,466.4,0.0
2024-09-27 23:15:00,388.3,1504.1,2521.4,6544.6,30.3,48.7,404.0,0.0
2024-09-27 23:30:00,377.6,1545.7,2515.0,5670.8,30.3,42.1,252.3,0.0
2024-09-27 23:45:00,203.0,923.1,1237.8,2942.2,26.6,23.7,60.9,0.0
2024-09-28 00:00:00,467.8,2072.3,2933.4,4798.3,36.3,52.4,23.6,0.0
2024-09-28 00:15:00,570.5,1900.7,2889.1,4717.8,36.3,52.4,152.9,0.0
2024-09-28 00:30:00,326.3,2012.7,3086.5,5624.8,36.3,52.0,308.0,0.0
2024-09-28 00:45:00,232.6,1951.3,2884.4,6603.5,36.3,45.7,240.0,0.0
2024-09-28 01:00:00,206.9,2025.6,2716.0,6848.9,36.3,38.4,306.2,0.0
2024-09-28 01:15:00,152.9,1810.7,2506.4,6919.7,36.3,37.1,446.1,0.0
2024-09-28 01:30:00,236.6,1696.0,2274.2,6477.8,25.9,37.1,622.9,0.0
2024-09-28 01:45:00,287.3,1437.2,1905.4,5828.2,23.3,31.7,675.7,34.9
2024-09-28 02:00:00,267.8,1163.9,1465.1,4648.6,17.8,30.7,348.7,34.9
2024-09-28 02:15:00,189.9,1035.0,969.0,3562.8,17.8,24.2,488.2,34.9
2024-09-28 02:30:00,231.0,672.3,497.0,2577.5,17.8,23.7,535.0,34.9
2024-09-28 02:45:00,204.3,574.8,244.7,1582.0,17.8,17.2,523.7,8.4
2024-09-28 03:00:00,153.2,675.9,116.3,971.5,17.8,17.2,690.5,0.0
2024-09-28 03:15:00,227.2,836.0,41.6,545.2,17.8,17.2,757.8,0.0
2024-09-28 03:30:00,186.9,1052.9,41.6,171.8,17.8,17.2,761.4,0.0
2024-09-28 03:45:00,124.9,928.7,55.4,131.0,17.8,17.2,612.6,0.0
2024-09-28 04:00:00,109.8,839.3,38.1,120.9,16.6,17.2,767.2,0.0
2024-09-28 04:15:00,173.6,802.9,38.1,73.0,17.3,14.8,860.9,0.0
2024-09-28 04:30:00,149.0,883.4,38.1,73.0,17.3,10.3,910.8,0.0
2024-09-28 04:45:00,216.4,992.4,69.4,73.0,17.3,10.3,954.8,0.0
2024-09-28 05:00:00,201.5,845.3,116.5,64.5,17.3,6.0,723.5,0.0
2024-09-28 05:15:00,465.4,717.0,288.0,0.0,12.8,3.3,764.4,0.0
2024-09-28 05:30:00,532.2,570.3,209.9,0.0,11.8,3.3,777.0,0.0
2024-09-28 05:45:00,467.8,439.3,125.6,0.0,9.7,3.3,770.7,0.0
2024-09-28 06:00:00,373.4,448.8,88.2,0.0,5.8,3.3,799.3,0.0
2024-09-28 06:15:00,224.5,395.9,0.0,0.0,5.8,3.3,883.3,0.0
2024-09-28 06:30:00,116.4,304.1,0.0,0.0,5.8,6.6,791.7,0.0
2024-09-28 06:45:00,230.4,352.9,0.0,0.0,5.8,6.6,826.2,0.0
2024-09-28 07:00:00,175.8,649.7,0.0,0.0,5.8,6.6,651.1,0.0
2024-09-28 07:15:00,176.3,511.9,0.0,0.0,12.8,13.4,472.8,0.0
2024-09-28 07:30:00,313.0,512.7,0.0,0.0,12.8,13.4,324.3,0.0
2024-09-28 07:45:00,144.4,404.0,0.0,0.0,11.1,13.4,331.6,0.0
2024-09-28 08:00:00,57.0,411.4,0.0,0.0,7.0,13.4,306.4,0.0
2024-09-28 08:15:00,25.5,406.3,15.3,0.0,1.5,13.4,376.5,0.0
2024-09-28 08:30:00,109.1,607.6,21.3,0.0,0.0,10.6,602.2,0.0
2024-09-28 08:45:00,110.7,591.8,16.3,0.0,0.0,20.0,457.9,0.0
2024-09-28 09:00:00,203.5,324.7,72.6,0.0,0.0,16.9,414.1,0.0
2024-09-28 09:15:00,78.7,224.9,110.4,0.0,0.0,18.8,486.4,0.0
2024-09-28 09:30:00,22.1,239.3,84.8,0.0,0.0,18.8,609.8,0.0
2024-09-28 09:45:00,21.1,194.4,103.8,0.0,0.0,18.8,483.1,0.0
2024-09-28 10:00:00,53.9,232.4,103.8,0.0,0.0,22.0,458.4,0.0
2024-09-28 10:15:00,53.9,100.6,31.7,0.0,0.0,18.0,397.9,0.0
2024-09-28 10:30:00,40.8,53.8,0.0,0.0,16.7,19.3,280.1,0.0
2024-09-28 10:45:00,21.1,186.1,0.0,0.0,16.7,22.6,305.6,0.0
2024-09-28 11:00:00,21.1,361.2,0.0,0.0,16.7,21.2,351.3,0.0
2024-09-28 11:15:00,46.4,321.7,0.0,0.0,16.7,16.9,338.2,0.0
2024-09-28 11:30:00,258.5,259.6,0.0,0.0,16.7,16.9,552.5,0.0
2024-09-28 11:45:00,276.5,343.7,0.0,0.0,16.7,19.7,456.8,0.0
2024-09-28 12:00:00,206.5,354.4,0.0,143.6,16.7,19.7,440.0,0.0
2024-09-28 12:15:00,179.0,410.0,0.0,143.6,22.8,26.0,187.4,0.0
2024-09-28 12:30:00,224.1,288.6,0.0,143.6,22.8,26.0,161.7,0.0
2024-09-28 12:45:00,116.3,364.5,87.4,143.6,39.2,28.9,461.8,0.0
2024-09-28 13:00:00,143.4,191.8,60.6,143.6,39.2,24.2,615.2,0.0
2024-09-28 13:15:00,95.2,196.9,0.0,85.5,26.6,14.2,810.4,0.0
2024-09-28 13:30:00,57.9,366.2,0.0,0.0,22.5,11.2,473.4,0.0
2024-09-28 13:45:00,177.9,326.9,0.0,0.0,15.5,5.8,306.0,0.0
2024-09-28 14:00:00,99.8,340.4,0.0,0.0,24.1,14.9,442.8,0.0
2024-09-28 14:15:00,98.1,399.5,0.0,72.4,24.1,16.9,598.2,0.0
2024-09-28 14:30:00,136.8,331.6,0.0,72.4,24.1,16.6,728.6,0.0
2024-09-28 14:45:00,157.3,465.0,24.3,38.3,24.1,16.6,614.2,0.0
2024-09-28 15:00:00,306.0,803.2,90.8,0.0,24.1,16.6,800.8,0.0
2024-09-28 15:15:00,373.1,1181.0,90.8,0.0,24.1,23.4,789.7,0.0
2024-09-28 15:30:00,477.7,1162.8,89.7,0.0,24.1,23.4,702.7,0.0
2024-09-28 15:45:00,445.6,1134.7,239.6,0.0,24.1,23.4,778.5,0.0
2024-09-28 16:00:00,407.5,1018.5,387.9,0.0,24.1,23.4,903.2,0.0
2024-09-28 16:15:00,220.7,1071.1,377.0,0.0,24.1,30.1,921.4,0.0
2024-09-28 16:30:00,331.4,1042.3,207.5,0.0,24.1,30.1,823.1,0.0
2024-09-28 16:45:00,411.5,1108.9,318.1,0.0,24.1,30.1,771.6,0.0
2024-09-28 17:00:00,578.3,856.4,258.0,0.0,22.7,29.1,898.4,0.0
2024-09-28 17:15:00,428.0,758.8,34.9,0.0,24.6,23.5,831.3,0.0
2024-09-28 17:30:00,292.4,567.1,23.2,0.0,24.6,23.5,848.6,0.0
2024-09-28 17:45:00,270.6,455.9,39.1,0.0,8.1,26.7,852.5,0.0
2024-09-28 18:00:00,175.9,308.8,1.8,0.0,6.6,33.2,963.4,0.0
2024-09-28 18:15:00,115.9,279.7,0.0,0.0,6.6,33.2,950.8,0.0
2024-09-28 18:30:00,130.8,179.5,42.5,0.0,6.6,32.1,790.4,0.0
2024-09-28 18:45:00,99.0,201.9,31.1,0.0,23.1,26.1,560.9,0.0
2024-09-28 19:00:00,128.8,319.8,21.4,0.0,26.5,24.6,651.5,0.0
2024-09-28 19:15:00,150.4,402.1,21.4,0.0,26.5,29.0,459.9,0.0
2024-09-28 19:30:00,248.7,389.2,120.8,0.0,10.2,26.7,526.3,0.0
2024-09-28 19:45:00,144.3,240.1,76.4,0.0,10.0,29.7,459.0,0.0
2024-09-28 20:00:00,55.8,260.3,46.8,0.0,10.0,26.7,426.6,0.0
2024-09-28 20:15:00,50.1,256.8,0.0,0.0,10.0,33.6,294.9,0.0
2024-09-28 20:30:00,66.8,353.0,0.0,0.0,10.0,43.7,304.8,0.0
2024-09-28 20:45:00,80.0,422.6,37.1,106.4,10.0,43.7,447.8,34.7
2024-09-28 21:00:00,85.7,493.3,156.1,105.0,10.0,39.6,580.7,2.5
2024-09-28 21:15:00,283.9,652.2,197.0,158.2,10.0,31.4,578.5,0.0
2024-09-28 21:30:00,198.2,499.1,198.7,213.2,8.7,29.5,567.4,0.0
2024-09-28 21:45:00,213.9,602.1,172.4,1448.9,6.6,32.5,586.7,0.0
2024-09-28 22:00:00,614.0,1351.8,2198.0,5209.7,6.6,49.0,563.0,0.0
2024-09-28 22:15:00,705.3,1570.0,2311.1,5829.8,6.6,65.6,665.6,0.0
2024-09-28 22:30:00,539.9,1717.6,2356.7,5983.3,26.3,65.6,592.5,0.0
2024-09-28 22:45:00,449.5,1480.4,2797.4,5855.3,26.3,62.3,644.0,0.0
2024-09-28 23:00:00,477.6,1376.3,2908.5,5770.6,26.3,55.7,722.5,0.0
2024-09-28 23:15:00,451.1,1504.9,2764.5,5543.2,26.3,49.8,786.5,0.0
2024-09-28 23:30:00,323.5,1456.7,2602.6,4932.7,26.3,49.3,828.1,0.0
2024-09-28 23:45:00,145.3,1052.4,1262.8,2401.7,6.6,21.0,214.3,0.0
2024-09-29 00:00:00,284.0,2270.7,2174.7,3043.1,23.2,46.1,662.6,0.0
2024-09-29 00:15:00,350.5,2054.0,2398.8,4673.9,6.6,44.1,673.8,0.0
2024-09-29 00:30:00,291.8,1829.3,2349.9,5784.6,6.6,40.2,635.8,0.0
2024-09-29 00:45:00,330.7,1504.3,2133.7,5857.9,6.6,40.2,526.6,0.0
2024-09-29 01:00:00,244.8,1289.0,2096.4,6237.4,6.6,35.6,307.7,0.0
2024-09-29 01:15:00,218.0,1220.3,1606.9,6234.6,6.6,33.3,402.5,0.0
2024-09-29 01:30:00,201.0,1061.4,1236.1,5997.1,6.6,33.3,440.4,0.0
2024-09-29 01:45:00,213.7,986.7,882.1,5515.7,6.6,33.3,630.1,0.0
2024-09-29 02:00:00,189.9,944.8,550.3,4404.2,6.6,33.3,384.0,0.0
2024-09-29 02:15:00,169.1,835.1,192.6,3051.2,6.6,31.1,237.2,0.0
2024-09-29 02:30:00,149.3,868.8,23.3,2151.7,6.6,23.3,305.6,0.0
2024-09-29 02:45:00,80.8,866.4,19.2,1115.2,6.6,19.7,381.1,0.0
2024-09-29 03:00:00,284.3,724.0,7.2,341.2,6.6,19.7,543.3,0.0
2024-09-29 03:15:00,286.5,633.4,32.8,80.1,6.6,19.2,508.3,0.0
2024-09-29 03:30:00,295.9,537.0,32.8,40.7,2.0,12.9,218.5,0.0
2024-09-29 03:45:00,316.9,475.9,32.8,0.0,0.0,12.9,0.0,0.0
2024-09-29 04:00:00,185.0,438.4,34.4,0.0,0.0,12.9,0.0,0.0
2024-09-29 04:15:00,115.0,405.4,54.2,0.0,0.0,12.9,0.0,0.0
2024-09-29 04:30:00,23.6,451.9,54.2,0.0,0.0,12.9,0.0,0.0
2024-09-29 04:45:00,83.4,508.7,81.8,0.0,0.0,15.4,150.0,0.0
2024-09-29 05:00:00,193.1,442.5,59.0,0.0,0.0,9.7,303.4,0.0
2024-09-29 05:15:00,312.4,442.3,59.0,0.0,0.0,9.7,572.2,0.0
2024-09-29 05:30:00,330.3,355.6,76.5,0.0,0.0,9.7,732.3,0.0
2024-09-29 05:45:00,223.3,233.9,41.3,0.0,0.0,9.7,793.9,0.0
2024-09-29 06:00:00,296.2,268.1,218.5,0.0,0.0,16.5,767.0,0.0
2024-09-29 06:15:00,343.2,260.0,106.8,0.0,0.0,14.1,814.0,0.0
2024-09-29 06:30:00,234.0,317.7,57.2,0.0,0.0,13.2,632.0,0.0
2024-09-29 06:45:00,110.8,381.3,48.6,0.0,0.0,13.2,413.3,0.0
2024-09-29 07:00:00,66.5,455.0,5.9,0.0,0.0,13.2,458.9,0.0
2024-09-29 07:15:00,28.0,495.4,0.0,0.0,0.0,13.2,643.6,0.0
2024-09-29 07:30:00,50.3,380.0,0.0,0.0,0.0,13.2,786.2,30.5
2024-09-29 07:45:00,20.5,368.6,0.0,0.0,0.0,10.2,645.6,9.5
2024-09-29 08:00:00,0.0,159.6,0.0,0.0,0.0,7.6,488.9,0.0
2024-09-29 08:15:00,84.4,207.8,0.0,0.0,0.0,10.3,576.6,0.0
2024-09-29 08:30:00,157.4,181.1,0.0,0.0,0.0,10.3,569.6,0.0
2024-09-29 08:45:00,122.6,190.6,0.0,0.0,0.0,9.5,523.3,0.0
2024-09-29 09:00:00,116.8,306.4,0.0,0.0,0.0,13.3,671.6,0.0
2024-09-29 09:15:00,33.4,286.1,0.0,0.0,0.0,20.0,766.6,0.0
2024-09-29 09:30:00,71.2,435.7,0.0,0.0,0.0,21.8,738.2,0.0
2024-09-29 09:45:00,55.6,379.1,0.0,0.0,0.0,21.8,768.3,0.0
2024-09-29 10:00:00,0.0,244.5,0.0,0.0,0.0,28.6,493.4,0.0
2024-09-29 10:15:00,164.3,123.7,34.6,0.0,0.0,28.6,629.2,0.0
2024-09-29 10:30:00,127.6,112.1,65.3,0.0,0.0,27.9,349.8,0.0
2024-09-29 10:45:00,105.0,134.8,38.7,0.0,0.0,25.4,307.4,0.0
2024-09-29 11:00:00,113.7,219.7,46.1,0.0,0.0,25.4,432.4,42.7
2024-09-29 11:15:00,169.3,311.5,22.4,0.0,0.0,25.4,614.2,18.5
2024-09-29 11:30:00,156.2,294.4,8.5,0.0,0.0,25.4,695.2,0.0
2024-09-29 11:45:00,138.8,268.1,0.0,0.0,0.0,25.4,766.7,0.0
2024-09-29 12:00:00,250.1,579.4,43.5,0.0,0.0,32.1,540.5,0.0
2024-09-29 12:15:00,119.6,710.8,43.5,0.0,0.0,35.5,665.3,0.0
2024-09-29 12:30:00,115.4,564.3,17.1,141.7,0.0,35.5,473.7,0.0
2024-09-29 12:45:00,65.4,338.6,35.1,141.7,0.0,32.6,769.8,0.0
2024-09-29 13:00:00,146.6,294.3,227.1,141.7,0.0,28.8,729.1,0.0
2024-09-29 13:15:00,110.2,319.5,212.2,183.1,0.0,27.7,665.5,0.0
2024-09-29 13:30:00,177.4,288.8,201.5,179.5,0.0,27.0,659.4,29.8
2024-09-29 13:45:00,158.8,197.5,89.3,126.1,0.0,27.0,617.6,29.8
2024-09-29 14:00:00,51.7,195.6,100.9,60.0,0.0,33.7,650.9,29.8
2024-09-29 14:15:00,47.9,296.3,115.6,0.0,0.0,32.6,562.7,29.8
2024-09-29 14:30:00,230.5,470.5,115.6,0.0,0.0,20.3,643.2,6.7
2024-09-29 14:45:00,231.6,400.6,62.7,0.0,0.0,16.8,729.4,33.2
2024-09-29 15:00:00,615.2,1013.7,262.9,0.0,0.0,15.3,892.9,33.2
2024-09-29 15:15:00,727.7,1232.4,307.7,0.0,0.0,10.2,980.8,33.2
2024-09-29 15:30:00,727.1,1480.1,388.8,0.0,18.5,10.2,692.9,33.2
2024-09-29 15:45:00,544.0,1302.7,335.1,0.0,18.5,13.5,744.4,61.7
2024-09-29 16:00:00,469.4,988.9,427.4,0.0,18.5,13.5,753.6,100.0
2024-09-29 16:15:00,468.8,827.1,355.4,0.0,18.5,19.1,907.3,179.7
2024-09-29 16:30:00,568.4,902.0,209.8,0.0,18.5,22.2,816.1,44.5
2024-09-29 16:45:00,451.9,796.9,121.2,0.0,16.7,25.6,803.1,0.0
2024-09-29 17:00:00,310.1,687.1,35.5,0.0,0.0,32.4,733.0,0.0
2024-09-29 17:15:00,295.2,721.2,102.5,0.0,0.0,32.4,723.5,0.0
2024-09-29 17:30:00,456.0,606.0,87.4,0.0,0.0,32.4,757.6,30.4
2024-09-29 17:45:00,290.8,325.4,6.3,0.0,0.0,30.9,872.6,30.4
2024-09-29 18:00:00,96.6,393.2,70.1,0.0,0.0,29.2,790.6,30.4
2024-09-29 18:15:00,416.7,413.6,114.1,0.0,0.0,35.9,770.5,21.1
2024-09-29 18:30:00,290.2,401.5,112.0,0.0,0.0,44.4,631.6,0.0
2024-09-29 18:45:00,279.1,381.0,87.5,0.0,0.0,40.6,769.4,0.0
2024-09-29 19:00:00,116.0,198.9,87.5,0.0,0.0,32.1,654.7,0.0
2024-09-29 19:15:00,106.2,375.1,176.4,0.0,0.0,36.3,629.4,11.2
2024-09-29 19:30:00,97.2,331.5,64.4,0.0,0.0,36.3,176.1,0.0
2024-09-29 19:45:00,93.2,383.4,16.3,0.0,0.0,39.6,181.7,0.0
2024-09-29 20:00:00,100.5,350.1,0.0,0.0,0.0,46.4,153.3,0.0
2024-09-29 20:15:00,66.5,320.0,96.1,0.0,0.0,45.1,120.6,0.0
2024-09-29 20:30:00,64.0,296.5,178.2,33.5,0.0,47.4,151.1,0.0
2024-09-29 20:45:00,198.1,401.2,219.0,33.5,0.0,48.3,302.9,0.0
2024-09-29 21:00:00,163.3,453.7,249.4,114.1,0.0,48.3,372.8,0.0
2024-09-29 21:15:00,191.4,554.6,121.9,204.2,0.0,48.3,306.2,0.0
2024-09-29 21:30:00,143.1,475.9,62.4,354.5,0.0,46.5,365.9,59.6
2024-09-29 21:45:00,145.3,577.5,38.5,1951.1,0.0,45.5,486.7,59.6
2024-09-29 22:00:00,619.2,1759.4,1967.1,6945.8,23.8,85.7,751.3,54.4
2024-09-29 22:15:00,792.9,2081.6,2263.6,7448.0,23.8,78.0,914.2,47.9
2024-09-29 22:30:00,754.4,2344.3,2279.4,7660.3,23.8,71.5,917.2,27.8
2024-09-29 22:45:00,509.6,1829.7,2362.0,7538.6,23.8,74.7,853.1,0.0
2024-09-29 23:00:00,229.0,1400.5,3015.6,7193.8,23.8,74.7,657.7,0.0
2024-09-29 23:15:00,289.0,1506.7,2741.5,7064.2,23.8,78.1,748.3,0.0
2024-09-29 23:30:00,388.0,1848.3,2396.1,6674.5,23.8,73.0,763.5,0.0
2024-09-29 23:45:00,279.7,945.5,1287.3,3627.0,20.1,43.6,420.8,0.0
2024-09-30 00:00:00,492.8,2041.0,3103.5,5658.6,30.0,72.2,817.7,0.0
2024-09-30 00:15:00,471.8,2180.6,2947.4,5269.7,30.0,69.5,904.5,47.2
2024-09-30 00:30:00,335.1,1857.0,3060.2,5441.0,33.7,68.9,941.8,84.9
2024-09-30 00:45:00,258.9,1603.7,2959.8,5945.0,28.3,66.1,758.3,48.5
2024-09-30 01:00:00,265.3,1603.8,2659.8,6607.0,25.9,66.1,632.1,5.4
2024-09-30 01:15:00,94.4,1487.0,2603.0,6510.2,23.3,64.1,485.2,0.0
2024-09-30 01:30:00,142.8,1545.3,2262.3,6298.0,22.9,66.8,506.1,0.0
2024-09-30 01:45:00,154.8,1347.0,1856.7,5623.3,11.7,65.0,271.7,0.0
2024-09-30 02:00:00,211.2,1157.3,1323.0,4927.8,11.7,60.0,306.5,0.0
2024-09-30 02:15:00,267.7,893.0,963.0,4058.3,11.7,59.5,193.9,0.0
2024-09-30 02:30:00,303.7,662.6,562.4,3064.7,11.7,53.3,307.7,0.0
2024-09-30 02:45:00,324.8,629.2,175.8,2106.9,11.7,51.9,304.0,0.0
2024-09-30 03:00:00,224.8,510.3,120.5,1007.0,11.7,47.7,608.7,0.0
2024-09-30 03:15:00,299.1,371.6,172.6,478.1,11.7,43.6,777.6,0.0
2024-09-30 03:30:00,371.1,548.4,142.7,205.9,11.7,39.9,768.5,0.0
2024-09-30 03:45:00,314.4,534.7,136.0,55.9,11.4,33.9,691.1,0.0
2024-09-30 04:00:00,127.3,505.5,123.2,7.4,6.2,37.2,659.1,0.0
2024-09-30 04:15:00,49.9,522.4,108.9,0.0,6.2,37.2,588.6,0.0
2024-09-30 04:30:00,17.1,469.9,50.0,0.0,6.2,34.9,353.2,0.0
2024-09-30 04:45:00,100.0,472.2,79.7,0.0,6.2,24.8,589.8,0.0
2024-09-30 05:00:00,243.1,268.1,35.3,0.0,6.2,24.1,687.1,0.0
2024-09-30 05:15:00,288.9,264.3,41.5,0.0,6.2,22.1,802.1,0.0
2024-09-30 05:30:00,425.4,456.3,151.5,0.0,6.2,17.2,772.0,0.0
2024-09-30 05:45:00,414.8,375.0,139.8,0.0,2.2,16.5,806.2,0.0
2024-09-30 06:00:00,298.5,175.0,87.5,0.0,0.0,7.6,764.3,0.0
2024-09-30 06:15:00,193.6,252.3,42.7,0.0,0.0,11.8,616.0,0.0
2024-09-30 06:30:00,229.6,380.4,18.2,0.0,0.0,10.0,409.7,0.0
2024-09-30 06:45:00,236.6,412.5,18.2,0.0,0.0,6.8,416.2,25.6
2024-09-30 07:00:00,247.1,441.6,18.0,0.0,0.0,3.3,439.0,19.2
2024-09-30 07:15:00,196.3,517.5,0.0,0.0,0.0,3.3,679.0,24.1
2024-09-30 07:30:00,138.5,296.4,0.0,0.0,0.0,10.2,639.5,23.1
2024-09-30 07:45:00,108.8,243.0,18.8,0.0,0.0,10.2,713.4,0.0
2024-09-30 08:00:00,47.5,180.9,105.9,0.0,0.0,10.2,650.5,0.0
2024-09-30 08:15:00,51.0,109.1,105.9,0.0,0.0,20.3,779.9,0.0
2024-09-30 08:30:00,66.8,100.6,68.6,0.0,0.0,20.3,402.6,0.0
2024-09-30 08:45:00,61.0,123.8,15.2,0.0,0.0,20.3,461.2,0.0
2024-09-30 09:00:00,48.3,289.2,0.0,0.0,0.0,20.3,383.1,0.0
2024-09-30 09:15:00,39.4,372.0,0.0,0.0,0.0,25.5,618.4,0.0
2024-09-30 09:30:00,118.3,276.1,0.0,0.0,0.0,23.1,842.8,0.0
2024-09-30 09:45:00,77.3,197.1,0.0,0.0,0.0,22.3,918.7,0.0
2024-09-30 10:00:00,0.0,285.6,0.0,0.0,0.0,22.3,637.9,21.2
2024-09-30 10:15:00,33.0,285.7,30.7,0.0,0.0,22.3,621.7,0.0
2024-09-30 10:30:00,126.1,227.3,30.7,0.0,0.0,22.3,510.5,0.0
2024-09-30 10:45:00,64.0,445.4,52.8,0.0,0.0,22.3,586.2,0.0
2024-09-30 11:00:00,156.6,437.0,16.1,129.8,0.0,22.3,641.7,0.0
2024-09-30 11:15:00,178.6,635.1,37.3,129.8,0.0,22.3,624.9,0.0
2024-09-30 11:30:00,204.8,662.3,37.3,129.8,0.0,22.3,768.2,0.0
2024-09-30 11:45:00,285.8,733.8,65.4,71.1,0.0,22.3,862.3,0.0
2024-09-30 12:00:00,196.4,575.7,8.0,0.0,0.0,22.3,798.9,0.0
2024-09-30 12:15:00,120.6,578.7,0.0,145.1,0.0,20.6,575.9,0.0
2024-09-30 12:30:00,135.2,509.6,32.0,145.1,0.0,13.6,307.9,0.0
2024-09-30 12:45:00,140.6,483.3,0.0,145.1,0.0,12.1,325.3,0.0
2024-09-30 13:00:00,182.1,463.5,0.0,145.1,2.6,12.1,611.7,0.0
2024-09-30 13:15:00,168.9,632.3,0.0,145.1,2.6,12.1,849.4,0.0
2024-09-30 13:30:00,164.0,547.0,26.5,111.0,2.6,12.1,898.6,0.0
2024-09-30 13:45:00,217.7,533.0,26.5,23.7,2.6,10.1,709.8,0.0
2024-09-30 14:00:00,267.0,372.1,109.2,0.0,2.6,7.8,788.2,38.3
2024-09-30 14:15:00,248.8,431.6,79.4,0.0,2.6,6.3,586.0,26.9
2024-09-30 14:30:00,222.5,379.4,114.6,0.0,2.6,9.7,905.7,0.0
2024-09-30 14:45:00,290.2,436.8,188.3,0.0,2.6,12.8,817.6,0.4
2024-09-30 15:00:00,878.0,862.2,223.8,0.0,2.6,17.4,867.7,32.7
2024-09-30 15:15:00,833.0,1510.6,218.9,0.0,2.6,10.3,755.8,64.7
2024-09-30 15:30:00,541.6,1527.8,174.7,0.0,2.6,14.9,869.5,64.7
2024-09-30 15:45:00,439.8,1624.7,164.2,0.0,1.6,14.9,873.2,64.7
2024-09-30 16:00:00,414.3,1406.7,189.0,0.0,0.0,18.0,662.9,53.0
2024-09-30 16:15:00,418.1,1040.6,309.9,0.0,0.0,13.1,710.4,100.1
2024-09-30 16:30:00,264.5,1225.2,382.4,0.0,16.1,16.4,708.3,34.2
2024-09-30 16:45:00,212.7,1010.3,300.6,0.0,16.1,23.2,876.4,0.0
2024-09-30 17:00:00,308.4,1024.3,199.3,0.0,16.1,38.8,938.6,0.0
2024-09-30 17:15:00,395.8,1042.3,171.8,0.0,16.1,32.9,956.0,0.0
2024-09-30 17:30:00,351.5,877.1,72.3,0.0,14.9,32.9,896.8,0.0
2024-09-30 17:45:00,386.1,568.2,43.5,0.0,0.0,41.8,763.3,0.0
2024-09-30 18:00:00,248.0,411.6,5.7,0.0,0.0,52.0,648.9,0.0
2024-09-30 18:15:00,140.3,333.4,0.0,0.0,0.0,54.7,579.4,0.0
2024-09-30 18:30:00,147.7,403.9,22.2,0.0,0.0,64.3,389.9,0.0
2024-09-30 18:45:00,60.0,380.7,22.2,0.0,0.0,62.3,599.4,0.0
2024-09-30 19:00:00,150.3,446.8,14.1,0.0,0.0,57.3,711.5,0.0
2024-09-30 19:15:00,114.3,171.9,96.1,0.0,0.0,51.4,553.8,0.0
2024-09-30 19:30:00,53.9,79.6,96.1,0.0,0.0,51.3,456.0,0.0
2024-09-30 19:45:00,26.5,116.7,96.1,0.0,0.0,48.0,525.5,85.2
2024-09-30 20:00:00,208.7,249.1,76.2,0.0,19.4,50.0,560.4,0.0
2024-09-30 20:15:00,217.1,247.6,0.0,0.0,19.4,50.0,417.3,0.0
2024-09-30 20:30:00,169.0,407.1,0.0,0.0,18.8,50.0,395.6,0.0
2024-09-30 20:45:00,138.7,475.0,39.6,0.0,0.0,52.9,306.9,0.0
2024-09-30 21:00:00,213.7,500.7,80.9,6.8,0.0,50.0,597.9,0.0
2024-09-30 21:15:00,215.6,528.7,80.9,6.4,0.0,47.6,421.5,0.0
2024-09-30 21:30:00,253.7,666.7,134.2,5.0,0.0,53.6,406.8,0.0
2024-09-30 21:45:00,292.5,680.5,76.6,1594.7,0.0,48.6,460.9,0.0
2024-09-30 22:00:00,836.9,1673.2,2347.5,7224.7,24.0,62.8,608.9,27.0
2024-09-30 22:15:00,708.9,1741.9,2422.9,7199.2,24.0,65.6,729.8,27.0
2024-09-30 22:30:00,695.2,1876.9,2535.4,7480.4,24.0,65.6,609.3,66.5
2024-09-30 22:45:00,529.9,2349.2,2319.4,7401.9,24.0,71.4,613.8,66.5
2024-09-30 23:00:00,524.0,2284.5,2881.2,7306.4,24.0,75.9,482.8,51.8
2024-09-30 23:15:00,400.0,2129.6,2570.4,6977.5,19.9,64.7,611.2,0.0
2024-09-30 23:30:00,268.9,1944.2,2468.0,6427.2,5.7,62.3,642.2,0.0
2024-09-30 23:45:00,200.3,1108.7,1260.0,4125.7,4.8,24.3,353.9,0.0
2024-10-01 00:00:00,259.1,1938.3,2278.7,6143.5,5.7,52.6,656.9,0.0
2024-10-01 00:15:00,327.3,1918.0,3183.6,6822.9,11.7,45.0,620.2,0.0
2024-10-01 00:30:00,437.5,1929.9,3006.8,6602.4,11.7,45.0,820.4,0.0
2024-10-01 00:45:00,320.6,1773.7,2780.0,6627.0,11.7,45.0,826.7,0.0
2024-10-01 01:00:00,278.8,1607.6,2645.9,6902.5,11.7,48.4,909.4,0.0
2024-10-01 01:15:00,187.7,1339.2,2537.7,6666.9,11.7,48.4,773.9,0.0
2024-10-01 01:30:00,113.9,1212.7,2511.0,6326.2,11.7,47.6,771.2,0.0
2024-10-01 01:45:00,133.4,1198.2,2293.1,5595.4,11.7,41.5,611.5,0.0
2024-10-01 02:00:00,118.1,857.7,1729.4,4599.4,11.7,41.0,572.7,37.4
2024-10-01 02:15:00,82.1,853.4,870.8,3478.0,11.7,40.1,614.9,16.6
2024-10-01 02:30:00,112.0,773.8,588.3,2159.2,11.7,37.6,616.1,0.0
2024-10-01 02:45:00,80.1,802.5,409.7,1216.6,11.7,35.0,579.8,0.0
2024-10-01 03:00:00,132.4,737.7,277.6,592.0,11.7,35.0,608.1,0.0
2024-10-01 03:15:00,164.6,899.0,166.1,447.9,11.7,35.0,615.1,0.0
2024-10-01 03:30:00,182.2,750.8,185.2,247.7,11.7,38.2,787.0,0.0
2024-10-01 03:45:00,248.0,603.6,137.8,137.8,11.7,34.5,623.7,0.0
2024-10-01 04:00:00,245.7,530.1,75.0,29.0,11.7,31.3,628.2,0.0
2024-10-01 04:15:00,160.3,473.9,57.5,0.0,11.6,31.2,654.2,75.5
2024-10-01 04:30:00,108.3,557.5,35.6,0.0,6.0,25.9,764.0,75.5
2024-10-01 04:45:00,163.4,383.6,33.9,0.0,6.0,18.6,790.0,18.7
2024-10-01 05:00:00,36.7,551.0,33.9,0.0,0.8,18.6,799.9,0.0
2024-10-01 05:15:00,52.6,664.9,115.3,0.0,0.0,18.6,625.4,0.0
2024-10-01 05:30:00,225.2,394.1,90.5,0.0,0.0,18.6,614.3,0.0
2024-10-01 05:45:00,339.8,318.2,100.2,0.0,0.0,12.2,452.9,0.0
2024-10-01 06:00:00,294.9,349.4,35.3,0.0,0.0,11.4,586.8,0.0
2024-10-01 06:15:00,101.7,362.9,35.3,0.0,0.0,6.5,442.3,0.0
2024-10-01 06:30:00,74.5,304.1,25.8,0.0,0.0,6.5,437.6,0.0
2024-10-01 06:45:00,45.0,307.5,0.0,0.0,0.0,6.5,291.1,0.0
2024-10-01 07:00:00,33.4,629.3,0.0,0.0,0.0,6.5,567.0,0.0
2024-10-01 07:15:00,46.2,710.3,4.9,0.0,0.0,6.5,600.7,0.0
2024-10-01 07:30:00,89.4,570.6,19.6,0.0,0.0,10.7,543.9,29.5
2024-10-01 07:45:00,72.5,346.6,3.1,0.0,0.0,10.7,302.3,63.2
2024-10-01 08:00:00,69.9,210.3,36.4,0.0,0.0,10.7,425.3,47.2
2024-10-01 08:15:00,100.9,332.3,70.4,0.0,0.0,9.4,299.6,2.1
2024-10-01 08:30:00,50.5,416.0,47.4,0.0,0.0,4.8,503.0,0.0
2024-10-01 08:45:00,79.5,436.0,32.3,0.0,3.6,3.3,604.1,0.0
2024-10-01 09:00:00,17.4,334.4,12.5,0.0,3.6,3.3,764.4,0.0
2024-10-01 09:15:00,0.0,274.4,41.9,0.0,3.6,3.3,821.0,0.0
2024-10-01 09:30:00,0.0,364.7,32.3,0.0,3.6,3.3,663.8,0.0
2024-10-01 09:45:00,0.0,417.7,27.9,0.0,3.6,3.3,516.4,0.0
2024-10-01 10:00:00,0.0,361.3,0.0,0.0,7.1,3.3,453.2,0.0
2024-10-01 10:15:00,17.1,221.0,0.0,0.0,7.1,3.3,553.8,0.0
2024-10-01 10:30:00,13.9,233.4,23.9,0.0,7.1,3.3,628.8,0.0
2024-10-01 10:45:00,13.9,240.4,58.7,0.0,7.1,3.3,509.8,0.0
2024-10-01 11:00:00,46.3,473.1,37.9,0.0,7.1,6.9,429.7,0.0
2024-10-01 11:15:00,6.5,465.8,7.9,0.0,6.2,6.9,291.2,0.0
2024-10-01 11:30:00,0.0,226.6,26.0,0.0,3.4,4.3,119.4,0.0
2024-10-01 11:45:00,32.0,161.7,26.0,144.3,3.4,0.3,0.0,0.0
2024-10-01 12:00:00,12.8,173.0,26.0,144.3,3.4,0.0,150.7,0.0
2024-10-01 12:15:00,0.0,239.4,7.1,144.3,0.0,0.0,302.1,0.0
2024-10-01 12:30:00,23.6,224.7,34.5,93.6,0.0,0.0,170.0,0.0
2024-10-01 12:45:00,80.6,140.6,34.5,0.0,0.0,0.0,68.8,0.0
2024-10-01 13:00:00,249.6,211.6,43.9,0.0,0.0,0.0,303.7,0.0
2024-10-01 13:15:00,204.4,357.9,17.0,0.0,0.0,3.3,287.6,36.5
2024-10-01 13:30:00,189.5,568.0,17.0,0.0,0.0,3.3,269.4,1.5
2024-10-01 13:45:00,193.5,398.8,0.3,0.0,0.0,3.3,465.4,0.0
2024-10-01 14:00:00,93.2,433.8,0.0,0.0,0.0,3.3,403.5,31.6
2024-10-01 14:15:00,61.2,186.5,0.0,0.0,0.0,3.3,164.4,31.6
2024-10-01 14:30:00,154.1,287.8,0.0,0.0,0.0,2.5,324.2,60.9
2024-10-01 14:45:00,192.7,410.9,51.3,0.0,0.0,0.0,456.8,31.2
2024-10-01 15:00:00,176.6,602.3,73.6,0.0,0.0,0.0,504.6,61.7
2024-10-01 15:15:00,140.2,846.3,56.7,0.0,0.0,0.0,575.6,48.1
2024-10-01 15:30:00,207.9,675.5,122.9,0.0,0.0,0.0,764.3,0.0
2024-10-01 15:45:00,230.5,496.1,110.5,0.0,0.0,10.3,670.3,0.0
2024-10-01 16:00:00,213.9,351.1,123.0,0.0,0.0,20.4,635.1,0.0
2024-10-01 16:15:00,290.8,421.5,95.7,0.0,19.7,20.4,723.5,0.0
2024-10-01 16:30:00,367.3,477.9,68.7,0.0,19.7,20.4,860.9,0.0
2024-10-01 16:45:00,352.6,481.8,52.0,0.0,19.7,20.4,817.7,0.0
2024-10-01 17:00:00,372.5,488.8,11.8,0.0,19.7,27.1,715.4,0.0
2024-10-01 17:15:00,515.4,308.4,0.0,0.0,19.7,25.9,660.6,0.0
2024-10-01 17:30:00,440.5,255.1,0.0,0.0,19.7,29.3,662.6,0.0
2024-10-01 17:45:00,330.0,180.8,0.0,0.0,19.7,35.1,765.9,0.0
2024-10-01 18:00:00,163.4,176.9,0.0,0.0,19.7,35.1,699.8,0.0
2024-10-01 18:15:00,78.0,127.3,0.0,0.0,19.7,35.1,691.7,0.0
2024-10-01 18:30:00,40.6,173.3,0.0,0.0,8.7,40.9,352.0,0.0
2024-10-01 18:45:00,0.0,265.2,0.0,0.0,0.0,37.0,405.5,0.0
2024-10-01 19:00:00,47.2,297.2,67.4,0.0,0.0,33.8,321.4,0.0
2024-10-01 19:15:00,0.0,301.0,35.8,0.0,0.0,28.9,200.3,0.0
2024-10-01 19:30:00,243.7,361.3,7.2,0.0,0.0,24.6,224.1,0.0
2024-10-01 19:45:00,255.1,236.8,0.0,1.6,0.0,25.3,152.5,0.0
2024-10-01 20:00:00,265.4,299.4,14.8,0.0,0.0,41.3,279.4,0.0
2024-10-01 20:15:00,241.6,334.1,31.6,0.0,0.0,40.4,154.0,0.0
2024-10-01 20:30:00,75.8,257.3,31.6,0.0,0.0,44.7,154.0,0.0
2024-10-01 20:45:00,0.0,314.6,49.0,0.0,0.0,44.4,195.3,0.0
2024-10-01 21:00:00,197.9,486.3,19.9,0.0,17.4,38.7,153.0,0.0
2024-10-01 21:15:00,298.1,593.8,0.0,0.4,17.4,44.7,306.7,0.0
2024-10-01 21:30:00,243.4,441.4,0.0,0.4,23.8,49.4,158.6,0.0
2024-10-01 21:45:00,192.3,511.3,0.0,354.4,23.8,53.2,461.1,0.0
2024-10-01 22:00:00,419.3,1024.8,2252.0,5016.6,29.3,57.2,473.6,0.0
2024-10-01 22:15:00,550.4,1214.2,2273.2,5392.8,43.0,64.3,461.5,0.0
2024-10-01 22:30:00,429.6,1268.2,2360.3,6012.8,34.3,59.0,211.0,38.4
2024-10-01 22:45:00,426.9,1251.3,2887.2,6101.9,25.6,58.5,192.9,38.4
2024-10-01 23:00:00,366.1,1113.9,2689.6,6154.1,25.6,58.5,459.2,29.5
2024-10-01 23:15:00,601.0,981.3,2629.7,5419.8,30.6,58.5,614.9,0.0
2024-10-01 23:30:00,617.9,1091.3,2127.1,4799.5,26.8,65.4,796.7,34.6
2024-10-01 23:45:00,382.9,489.3,750.2,2464.8,11.8,40.6,266.3,8.8
2024-10-02 00:00:00,518.2,1296.7,1857.2,4602.0,16.9,63.3,803.8,34.6
2024-10-02 00:15:00,353.8,1376.3,1829.0,5454.0,16.9,59.3,642.9,34.6
2024-10-02 00:30:00,408.2,1616.6,1436.1,5745.4,16.9,51.9,578.9,34.6
2024-10-02 00:45:00,347.8,1634.4,1766.6,5558.4,16.9,51.3,288.5,65.0
2024-10-02 01:00:00,223.0,1220.2,1602.5,5712.3,16.9,48.2,457.9,56.3
2024-10-02 01:15:00,167.7,1049.7,1362.9,5336.2,33.1,48.2,618.2,26.2
2024-10-02 01:30:00,116.1,1101.5,1262.1,4595.6,33.1,55.3,884.8,0.0
2024-10-02 01:45:00,210.7,1080.1,1096.2,3402.4,33.1,50.6,763.0,0.0
2024-10-02 02:00:00,163.4,1015.3,798.8,2451.7,33.1,45.4,858.6,0.0
2024-10-02 02:15:00,103.9,888.6,481.6,1546.2,33.1,41.1,796.7,0.0
2024-10-02 02:30:00,72.9,927.4,258.4,1015.1,29.7,36.2,709.1,0.0
2024-10-02 02:45:00,66.2,790.7,165.5,571.0,27.6,35.1,613.0,0.0
2024-10-02 03:00:00,66.2,717.6,113.8,299.3,19.2,36.2,596.1,0.0
2024-10-02 03:15:00,53.3,600.3,109.8,97.6,11.4,36.2,611.0,0.0
2024-10-02 03:30:00,28.5,530.6,83.5,46.5,6.0,36.2,726.4,0.0
2024-10-02 03:45:00,25.6,455.4,97.5,0.0,0.0,34.8,781.0,0.0
2024-10-02 04:00:00,74.7,427.3,49.8,0.0,0.0,29.1,747.3,0.0
2024-10-02 04:15:00,172.5,327.7,35.7,0.0,0.0,29.1,678.5,0.0
2024-10-02 04:30:00,152.2,253.4,20.3,0.0,0.0,24.1,769.1,0.0
2024-10-02 04:45:00,168.5,201.4,20.3,0.0,0.0,17.5,1010.7,0.0
2024-10-02 05:00:00,203.0,176.7,20.3,0.0,0.0,15.2,1012.8,0.0
2024-10-02 05:15:00,232.1,393.8,71.9,0.0,0.0,14.6,840.5,0.0
2024-10-02 05:30:00,310.7,525.9,83.6,0.0,0.0,11.9,852.2,0.0
2024-10-02 05:45:00,186.0,467.9,83.6,0.0,0.0,11.9,698.3,0.0
2024-10-02 06:00:00,134.5,485.7,49.8,0.0,0.0,11.9,420.7,0.0
2024-10-02 06:15:00,133.4,524.0,12.3,0.0,0.0,9.6,82.0,0.0
2024-10-02 06:30:00,143.7,378.6,0.0,0.0,0.0,1.0,152.8,0.0
2024-10-02 06:45:00,164.5,347.0,0.0,0.0,0.0,1.0,433.0,0.0
2024-10-02 07:00:00,58.0,286.8,0.0,0.0,3.2,1.0,374.1,0.0
2024-10-02 07:15:00,54.1,197.1,24.1,0.0,3.2,1.0,122.5,0.0
2024-10-02 07:30:00,135.6,209.0,58.2,0.0,3.2,1.0,0.0,0.0
2024-10-02 07:45:00,98.4,144.6,40.8,0.0,3.2,1.0,153.6,0.0
2024-10-02 08:00:00,64.6,78.7,32.5,0.0,3.2,1.0,153.6,0.0
2024-10-02 08:15:00,36.1,59.2,26.6,0.0,3.2,0.2,153.6,0.0
2024-10-02 08:30:00,23.8,180.9,71.2,0.0,6.3,0.0,35.2,0.0
2024-10-02 08:45:00,23.8,230.4,71.2,0.0,6.3,0.0,152.9,0.0
2024-10-02 09:00:00,98.6,179.2,33.3,0.0,6.3,0.0,152.9,0.0
2024-10-02 09:15:00,25.7,269.4,0.0,0.0,6.3,0.0,152.9,0.0
2024-10-02 09:30:00,1.0,234.4,0.0,0.0,6.3,0.0,367.7,0.0
2024-10-02 09:45:00,48.7,145.2,0.0,0.0,6.3,0.0,608.1,0.0
2024-10-02 10:00:00,35.7,96.3,0.0,0.0,5.5,3.0,692.6,0.0
2024-10-02 10:15:00,14.2,108.9,0.0,0.0,3.1,3.0,909.8,0.0
2024-10-02 10:30:00,55.4,114.6,0.0,0.0,3.1,3.0,767.7,0.0
2024-10-02 10:45:00,14.2,120.5,0.0,0.0,3.1,1.9,644.4,0.0
2024-10-02 11:00:00,63.6,103.9,0.0,0.0,5.2,0.0,452.3,0.0
2024-10-02 11:15:00,115.7,140.6,0.0,0.0,5.2,0.0,608.9,0.0
2024-10-02 11:30:00,137.6,171.4,18.5,0.0,5.2,12.7,411.1,0.0
2024-10-02 11:45:00,147.9,133.5,64.0,212.7,5.2,12.7,160.0,0.0
2024-10-02 12:00:00,142.9,153.2,83.9,212.7,5.2,22.7,304.4,0.0
2024-10-02 12:15:00,94.0,294.7,60.4,212.7,5.2,22.7,611.6,0.0
2024-10-02 12:30:00,55.8,308.5,85.6,212.7,5.2,29.4,764.2,0.0
2024-10-02 12:45:00,85.1,286.8,50.2,212.7,4.2,29.4,891.4,0.0
2024-10-02 13:00:00,76.2,393.4,30.5,75.9,3.1,29.4,832.4,0.0
2024-10-02 13:15:00,76.2,463.2,0.0,0.0,3.1,27.4,589.8,0.0
2024-10-02 13:30:00,80.3,155.1,0.0,0.0,3.1,20.0,611.4,36.4
2024-10-02 13:45:00,33.6,92.1,27.8,0.0,4.7,19.4,624.9,36.4
2024-10-02 14:00:00,87.6,137.8,68.4,0.0,3.0,19.4,747.0,36.4
2024-10-02 14:15:00,49.2,140.3,68.4,0.0,3.0,19.4,826.4,36.4
2024-10-02 14:30:00,129.8,265.8,53.7,0.0,22.7,19.4,882.1,18.3
2024-10-02 14:45:00,109.8,361.9,116.8,0.0,22.7,19.4,769.2,0.0
2024-10-02 15:00:00,177.8,477.8,0.0,0.0,22.7,19.4,836.9,0.0
2024-10-02 15:15:00,222.1,635.2,105.0,0.0,22.7,29.7,788.1,0.0
2024-10-02 15:30:00,234.3,593.3,105.0,0.0,22.7,33.0,766.1,0.0
2024-10-02 15:45:00,278.1,670.4,105.0,14.0,11.3,32.2,854.8,0.0
2024-10-02 16:00:00,397.2,549.6,114.5,0.0,3.0,29.3,750.5,0.0
2024-10-02 16:15:00,436.5,457.4,139.5,0.0,3.0,29.3,898.0,0.0
2024-10-02 16:30:00,332.9,371.5,131.4,0.0,2.2,29.3,978.3,0.0
2024-10-02 16:45:00,206.3,423.6,85.8,0.0,0.0,28.7,728.0,0.0
2024-10-02 17:00:00,98.3,478.4,50.5,0.0,0.0,26.0,681.1,0.0
2024-10-02 17:15:00,38.7,390.2,14.0,0.0,0.0,31.6,810.3,0.0
2024-10-02 17:30:00,51.7,284.6,0.0,0.0,0.0,29.5,955.7,0.0
2024-10-02 17:45:00,24.0,153.0,32.6,0.0,0.0,27.7,682.4,0.0
2024-10-02 18:00:00,28.4,132.1,32.6,0.0,0.0,22.2,596.1,0.0
2024-10-02 18:15:00,42.7,193.1,32.6,0.0,0.0,19.4,354.8,0.0
2024-10-02 18:30:00,42.7,141.8,17.7,0.0,0.0,28.3,184.1,0.0
2024-10-02 18:45:00,16.1,289.7,0.0,0.0,0.0,29.7,307.6,0.0
2024-10-02 19:00:00,202.0,209.4,0.0,0.0,0.0,31.5,454.0,0.0
2024-10-02 19:15:00,189.3,293.4,0.0,0.0,16.0,31.5,637.3,0.0
2024-10-02 19:30:00,82.7,182.8,0.0,0.0,16.0,36.6,467.9,0.0
2024-10-02 19:45:00,7.8,170.7,0.0,0.0,16.0,36.5,460.6,0.0
2024-10-02 20:00:00,35.9,112.6,0.0,0.0,16.0,41.7,287.3,0.0
2024-10-02 20:15:00,35.9,141.4,0.0,0.0,16.0,41.6,438.9,0.0
2024-10-02 20:30:00,20.9,227.5,0.0,41.2,16.0,43.9,453.6,23.9
2024-10-02 20:45:00,53.5,336.9,0.0,41.2,16.0,50.8,526.8,23.9
2024-10-02 21:00:00,258.1,355.5,17.0,41.4,16.0,50.8,451.3,23.9
2024-10-02 21:15:00,351.9,291.3,92.9,42.2,16.0,54.2,434.4,8.0
2024-10-02 21:30:00,364.2,443.0,84.9,41.2,16.0,61.1,410.9,0.0
2024-10-02 21:45:00,219.9,497.0,43.4,1610.0,0.6,58.4,425.8,23.4
2024-10-02 22:00:00,718.2,854.8,2074.2,4351.2,14.9,66.9,441.0,23.4
2024-10-02 22:15:00,831.1,1129.6,2155.1,5339.4,28.7,66.9,586.6,10.1
2024-10-02 22:30:00,748.1,1269.0,2198.8,6280.7,28.7,82.4,571.2,0.0
2024-10-02 22:45:00,500.2,1265.5,2971.5,6527.9,28.7,80.2,520.0,0.0
2024-10-02 23:00:00,247.9,1187.1,2586.8,6179.1,20.7,86.9,401.4,0.0
2024-10-02 23:15:00,190.5,1096.7,2281.5,5329.2,19.9,85.5,551.5,0.0
2024-10-02 23:30:00,259.8,1109.9,1763.5,4488.1,19.9,81.7,731.7,0.0
2024-10-02 23:45:00,88.6,726.0,718.9,2738.9,11.0,41.3,362.7,23.0
2024-10-03 00:00:00,245.6,1438.0,1822.6,4624.6,19.9,81.7,847.0,27.4
2024-10-03 00:15:00,310.1,1485.7,1895.5,4860.4,19.9,88.4,816.8,27.4
2024-10-03 00:30:00,243.1,1444.4,1781.9,4574.1,19.9,88.4,721.9,27.4
2024-10-03 00:45:00,279.1,1310.3,1863.7,5038.4,37.3,87.6,676.4,16.5
2024-10-03 01:00:00,241.1,1285.6,1669.4,5599.8,27.4,82.5,733.9,0.0
2024-10-03 01:15:00,266.6,1158.7,1511.7,5226.4,23.6,75.3,702.7,0.0
2024-10-03 01:30:00,153.3,1204.4,1499.9,4584.4,23.6,64.2,676.5,0.0
2024-10-03 01:45:00,85.5,1198.7,1225.3,3754.2,23.6,57.8,557.9,43.9
2024-10-03 02:00:00,79.4,1130.7,948.9,2932.2,23.6,52.6,650.0,24.9
2024-10-03 02:15:00,164.8,1085.4,663.9,2098.5,23.6,43.9,761.6,0.0
2024-10-03 02:30:00,200.2,842.6,478.2,1310.2,23.6,43.9,684.5,0.0
2024-10-03 02:45:00,185.6,689.0,309.5,780.4,21.3,33.0,482.5,0.0
2024-10-03 03:00:00,164.7,544.8,248.8,404.8,6.2,23.4,575.9,0.0
2024-10-03 03:15:00,163.3,449.5,184.0,135.5,6.2,18.0,495.2,0.0
2024-10-03 03:30:00,114.7,383.9,66.4,55.9,6.2,14.3,200.6,0.0
2024-10-03 03:45:00,67.6,378.2,87.3,51.4,6.2,11.0,103.7,0.0
2024-10-03 04:00:00,19.8,350.2,81.1,0.0,6.2,11.0,306.1,0.0
2024-10-03 04:15:00,86.1,349.2,121.8,0.0,6.2,11.0,306.1,0.0
2024-10-03 04:30:00,79.3,274.5,142.8,0.0,6.2,11.0,528.8,0.0
2024-10-03 04:45:00,61.0,201.6,130.7,0.0,6.2,11.0,589.2,0.0
2024-10-03 05:00:00,81.7,176.5,91.5,0.0,6.2,6.8,713.0,0.0
2024-10-03 05:15:00,136.0,214.5,65.5,0.0,6.2,4.3,688.5,0.0
2024-10-03 05:30:00,155.5,245.9,50.2,0.0,6.2,4.3,727.4,0.0
2024-10-03 05:45:00,256.2,339.0,30.2,0.0,3.7,4.3,659.8,0.0
2024-10-03 06:00:00,130.1,294.3,19.9,0.0,0.0,4.3,671.8,0.0
2024-10-03 06:15:00,83.3,357.8,13.6,0.0,0.0,4.3,516.7,0.0
2024-10-03 06:30:00,58.2,457.8,0.0,0.0,0.0,7.7,424.3,0.0
2024-10-03 06:45:00,59.7,494.1,0.0,0.0,0.0,7.7,109.1,0.0
2024-10-03 07:00:00,119.8,492.6,0.0,0.0,0.0,7.7,298.3,0.0
2024-10-03 07:15:00,75.3,460.4,0.0,0.0,0.0,7.7,451.2,0.0
2024-10-03 07:30:00,163.9,379.5,74.2,0.0,19.0,14.4,438.8,0.0
2024-10-03 07:45:00,78.7,370.0,74.2,0.0,19.0,12.9,593.5,0.0
2024-10-03 08:00:00,94.3,311.8,46.6,0.0,19.0,11.4,727.6,0.0
2024-10-03 08:15:00,46.4,129.1,36.2,0.0,19.0,11.4,557.2,0.0
2024-10-03 08:30:00,17.5,120.3,8.5,0.0,19.0,11.4,233.8,0.0
2024-10-03 08:45:00,7.0,137.9,0.0,0.0,10.4,10.8,152.2,0.0
2024-10-03 09:00:00,0.0,251.9,0.0,0.0,0.0,6.8,152.2,0.0
2024-10-03 09:15:00,113.8,150.0,0.0,0.0,0.0,6.7,96.4,0.0
2024-10-03 09:30:00,276.2,190.9,0.0,0.0,0.0,6.7,0.0,0.0
2024-10-03 09:45:00,156.8,185.1,0.0,0.0,0.0,4.2,153.7,0.0
2024-10-03 10:00:00,154.4,160.0,0.0,0.0,0.0,3.2,462.9,0.0
2024-10-03 10:15:00,61.1,148.5,0.0,0.0,0.0,3.2,765.1,0.0
2024-10-03 10:30:00,7.2,69.7,0.0,0.0,0.0,3.2,748.0,0.0
2024-10-03 10:45:00,121.4,45.9,0.0,0.0,0.0,3.2,598.4,0.0
2024-10-03 11:00:00,177.7,80.8,21.3,0.0,0.0,6.9,280.2,0.0
2024-10-03 11:15:00,132.9,188.8,86.9,0.0,0.0,6.7,462.0,0.0
2024-10-03 11:30:00,75.8,184.5,44.2,0.0,0.0,6.7,632.2,0.0
2024-10-03 11:45:00,11.0,267.8,36.4,0.0,0.0,6.7,768.3,0.0
2024-10-03 12:00:00,58.3,337.5,202.4,0.0,0.0,6.7,743.5,0.0
2024-10-03 12:15:00,11.7,291.0,133.5,0.0,0.0,6.7,792.9,0.0
2024-10-03 12:30:00,100.5,282.3,57.6,0.0,0.0,6.7,906.6,0.0
2024-10-03 12:45:00,78.4,167.5,57.6,0.0,0.0,6.7,770.3,0.0
2024-10-03 13:00:00,94.2,318.2,57.6,0.0,0.0,6.7,828.8,0.0
2024-10-03 13:15:00,68.2,346.3,97.8,71.7,0.0,1.5,812.2,0.0
2024-10-03 13:30:00,94.1,405.6,68.1,141.1,0.0,6.9,812.8,0.0
2024-10-03 13:45:00,169.4,414.1,87.5,141.1,0.0,6.9,884.6,0.0
2024-10-03 14:00:00,93.0,420.7,184.2,141.1,0.0,6.9,876.0,0.0
2024-10-03 14:15:00,153.8,263.2,83.3,140.7,0.0,6.9,929.7,0.0
2024-10-03 14:30:00,333.8,206.3,88.1,69.4,0.0,6.9,823.1,0.0
2024-10-03 14:45:00,353.7,334.4,99.2,37.5,0.0,6.9,827.0,0.0
2024-10-03 15:00:00,420.0,284.3,52.2,0.0,0.0,6.9,766.3,0.0
2024-10-03 15:15:00,441.9,365.1,5.1,0.0,0.0,6.9,930.9,0.0
2024-10-03 15:30:00,306.2,523.2,33.5,0.0,0.0,6.9,754.5,0.0
2024-10-03 15:45:00,218.5,680.9,33.5,0.0,0.0,6.9,642.0,47.9
2024-10-03 16:00:00,249.2,970.8,93.7,0.0,0.0,6.9,631.4,47.9
2024-10-03 16:15:00,336.9,814.0,86.1,0.0,0.0,10.2,746.2,75.0
2024-10-03 16:30:00,459.4,583.6,124.6,0.0,0.0,10.2,736.3,61.9
2024-10-03 16:45:00,396.1,645.8,50.4,0.0,0.0,14.8,796.6,70.2
2024-10-03 17:00:00,201.1,578.4,81.0,0.0,0.0,14.8,894.7,0.0
2024-10-03 17:15:00,162.9,218.7,105.1,0.0,0.0,14.8,768.7,0.0
2024-10-03 17:30:00,142.2,198.6,157.7,0.0,0.0,21.8,828.1,0.0
2024-10-03 17:45:00,65.0,198.0,87.1,0.0,0.0,21.8,596.7,0.0
2024-10-03 18:00:00,72.3,208.9,17.6,0.0,0.0,28.9,542.8,0.0
2024-10-03 18:15:00,45.0,137.2,0.0,0.0,0.0,28.9,298.3,0.0
2024-10-03 18:30:00,26.5,31.6,0.0,0.0,0.0,24.9,82.5,0.0
2024-10-03 18:45:00,49.4,145.8,0.0,0.0,0.0,16.3,302.9,0.0
2024-10-03 19:00:00,109.6,34.5,0.0,0.0,19.7,11.6,455.7,0.0
2024-10-03 19:15:00,75.2,83.4,0.0,0.0,20.1,22.0,433.7,0.0
2024-10-03 19:30:00,108.2,197.4,0.0,0.0,19.7,22.0,231.3,0.0
2024-10-03 19:45:00,61.1,287.5,0.0,0.0,26.0,22.0,101.1,0.0
2024-10-03 20:00:00,0.0,327.8,0.0,0.0,29.8,22.0,152.0,0.0
2024-10-03 20:15:00,40.8,312.8,0.0,0.0,26.6,22.0,152.0,0.0
2024-10-03 20:30:00,127.3,188.3,0.0,0.0,26.6,23.1,60.5,0.0
2024-10-03 20:45:00,105.2,177.3,0.0,41.0,11.7,23.1,153.8,0.0
2024-10-03 21:00:00,104.0,430.2,20.1,41.6,6.9,23.1,153.8,0.0
2024-10-03 21:15:00,131.1,367.3,20.1,41.2,6.9,35.3,103.9,0.0
2024-10-03 21:30:00,109.9,334.1,14.7,98.6,6.9,31.8,153.8,0.0
2024-10-03 21:45:00,156.3,354.1,0.0,1331.8,6.9,36.2,306.3,0.0
2024-10-03 22:00:00,579.1,618.4,2081.4,4792.3,12.8,46.6,299.3,28.8
2024-10-03 22:15:00,768.8,808.8,2175.0,5590.4,17.7,46.6,141.0,28.8
2024-10-03 22:30:00,727.6,1173.4,2305.6,5854.1,22.4,54.3,153.0,13.2
2024-10-03 22:45:00,580.1,1347.4,3063.0,5680.1,22.4,53.1,305.7,0.0
2024-10-03 23:00:00,425.9,1163.1,2719.2,5481.3,22.3,53.1,611.7,0.0
2024-10-03 23:15:00,353.3,1301.1,2567.6,5072.9,22.3,51.7,683.9,0.0
2024-10-03 23:30:00,343.1,1360.2,2420.5,4272.2,22.3,53.5,810.4,0.0
2024-10-03 23:45:00,140.2,559.1,1002.7,1853.8,11.5,26.7,432.6,0.0
2024-10-04 00:00:00,236.9,1335.9,2118.4,3872.0,18.1,53.5,918.5,0.0
2024-10-04 00:15:00,243.9,1521.3,1966.0,4038.6,15.5,47.3,963.6,0.0
2024-10-04 00:30:00,212.1,1225.2,1352.7,4359.9,15.5,36.7,819.5,0.0
2024-10-04 00:45:00,283.3,1213.6,1641.0,5282.2,15.5,35.1,807.5,0.0
2024-10-04 01:00:00,220.1,993.6,1458.0,5716.8,15.5,27.4,883.3,0.0
2024-10-04 01:15:00,235.8,949.8,1297.6,5503.2,15.2,25.5,956.8,0.0
2024-10-04 01:30:00,198.7,1329.6,1096.2,4775.7,10.8,25.5,812.5,0.0
2024-10-04 01:45:00,70.9,1110.3,818.0,3970.2,10.8,25.5,560.9,0.0
2024-10-04 02:00:00,105.0,1061.1,598.9,3249.3,10.8,25.5,641.8,0.0
2024-10-04 02:15:00,166.4,774.3,408.8,2487.5,10.8,25.5,828.5,0.0
2024-10-04 02:30:00,150.9,681.1,255.4,1822.3,10.8,25.5,766.3,0.0
2024-10-04 02:45:00,87.8,590.2,222.1,924.2,10.8,25.5,563.6,0.0
2024-10-04 03:00:00,105.9,516.6,166.8,495.8,10.8,16.1,459.1,0.0
2024-10-04 03:15:00,51.3,495.7,179.6,251.4,10.8,11.5,445.2,0.0
2024-10-04 03:30:00,123.1,374.8,129.5,129.9,10.6,10.7,303.1,0.0
2024-10-04 03:45:00,82.1,361.3,129.5,9.6,4.7,8.2,412.7,0.0
2024-10-04 04:00:00,111.1,242.5,131.7,0.0,4.7,8.2,603.0,0.0
2024-10-04 04:15:00,109.0,258.3,114.3,0.0,2.7,8.2,787.0,0.0
2024-10-04 04:30:00,160.6,352.0,76.3,0.0,0.0,8.2,586.9,0.0
2024-10-04 04:45:00,184.7,282.0,58.8,0.0,0.0,8.2,762.4,0.0
2024-10-04 05:00:00,118.6,363.3,74.0,0.0,0.0,8.2,594.3,0.0
2024-10-04 05:15:00,98.9,341.5,72.5,0.0,0.0,5.2,414.6,0.0
2024-10-04 05:30:00,204.6,307.9,72.5,0.0,0.0,1.1,133.8,0.0
2024-10-04 05:45:00,192.3,282.3,33.0,0.0,0.0,1.1,0.0,0.0
2024-10-04 06:00:00,185.1,195.7,14.3,0.0,0.0,1.1,154.5,0.0
2024-10-04 06:15:00,214.4,427.1,14.3,0.0,0.0,1.1,454.8,0.0
2024-10-04 06:30:00,212.9,544.8,0.6,0.0,0.0,1.1,454.8,0.0
2024-10-04 06:45:00,75.6,573.1,0.0,0.0,0.0,1.1,581.9,0.0
2024-10-04 07:00:00,96.1,459.0,29.9,0.0,0.0,1.1,352.8,0.0
2024-10-04 07:15:00,6.5,412.2,56.9,0.0,0.0,1.1,370.7,0.0
2024-10-04 07:30:00,80.5,524.6,102.3,0.0,0.0,1.1,356.5,0.0
2024-10-04 07:45:00,21.1,468.5,53.3,0.0,0.0,1.1,462.6,0.0
2024-10-04 08:00:00,19.6,337.0,0.0,0.0,0.0,4.4,580.3,0.0
2024-10-04 08:15:00,30.4,274.7,0.0,0.0,0.0,7.0,734.5,0.0
2024-10-04 08:30:00,83.0,236.9,0.0,0.0,0.0,7.0,626.6,0.0
2024-10-04 08:45:00,142.2,239.3,0.0,0.0,0.0,13.4,414.6,0.0
2024-10-04 09:00:00,95.0,317.0,0.0,0.0,0.0,13.4,272.3,0.0
2024-10-04 09:15:00,81.7,320.1,0.0,0.0,5.1,20.1,307.2,0.0
2024-10-04 09:30:00,19.4,291.2,0.0,0.0,5.1,20.1,575.5,0.0
2024-10-04 09:45:00,0.0,268.7,0.0,0.0,5.1,20.1,439.7,0.0
2024-10-04 10:00:00,28.1,196.8,0.0,0.0,5.1,14.1,183.8,0.0
2024-10-04 10:15:00,30.9,205.8,0.0,0.0,5.1,7.6,202.4,0.0
2024-10-04 10:30:00,70.0,286.7,0.0,0.0,5.1,1.1,304.7,0.0
2024-10-04 10:45:00,65.4,286.6,0.0,0.0,5.1,7.7,269.9,0.0
2024-10-04 11:00:00,180.2,229.5,39.3,0.0,2.2,7.7,252.0,0.0
2024-10-04 11:15:00,196.6,153.7,39.3,0.0,0.0,7.7,284.9,0.0
2024-10-04 11:30:00,119.0,170.2,39.3,0.0,1.9,7.7,227.4,0.0
2024-10-04 11:45:00,72.6,201.1,34.2,0.0,1.9,7.7,287.3,0.0
2024-10-04 12:00:00,26.6,188.5,113.7,0.0,1.9,14.6,526.1,0.0
2024-10-04 12:15:00,61.8,207.6,107.5,0.0,1.9,13.7,766.8,0.0
2024-10-04 12:30:00,25.4,262.6,57.4,144.4,8.9,13.5,911.0,0.0
2024-10-04 12:45:00,54.7,175.4,25.8,218.2,14.4,13.5,816.4,0.0
2024-10-04 13:00:00,0.0,228.0,2.8,218.2,14.0,13.5,898.7,0.0
2024-10-04 13:15:00,160.5,189.4,36.3,216.4,12.5,13.5,890.2,0.0
2024-10-04 13:30:00,89.6,169.8,35.7,73.7,12.5,13.5,844.1,0.0
2024-10-04 13:45:00,53.2,142.9,0.0,4.3,12.5,13.5,889.6,0.0
2024-10-04 14:00:00,7.1,182.1,0.0,0.0,12.5,13.5,793.4,0.0
2024-10-04 14:15:00,67.1,421.4,0.0,0.0,12.5,16.7,781.7,0.0
2024-10-04 14:30:00,247.3,448.0,27.7,0.0,12.5,16.7,832.0,0.0
2024-10-04 14:45:00,180.4,542.2,27.7,0.0,11.7,16.7,779.2,0.0
2024-10-04 15:00:00,213.5,673.5,27.7,0.0,7.0,17.2,924.3,0.0
2024-10-04 15:15:00,327.0,630.7,9.7,0.0,7.0,16.8,945.6,0.0
2024-10-04 15:30:00,180.4,588.6,75.0,0.0,7.0,20.1,833.5,0.0
2024-10-04 15:45:00,180.5,582.9,41.8,0.0,7.0,20.1,613.9,0.0
2024-10-04 16:00:00,100.8,639.8,15.5,0.0,7.0,20.5,562.7,0.0
2024-10-04 16:15:00,13.8,631.0,57.2,0.0,7.0,23.8,677.1,0.0
2024-10-04 16:30:00,273.0,528.7,107.0,0.0,7.0,17.0,913.8,0.0
2024-10-04 16:45:00,423.5,412.5,141.7,0.0,6.2,17.0,911.5,0.0
2024-10-04 17:00:00,362.2,432.2,112.7,0.0,19.1,13.5,912.5,0.0
2024-10-04 17:15:00,192.3,412.0,106.1,0.0,19.1,12.6,682.4,0.0
2024-10-04 17:30:00,65.3,250.3,142.0,0.0,19.1,12.6,734.0,0.0
2024-10-04 17:45:00,6.7,180.2,66.8,0.0,19.1,19.4,773.3,0.0
2024-10-04 18:00:00,0.0,131.1,53.5,0.0,19.1,19.4,573.7,0.0
2024-10-04 18:15:00,0.0,249.6,19.5,0.0,2.3,27.9,229.7,0.0
2024-10-04 18:30:00,37.9,319.7,0.0,0.0,0.0,27.9,151.8,0.0
2024-10-04 18:45:00,87.6,247.3,0.0,0.0,0.0,27.9,151.8,0.0
2024-10-04 19:00:00,93.7,94.8,0.0,0.0,0.0,34.6,91.6,39.4
2024-10-04 19:15:00,172.0,145.0,0.0,0.0,0.0,36.4,0.0,39.4
2024-10-04 19:30:00,151.6,64.0,0.0,0.0,0.0,42.9,306.3,12.0
2024-10-04 19:45:00,131.6,156.4,0.0,0.0,0.0,42.4,442.7,42.2
2024-10-04 20:00:00,41.5,153.4,0.0,0.0,0.0,36.1,726.7,42.2
2024-10-04 20:15:00,49.6,217.3,0.0,0.0,0.0,42.8,458.8,18.4
2024-10-04 20:30:00,34.0,263.8,0.0,0.0,0.0,40.2,687.1,0.0
2024-10-04 20:45:00,63.4,446.9,0.0,2.8,0.0,37.3,464.3,0.0
2024-10-04 21:00:00,162.1,496.3,87.1,0.0,0.0,36.1,730.7,26.1
2024-10-04 21:15:00,199.2,350.4,111.1,91.5,0.0,50.8,586.0,22.3
2024-10-04 21:30:00,207.1,233.3,88.3,91.5,0.0,50.8,578.4,0.0
2024-10-04 21:45:00,104.9,290.9,88.3,838.7,0.0,50.8,459.6,0.0
2024-10-04 22:00:00,167.4,764.1,2303.0,4509.3,24.7,69.6,565.8,58.0
2024-10-04 22:15:00,423.3,939.3,2442.1,4989.5,30.8,80.0,585.3,4.4
2024-10-04 22:30:00,485.5,1219.5,2388.8,5188.3,30.8,80.0,667.8,0.0
2024-10-04 22:45:00,402.4,1383.0,2937.3,5146.3,30.8,85.5,567.6,0.0
2024-10-04 23:00:00,231.6,1441.6,2664.6,5621.1,30.8,80.0,707.6,0.0
2024-10-04 23:15:00,231.0,1500.1,2604.6,5153.2,30.8,86.7,709.8,0.0
2024-10-04 23:30:00,113.2,1284.9,2510.9,4479.5,22.3,81.8,596.7,0.0
2024-10-04 23:45:00,106.4,674.4,791.2,2225.3,5.4,51.9,267.8,0.0
2024-10-05 00:00:00,122.6,1433.2,1802.6,4783.9,18.8,74.3,640.4,0.0
2024-10-05 00:15:00,145.7,1240.7,1980.1,5131.9,18.8,73.8,760.3,0.0
2024-10-05 00:30:00,92.3,1298.1,1921.2,5451.5,18.8,73.8,673.9,0.0
2024-10-05 00:45:00,92.7,1518.1,1751.7,5445.0,18.8,70.4,561.8,0.0
2024-10-05 01:00:00,154.7,1444.6,1418.8,5701.3,18.8,57.7,581.7,0.0
2024-10-05 01:15:00,147.5,1460.8,1233.5,5190.3,18.8,50.6,577.9,0.0
2024-10-05 01:30:00,268.0,1312.2,1031.3,4523.3,18.8,50.6,700.7,0.0
2024-10-05 01:45:00,282.5,1223.3,787.5,3770.4,18.8,50.6,742.4,28.4
2024-10-05 02:00:00,212.5,1296.6,615.0,3092.5,18.8,49.6,727.8,28.4
2024-10-05 02:15:00,116.4,1232.5,334.3,2223.8,18.8,48.3,561.7,28.4
2024-10-05 02:30:00,132.0,1141.0,144.6,1657.6,18.8,42.1,411.7,11.7
2024-10-05 02:45:00,52.3,817.7,144.6,1198.1,18.8,41.9,555.4,0.0
2024-10-05 03:00:00,165.7,608.8,160.1,713.2,18.8,41.9,724.6,0.0
2024-10-05 03:15:00,169.8,555.1,207.0,161.6,13.4,34.3,685.9,0.0
2024-10-05 03:30:00,69.4,342.3,211.7,73.5,12.8,28.4,586.1,0.0
2024-10-05 03:45:00,50.5,314.8,185.7,48.3,12.8,28.4,436.7,0.0
2024-10-05 04:00:00,53.8,218.3,165.2,0.0,8.3,28.4,610.5,0.0
2024-10-05 04:15:00,148.1,229.3,136.0,0.0,6.7,28.4,461.6,0.0
2024-10-05 04:30:00,146.1,179.9,13.9,0.0,6.7,28.4,484.2,0.0
2024-10-05 04:45:00,127.7,151.1,0.0,0.0,6.7,28.4,152.2,0.0
2024-10-05 05:00:00,133.8,200.1,0.0,0.0,6.7,28.4,269.1,0.0
2024-10-05 05:15:00,145.5,264.4,0.0,0.0,6.7,28.4,306.5,0.0
2024-10-05 05:30:00,170.2,302.3,29.8,0.0,6.7,28.4,586.0,0.0
2024-10-05 05:45:00,163.7,283.0,29.8,0.0,5.7,35.1,754.2,0.0
2024-10-05 06:00:00,95.9,297.2,24.0,0.0,0.0,33.6,683.8,0.0
2024-10-05 06:15:00,100.4,384.4,0.0,0.0,0.0,28.0,578.1,0.0
2024-10-05 06:30:00,127.0,383.4,0.0,0.0,0.0,28.0,460.2,0.0
2024-10-05 06:45:00,119.8,375.4,0.0,0.0,0.0,28.0,529.9,0.0
2024-10-05 07:00:00,103.9,529.3,25.6,0.0,0.0,28.0,626.9,0.0
2024-10-05 07:15:00,103.9,562.4,25.9,0.0,0.0,25.3,750.3,0.0
2024-10-05 07:30:00,46.5,393.0,79.4,0.0,0.0,20.9,731.7,0.0
2024-10-05 07:45:00,108.8,479.4,60.9,0.0,0.0,11.1,748.6,0.0
2024-10-05 08:00:00,254.1,383.5,12.1,0.0,0.0,4.7,716.1,0.0
2024-10-05 08:15:00,220.9,223.3,0.0,0.0,0.0,0.0,693.3,0.0
2024-10-05 08:30:00,140.2,203.2,0.0,0.0,0.0,0.0,752.9,0.0
2024-10-05 08:45:00,72.9,293.1,0.0,0.0,0.0,0.0,595.0,0.0
2024-10-05 09:00:00,161.7,198.9,0.0,0.0,0.0,0.0,579.2,0.0
2024-10-05 09:15:00,137.9,209.2,0.0,0.0,0.0,0.0,613.4,0.0
2024-10-05 09:30:00,138.1,120.5,0.0,0.0,0.0,0.0,879.6,0.0
2024-10-05 09:45:00,138.1,144.7,0.0,0.0,0.0,0.0,890.9,0.0
2024-10-05 10:00:00,98.0,114.2,0.0,0.0,0.0,0.0,700.9,0.0
2024-10-05 10:15:00,50.3,125.5,0.0,0.0,0.0,0.0,692.2,0.0
2024-10-05 10:30:00,0.0,88.3,0.0,0.0,0.0,0.0,439.2,0.0
2024-10-05 10:45:00,0.0,142.2,0.0,0.0,0.0,0.0,263.6,0.0
2024-10-05 11:00:00,0.0,180.5,0.0,0.0,0.0,0.0,455.6,0.0
2024-10-05 11:15:00,0.0,179.2,0.0,0.0,0.0,0.0,498.8,0.0
2024-10-05 11:30:00,0.0,321.8,0.0,0.0,0.0,13.7,573.8,0.0
2024-10-05 11:45:00,85.5,318.9,54.3,0.0,0.0,13.7,389.1,0.0
2024-10-05 12:00:00,168.4,278.4,128.3,72.7,2.6,13.7,251.2,0.0
2024-10-05 12:15:00,149.6,210.7,89.4,274.2,2.6,13.7,300.0,0.0
2024-10-05 12:30:00,127.7,196.0,46.0,274.2,2.6,13.7,506.3,0.0
2024-10-05 12:45:00,97.6,291.5,39.8,274.2,2.6,13.7,714.5,0.0
2024-10-05 13:00:00,152.2,260.9,49.4,274.2,5.8,13.7,836.2,0.0
2024-10-05 13:15:00,104.7,360.9,38.2,269.6,5.8,16.7,695.0,0.0
2024-10-05 13:30:00,125.9,304.8,29.2,137.0,5.8,16.7,538.7,0.0
2024-10-05 13:45:00,188.5,260.8,29.2,82.6,5.8,16.7,283.4,0.0
2024-10-05 14:00:00,166.2,131.6,8.1,72.7,5.8,21.2,77.5,0.0
2024-10-05 14:15:00,185.6,139.5,0.0,18.1,5.8,24.2,300.6,0.0
2024-10-05 14:30:00,307.6,119.2,31.9,0.0,4.4,27.5,454.4,0.0
2024-10-05 14:45:00,261.4,245.6,8.5,0.0,3.3,27.5,422.8,0.0
2024-10-05 15:00:00,349.1,457.9,20.4,0.0,3.3,25.1,589.6,0.0
2024-10-05 15:15:00,277.0,763.9,47.0,0.0,3.3,29.4,409.1,0.0
2024-10-05 15:30:00,256.5,792.7,113.8,0.0,2.2,29.3,513.8,0.0
2024-10-05 15:45:00,349.9,754.1,172.2,0.0,0.0,29.3,305.6,0.0
2024-10-05 16:00:00,263.6,619.7,161.7,0.0,0.0,41.2,387.7,0.0
2024-10-05 16:15:00,402.5,530.9,102.3,0.0,0.0,39.0,306.5,0.0
2024-10-05 16:30:00,318.1,549.3,96.8,0.0,0.0,42.6,413.3,0.0
2024-10-05 16:45:00,145.7,433.5,110.9,0.0,0.0,42.6,560.2,0.0
2024-10-05 17:00:00,42.0,348.8,80.7,0.0,0.0,39.8,747.1,0.0
2024-10-05 17:15:00,92.4,129.6,104.1,0.0,0.0,35.9,652.1,43.9
2024-10-05 17:30:00,97.0,146.8,136.8,0.0,0.0,28.9,686.8,43.9
2024-10-05 17:45:00,90.1,185.5,86.7,0.0,0.0,32.8,725.1,21.7
2024-10-05 18:00:00,156.5,157.0,33.3,0.0,0.0,34.3,717.9,0.0
2024-10-05 18:15:00,117.8,155.2,28.4,0.0,0.0,36.3,671.5,0.0
2024-10-05 18:30:00,98.1,307.3,28.4,0.0,0.0,36.3,455.8,0.0
2024-10-05 18:45:00,121.9,314.7,14.7,0.0,0.0,37.5,500.5,0.0
2024-10-05 19:00:00,206.5,268.0,0.0,0.0,0.0,36.3,608.1,0.0
2024-10-05 19:15:00,198.1,242.2,0.0,0.0,0.0,36.3,589.0,0.0
2024-10-05 19:30:00,147.0,125.8,0.0,0.0,0.0,36.3,644.4,0.0
2024-10-05 19:45:00,145.0,128.2,0.0,0.0,0.0,45.6,589.4,0.0
2024-10-05 20:00:00,40.9,173.8,32.3,0.0,0.0,53.6,510.8,0.0
2024-10-05 20:15:00,100.4,160.3,29.3,35.9,0.0,51.5,442.3,0.0
2024-10-05 20:30:00,128.7,211.6,0.0,35.5,0.0,51.5,612.5,0.0
2024-10-05 20:45:00,158.1,293.3,0.0,35.5,0.0,58.4,480.5,0.0
2024-10-05 21:00:00,163.6,276.4,33.6,35.7,0.0,58.4,478.0,0.0
2024-10-05 21:15:00,139.1,410.0,81.9,36.0,0.0,58.4,173.1,0.0
2024-10-05 21:30:00,83.8,242.2,51.9,145.5,0.0,58.4,425.2,0.0
2024-10-05 21:45:00,224.6,288.1,53.1,1631.9,0.0,53.3,615.4,0.0
2024-10-05 22:00:00,228.0,671.2,2322.9,4985.5,6.2,68.9,913.5,0.0
2024-10-05 22:15:00,270.0,1029.4,2330.2,5512.3,6.2,68.9,777.1,0.0
2024-10-05 22:30:00,371.0,1351.6,2288.0,5775.4,6.2,68.9,457.5,0.0
2024-10-05 22:45:00,375.5,1153.2,2777.5,5762.9,6.2,72.5,284.9,0.0
2024-10-05 23:00:00,233.0,1157.7,2432.8,5563.0,6.2,73.4,153.3,0.0
2024-10-05 23:15:00,318.5,1320.0,2319.7,4544.4,6.2,73.9,307.2,0.0
2024-10-05 23:30:00,261.6,1247.8,2256.5,3447.4,6.2,73.0,333.7,0.0
2024-10-05 23:45:00,79.0,639.6,1127.8,2564.2,5.0,46.2,254.5,0.0
2024-10-06 00:00:00,196.5,1375.4,1945.3,4382.5,6.2,66.2,469.1,0.0
2024-10-06 00:15:00,87.1,1261.7,2127.1,5051.8,6.2,62.7,630.6,0.0
2024-10-06 00:30:00,177.8,1212.0,2147.0,5130.2,6.2,62.7,764.8,0.0
2024-10-06 00:45:00,171.8,1120.2,1708.5,5785.7,6.2,62.7,666.3,0.0
2024-10-06 01:00:00,186.5,1159.2,1480.1,5784.0,6.2,60.4,474.3,0.0
2024-10-06 01:15:00,254.0,1304.1,1228.6,5094.2,6.2,45.3,624.4,0.0
2024-10-06 01:30:00,285.7,1415.8,912.2,4424.7,6.2,32.7,823.8,0.0
2024-10-06 01:45:00,165.1,1292.5,678.2,3491.2,6.2,31.6,788.6,0.0
2024-10-06 02:00:00,279.8,1013.2,372.0,2520.1,6.2,31.6,835.0,0.0
2024-10-06 02:15:00,210.8,829.4,199.0,1590.8,6.2,31.6,737.0,0.0
2024-10-06 02:30:00,148.9,844.9,86.5,998.7,6.2,25.0,923.8,0.0
2024-10-06 02:45:00,249.1,673.1,143.8,338.4,6.2,24.6,834.4,0.0
2024-10-06 03:00:00,220.1,535.0,113.7,176.6,6.2,20.2,631.6,0.0
2024-10-06 03:15:00,292.2,498.9,106.6,76.2,6.2,15.3,613.8,0.0
2024-10-06 03:30:00,252.5,439.0,51.3,0.0,6.2,13.1,794.1,0.0
2024-10-06 03:45:00,142.1,405.7,95.8,0.0,3.1,13.1,631.2,0.0
2024-10-06 04:00:00,60.6,532.6,126.6,0.0,0.0,13.1,779.7,0.0
2024-10-06 04:15:00,38.4,518.4,126.6,0.0,0.0,13.1,763.0,0.0
2024-10-06 04:30:00,10.2,381.6,138.5,0.0,0.0,11.1,835.3,0.0
2024-10-06 04:45:00,33.0,310.2,147.3,0.0,0.0,9.8,769.9,0.0
2024-10-06 05:00:00,28.6,272.1,77.2,0.0,0.0,9.8,822.8,0.0
2024-10-06 05:15:00,33.7,202.7,46.2,0.0,0.0,9.8,684.9,0.0
2024-10-06 05:30:00,134.9,142.1,0.0,0.0,0.0,9.2,799.6,0.0
2024-10-06 05:45:00,166.0,165.9,44.1,0.0,0.0,6.9,785.8,0.0
2024-10-06 06:00:00,127.3,175.4,72.4,0.0,0.0,6.9,916.3,0.0
2024-10-06 06:15:00,55.5,184.3,48.4,0.0,0.0,6.9,824.6,0.0
2024-10-06 06:30:00,29.4,248.9,28.2,0.0,0.0,6.6,524.3,0.0
2024-10-06 06:45:00,29.4,226.1,17.7,0.0,0.0,0.0,375.3,0.0
2024-10-06 07:00:00,57.8,258.9,31.1,0.0,0.0,0.0,311.6,0.0
2024-10-06 07:15:00,26.6,294.3,31.1,0.0,0.0,6.2,306.5,0.0
2024-10-06 07:30:00,37.4,529.9,73.8,0.0,0.0,6.2,452.1,0.0
2024-10-06 07:45:00,37.4,327.8,57.2,0.0,0.0,6.2,459.3,0.0
2024-10-06 08:00:00,37.4,222.2,14.4,0.0,0.0,6.2,261.7,34.7
2024-10-06 08:15:00,116.6,299.3,0.0,0.0,0.0,6.2,454.2,40.7
2024-10-06 08:30:00,222.3,449.3,0.0,0.0,0.0,6.2,457.7,27.0
2024-10-06 08:45:00,194.2,378.8,0.0,0.0,0.0,9.3,368.2,14.1
2024-10-06 09:00:00,96.9,429.4,37.5,0.0,0.0,9.3,131.8,0.0
2024-10-06 09:15:00,24.9,309.0,37.5,0.0,0.0,9.3,152.3,0.0
2024-10-06 09:30:00,120.0,215.5,37.5,0.0,0.0,9.3,304.8,0.0
2024-10-06 09:45:00,114.0,101.6,17.2,0.0,0.0,9.3,283.5,0.0
2024-10-06 10:00:00,74.8,134.7,48.1,0.0,0.0,9.3,254.5,30.6
2024-10-06 10:15:00,94.7,182.6,44.3,0.0,0.0,8.5,448.5,12.6
2024-10-06 10:30:00,63.9,164.0,0.0,0.0,0.0,3.1,560.5,0.0
2024-10-06 10:45:00,63.9,201.4,20.4,0.0,0.0,3.1,691.6,0.0
2024-10-06 11:00:00,102.5,237.9,20.4,0.0,0.0,6.9,583.4,0.0
2024-10-06 11:15:00,202.5,151.2,5.6,0.0,0.0,6.5,584.7,0.0
2024-10-06 11:30:00,287.8,216.7,20.1,0.0,0.0,5.1,426.5,0.0
2024-10-06 11:45:00,154.5,197.8,20.1,217.2,0.0,6.4,603.3,0.0
2024-10-06 12:00:00,184.7,215.5,11.4,217.2,0.0,8.4,474.9,0.0
2024-10-06 12:15:00,49.3,121.3,62.0,217.2,0.0,6.9,593.0,0.0
2024-10-06 12:30:00,0.0,216.5,94.4,173.3,0.0,8.9,601.0,0.0
2024-10-06 12:45:00,63.1,255.5,100.8,0.0,0.0,8.9,608.9,0.0
2024-10-06 13:00:00,132.1,217.7,145.3,0.0,0.0,8.9,725.3,0.0
2024-10-06 13:15:00,128.8,185.7,145.7,0.0,0.0,3.7,744.9,0.0
2024-10-06 13:30:00,56.0,360.6,124.6,0.0,0.0,2.1,737.9,0.0
2024-10-06 13:45:00,20.5,276.7,53.2,0.0,0.0,2.1,711.2,0.0
2024-10-06 14:00:00,92.6,228.9,41.2,0.0,6.4,5.5,692.2,0.0
2024-10-06 14:15:00,127.6,246.8,91.1,0.0,6.4,8.9,891.5,0.0
2024-10-06 14:30:00,272.6,287.6,76.8,0.0,6.4,11.8,706.0,0.0
2024-10-06 14:45:00,237.5,423.4,70.4,0.0,6.4,11.8,726.2,0.0
2024-10-06 15:00:00,484.2,576.5,93.3,0.0,6.4,10.2,771.0,0.0
2024-10-06 15:15:00,472.2,543.1,30.7,0.0,6.4,10.8,883.1,0.0
2024-10-06 15:30:00,400.2,645.5,0.0,0.0,6.4,11.2,811.4,0.0
2024-10-06 15:45:00,268.6,568.5,47.1,0.0,6.4,18.0,702.2,0.0
2024-10-06 16:00:00,400.4,458.3,97.4,0.0,8.9,18.0,705.3,0.0
2024-10-06 16:15:00,233.5,474.0,122.1,0.0,8.9,18.0,622.3,0.0
2024-10-06 16:30:00,146.7,521.1,163.6,0.0,8.9,16.5,586.6,0.0
2024-10-06 16:45:00,139.3,403.0,111.2,0.0,8.9,18.9,417.0,0.0
2024-10-06 17:00:00,177.6,340.9,20.0,0.0,8.9,18.9,410.1,0.0
2024-10-06 17:15:00,320.6,437.8,64.7,0.0,8.9,18.9,457.7,0.0
2024-10-06 17:30:00,253.3,380.6,64.7,0.0,8.9,18.9,574.1,0.0
2024-10-06 17:45:00,146.7,374.9,19.6,0.0,8.9,18.6,611.6,0.0
2024-10-06 18:00:00,155.2,160.4,129.0,0.0,7.5,17.4,700.1,0.0
2024-10-06 18:15:00,65.0,283.0,89.4,0.0,6.4,14.2,576.1,0.0
2024-10-06 18:30:00,97.6,159.1,70.8,0.0,6.4,14.2,367.1,0.0
2024-10-06 18:45:00,166.5,119.0,0.0,0.0,6.4,13.5,273.8,0.0
2024-10-06 19:00:00,57.9,87.0,0.0,0.0,6.4,7.4,265.0,0.0
2024-10-06 19:15:00,56.8,231.8,0.0,0.0,6.4,7.4,457.2,30.6
2024-10-06 19:30:00,134.6,217.4,0.0,0.0,6.4,7.4,550.7,30.6
2024-10-06 19:45:00,53.7,309.2,0.0,0.0,6.4,7.4,624.2,30.6
2024-10-06 20:00:00,135.2,262.6,0.0,0.4,6.4,7.4,579.9,20.7
2024-10-06 20:15:00,43.8,214.5,27.1,0.4,6.4,7.4,426.4,0.0
2024-10-06 20:30:00,109.7,248.7,48.2,0.0,12.3,5.0,305.1,0.0
2024-10-06 20:45:00,136.3,241.3,45.5,0.0,12.3,3.5,461.0,0.0
2024-10-06 21:00:00,156.2,231.3,24.8,0.0,12.3,10.1,572.3,0.0
2024-10-06 21:15:00,171.6,349.0,0.0,68.0,12.3,10.1,355.8,0.0
2024-10-06 21:30:00,98.3,476.2,94.0,0.0,10.1,13.4,90.6,0.0
2024-10-06 21:45:00,125.2,634.8,94.0,1620.9,5.9,19.9,150.6,0.0
2024-10-06 22:00:00,428.4,1098.4,2286.8,4484.4,5.9,53.4,301.8,0.0
2024-10-06 22:15:00,422.8,1260.8,2356.4,4970.2,5.9,53.4,412.9,0.0
2024-10-06 22:30:00,526.2,1285.7,2494.7,5700.3,5.9,53.4,396.3,0.0
2024-10-06 22:45:00,506.1,1114.8,2796.7,5721.0,7.0,51.8,568.4,0.0
2024-10-06 23:00:00,370.7,1116.5,2501.5,5667.2,13.1,61.1,719.4,0.0
2024-10-06 23:15:00,328.0,1457.1,2437.7,5259.9,12.5,61.1,708.4,17.6
2024-10-06 23:30:00,123.2,1356.5,2196.7,4621.0,12.0,64.4,736.2,17.6
2024-10-06 23:45:00,100.4,754.0,925.3,2519.2,10.2,22.6,406.2,5.2
2024-10-07 00:00:00,106.8,1779.2,2163.9,4868.6,12.0,64.4,793.6,19.7
2024-10-07 00:15:00,60.2,1940.7,2438.9,4495.3,12.0,64.4,855.9,19.7
2024-10-07 00:30:00,190.2,1625.7,2239.8,4717.4,12.0,63.3,805.1,22.3
2024-10-07 00:45:00,142.9,1569.6,1971.6,5431.0,12.0,68.5,768.5,12.6
2024-10-07 01:00:00,100.4,1550.3,1713.4,5795.6,7.2,68.5,796.9,12.6
2024-10-07 01:15:00,79.7,1306.4,1265.7,5400.5,6.1,63.5,928.3,51.0
2024-10-07 01:30:00,73.7,1237.1,1101.7,4876.0,6.1,56.3,783.8,51.0
2024-10-07 01:45:00,49.7,1122.2,969.9,3999.9,6.1,55.3,807.3,39.1
2024-10-07 02:00:00,74.6,827.8,572.8,3531.2,6.1,55.3,640.2,0.0
2024-10-07 02:15:00,157.2,820.5,220.9,2964.5,6.1,55.3,764.7,0.0
2024-10-07 02:30:00,117.5,827.8,148.8,2085.7,6.1,49.3,778.1,0.0
2024-10-07 02:45:00,192.7,703.8,105.0,1358.2,6.1,48.3,742.0,0.0
2024-10-07 03:00:00,173.5,713.3,71.7,670.1,6.1,47.9,459.9,0.0
2024-10-07 03:15:00,169.2,628.5,71.7,160.6,6.1,41.8,462.1,0.0
2024-10-07 03:30:00,269.5,604.5,23.8,102.0,6.1,41.8,459.6,0.0
2024-10-07 03:45:00,192.7,719.4,59.6,22.9,6.1,41.8,718.6,0.0
2024-10-07 04:00:00,63.2,684.4,180.6,0.0,6.1,41.8,745.6,0.0
2024-10-07 04:15:00,112.0,553.7,179.0,0.0,6.1,39.2,677.8,0.0
2024-10-07 04:30:00,144.6,468.8,130.1,0.0,1.2,34.7,553.3,0.0
2024-10-07 04:45:00,144.6,392.7,147.5,0.0,0.0,26.7,578.0,0.0
2024-10-07 05:00:00,166.4,328.5,108.8,0.0,0.0,20.6,535.4,0.0
2024-10-07 05:15:00,266.0,352.2,105.2,0.0,0.0,20.6,587.7,0.0
2024-10-07 05:30:00,230.7,251.5,41.1,0.0,0.0,20.6,416.1,0.0
2024-10-07 05:45:00,217.0,290.2,0.0,0.0,0.0,20.6,223.8,0.0
2024-10-07 06:00:00,224.3,264.1,0.0,0.0,0.0,20.6,459.2,0.0
2024-10-07 06:15:00,235.8,289.2,90.6,0.0,0.0,16.5,308.8,0.0
2024-10-07 06:30:00,179.0,329.4,92.6,0.0,0.0,10.3,269.2,0.0
2024-10-07 06:45:00,124.5,421.8,59.6,0.0,0.0,10.2,153.3,0.0
2024-10-07 07:00:00,127.1,448.5,59.6,0.0,0.0,8.2,306.0,0.0
2024-10-07 07:15:00,136.2,504.0,37.5,0.0,0.0,4.0,561.1,0.0
2024-10-07 07:30:00,151.0,584.4,45.3,0.0,0.0,9.9,574.2,0.0
2024-10-07 07:45:00,116.5,310.8,37.0,0.0,0.0,13.2,760.6,0.0
2024-10-07 08:00:00,185.6,294.7,24.2,0.0,0.0,13.2,778.6,0.0
2024-10-07 08:15:00,132.6,278.4,0.0,0.0,0.0,13.2,611.2,0.0
2024-10-07 08:30:00,61.6,415.9,0.0,0.0,0.0,12.5,370.5,0.0
2024-10-07 08:45:00,44.9,384.1,0.0,0.0,0.0,6.2,306.4,0.0
2024-10-07 09:00:00,102.9,312.0,0.0,0.0,0.0,6.2,455.1,0.0
2024-10-07 09:15:00,70.7,288.0,0.0,0.0,0.0,12.8,447.3,0.0
2024-10-07 09:30:00,0.0,186.4,0.0,0.0,0.0,12.8,571.9,0.0
2024-10-07 09:45:00,0.0,293.6,106.9,0.0,0.0,11.3,760.1,0.0
2024-10-07 10:00:00,17.8,307.0,86.3,0.0,19.2,16.9,504.8,0.0
2024-10-07 10:15:00,141.1,342.9,43.6,0.0,21.6,16.9,574.2,0.0
2024-10-07 10:30:00,49.4,322.9,38.0,0.0,21.6,16.5,461.3,0.0
2024-10-07 10:45:00,71.2,319.8,12.8,0.0,21.6,13.6,614.1,0.0
2024-10-07 11:00:00,130.8,367.6,22.0,0.0,21.6,13.6,494.5,0.0
2024-10-07 11:15:00,220.8,353.1,22.0,0.0,21.6,13.6,605.4,0.0
2024-10-07 11:30:00,294.1,335.0,41.4,216.4,21.6,20.1,614.7,0.0
2024-10-07 11:45:00,462.8,315.5,56.8,216.4,21.6,23.2,607.4,0.0
2024-10-07 12:00:00,322.6,310.5,41.2,216.4,28.5,19.9,421.3,0.0
2024-10-07 12:15:00,219.7,309.5,15.0,62.7,19.2,19.7,578.6,0.0
2024-10-07 12:30:00,90.3,290.0,0.0,0.0,7.8,19.7,727.7,0.0
2024-10-07 12:45:00,75.8,364.2,0.0,0.0,6.9,19.7,843.9,0.0
2024-10-07 13:00:00,98.0,703.0,0.0,0.0,6.9,25.7,630.5,0.0
2024-10-07 13:15:00,145.7,611.9,0.0,0.0,6.9,25.7,704.9,0.0
2024-10-07 13:30:00,127.9,503.1,0.0,0.0,6.9,28.5,644.9,26.4
2024-10-07 13:45:00,62.9,380.6,28.9,0.0,6.9,28.5,615.1,0.0
2024-10-07 14:00:00,18.8,340.8,11.9,0.0,6.9,28.5,592.9,0.0
2024-10-07 14:15:00,38.2,363.2,49.1,0.0,6.9,28.5,308.5,0.0
2024-10-07 14:30:00,94.3,381.6,42.5,0.0,6.9,31.3,424.2,0.0
2024-10-07 14:45:00,134.7,441.0,46.4,0.0,6.9,25.6,305.9,0.0
2024-10-07 15:00:00,125.7,449.9,115.1,0.0,6.9,20.2,399.0,0.0
2024-10-07 15:15:00,189.3,534.2,188.7,0.0,6.9,17.9,460.9,19.7
2024-10-07 15:30:00,215.9,512.3,188.7,0.0,6.9,22.0,580.9,19.7
2024-10-07 15:45:00,324.1,684.5,67.7,0.0,6.9,17.9,723.0,0.2
2024-10-07 16:00:00,537.7,670.6,88.7,0.0,6.9,17.9,566.0,0.0
2024-10-07 16:15:00,553.7,771.5,187.5,0.0,6.9,17.9,702.5,29.3
2024-10-07 16:30:00,425.2,684.2,194.4,0.0,6.9,21.2,720.0,29.3
2024-10-07 16:45:00,537.8,728.0,174.4,0.0,6.9,27.0,780.0,29.3
2024-10-07 17:00:00,400.2,670.5,92.3,0.0,6.9,24.2,880.0,16.1
2024-10-07 17:15:00,284.0,274.8,115.6,0.0,6.9,24.2,873.1,0.0
2024-10-07 17:30:00,278.8,333.8,107.5,0.0,6.9,24.2,773.7,39.9
2024-10-07 17:45:00,263.8,239.6,50.7,0.0,6.9,26.4,722.4,68.3
2024-10-07 18:00:00,153.0,186.3,74.9,0.0,6.9,24.9,700.2,68.3
2024-10-07 18:15:00,208.0,235.4,31.8,0.0,0.2,34.9,704.7,46.6
2024-10-07 18:30:00,274.0,247.6,47.4,0.0,0.0,34.9,332.6,0.0
2024-10-07 18:45:00,230.7,242.5,11.4,0.0,0.0,38.3,279.6,0.0
2024-10-07 19:00:00,253.8,192.6,0.0,0.0,0.0,45.0,456.3,0.0
2024-10-07 19:15:00,246.6,273.6,38.2,0.0,0.0,43.6,317.8,0.0
2024-10-07 19:30:00,217.1,266.3,25.8,0.0,0.0,33.8,139.8,0.0
2024-10-07 19:45:00,199.4,277.7,0.0,0.0,0.0,31.8,0.0,28.9
2024-10-07 20:00:00,118.5,296.8,44.3,23.0,0.0,31.8,151.0,0.3
2024-10-07 20:15:00,195.6,308.1,70.6,57.6,0.0,31.8,151.0,0.0
2024-10-07 20:30:00,185.2,297.1,66.0,57.6,0.0,31.0,301.9,0.0
2024-10-07 20:45:00,84.4,288.1,28.4,57.6,0.0,30.4,205.3,0.0
2024-10-07 21:00:00,48.7,389.8,98.5,96.9,0.0,30.4,238.4,87.2
2024-10-07 21:15:00,60.0,475.5,64.2,193.6,0.0,30.4,154.4,64.3
2024-10-07 21:30:00,67.8,509.2,42.4,565.2,0.0,30.4,460.6,61.3
2024-10-07 21:45:00,137.4,510.4,60.2,2114.4,0.0,30.4,341.5,13.6
2024-10-07 22:00:00,524.9,1354.2,2223.9,5145.6,0.0,44.1,614.1,0.0
2024-10-07 22:15:00,761.0,1833.0,2379.8,5625.0,17.5,51.0,496.1,0.0
2024-10-07 22:30:00,712.7,1634.8,2404.4,6051.6,17.5,57.8,613.4,0.0
2024-10-07 22:45:00,561.6,1587.8,2633.9,6057.3,17.5,57.8,487.0,0.0
2024-10-07 23:00:00,435.0,1429.6,2533.4,5708.7,17.5,57.8,190.1,0.0
2024-10-07 23:15:00,265.8,1411.5,2834.2,5250.2,22.7,51.5,462.6,0.0
2024-10-07 23:30:00,471.5,1634.6,2389.0,4737.2,19.5,51.0,508.4,0.0
2024-10-07 23:45:00,198.9,917.5,1301.5,2420.8,0.4,26.5,444.0,0.0
2024-10-08 00:00:00,309.4,1826.8,2418.5,4561.6,5.2,48.5,940.3,0.0
2024-10-08 00:15:00,212.6,802.0,2095.3,5190.1,5.2,45.1,1047.7,19.6
2024-10-08 00:30:00,157.1,934.2,2056.8,5299.6,5.2,45.1,950.9,0.0
2024-10-08 00:45:00,161.5,1022.2,1619.9,5506.1,5.2,45.1,788.0,0.0
2024-10-08 01:00:00,108.9,959.5,1358.0,5490.3,5.2,44.4,770.4,0.0
2024-10-08 01:15:00,242.7,1119.9,1189.1,5214.9,5.2,41.5,908.0,0.0
2024-10-08 01:30:00,235.4,1220.2,1062.7,4381.7,5.2,36.7,919.6,0.0
2024-10-08 01:45:00,164.4,1046.4,611.0,3395.2,5.2,29.6,631.8,0.0
2024-10-08 02:00:00,103.6,1049.2,305.6,2523.3,5.2,19.9,713.0,0.0
2024-10-08 02:15:00,69.0,899.9,311.9,1891.8,5.2,19.9,667.6,0.0
2024-10-08 02:30:00,110.6,765.9,262.5,1386.5,5.2,19.9,784.9,0.0
2024-10-08 02:45:00,216.4,699.5,239.9,648.5,5.2,17.7,687.7,0.0
2024-10-08 03:00:00,285.7,496.0,255.1,271.3,5.2,15.8,561.5,0.0
2024-10-08 03:15:00,300.6,351.6,269.4,118.1,5.2,15.8,605.1,0.0
2024-10-08 03:30:00,346.1,328.1,196.9,36.5,5.2,15.8,778.2,0.0
2024-10-08 03:45:00,207.8,325.0,166.7,0.0,5.2,15.8,809.4,0.0
2024-10-08 04:00:00,105.4,258.0,96.6,0.0,5.2,15.8,589.1,0.0
2024-10-08 04:15:00,57.8,255.7,59.8,0.0,5.2,15.8,386.4,0.0
2024-10-08 04:30:00,93.4,291.7,36.0,0.0,3.3,15.8,611.1,0.0
2024-10-08 04:45:00,191.3,397.2,8.4,0.0,0.0,15.8,712.6,0.0
2024-10-08 05:00:00,210.0,430.6,72.5,0.0,0.0,15.8,613.7,0.0
2024-10-08 05:15:00,141.7,527.2,66.8,0.0,0.0,15.8,628.2,0.0
2024-10-08 05:30:00,224.2,408.2,157.5,0.0,0.0,15.8,475.6,0.0
2024-10-08 05:45:00,271.3,414.5,150.4,0.0,0.0,12.5,614.1,0.0
2024-10-08 06:00:00,371.3,413.5,122.5,0.0,0.0,5.6,308.6,0.0
2024-10-08 06:15:00,312.1,371.1,61.6,0.0,0.0,5.6,260.2,0.0
2024-10-08 06:30:00,286.2,292.3,23.2,0.0,0.0,5.6,36.8,0.0
2024-10-08 06:45:00,236.9,277.6,4.7,0.0,0.0,5.5,151.3,0.0
2024-10-08 07:00:00,222.5,265.1,0.0,0.0,0.0,3.6,453.1,0.0
2024-10-08 07:15:00,237.2,222.9,0.0,0.0,0.0,3.6,520.4,0.0
2024-10-08 07:30:00,182.7,209.8,0.0,0.0,0.0,3.6,220.7,0.0
2024-10-08 07:45:00,188.5,207.1,0.0,0.0,0.0,3.6,72.0,0.0
2024-10-08 08:00:00,230.3,249.2,0.0,0.0,0.0,6.3,0.0,0.0
2024-10-08 08:15:00,171.9,260.8,0.0,0.0,0.0,9.6,0.0,0.0
2024-10-08 08:30:00,85.4,296.7,0.0,0.0,0.0,9.6,0.0,0.0
2024-10-08 08:45:00,0.0,231.1,100.3,0.0,0.0,9.6,0.0,0.0
2024-10-08 09:00:00,0.0,189.1,32.1,0.0,0.0,7.0,154.6,0.0
2024-10-08 09:15:00,0.0,253.4,17.8,0.0,0.0,6.2,154.6,0.0
2024-10-08 09:30:00,70.1,178.5,30.6,0.0,0.0,6.2,154.6,0.0
2024-10-08 09:45:00,22.9,171.2,33.1,0.0,0.0,9.3,33.1,0.0
2024-10-08 10:00:00,18.2,182.5,32.0,0.0,6.8,7.2,0.0,0.0
2024-10-08 10:15:00,1.2,239.3,39.0,0.0,6.8,3.1,0.0,0.0
2024-10-08 10:30:00,0.0,216.2,105.8,0.0,6.8,9.9,306.1,0.0
2024-10-08 10:45:00,136.7,287.9,62.2,0.0,6.8,9.9,459.4,0.0
2024-10-08 11:00:00,193.5,434.7,49.1,0.0,6.8,9.9,452.5,0.0
2024-10-08 11:15:00,237.3,384.2,39.5,0.0,6.8,13.2,165.9,0.0
2024-10-08 11:30:00,170.0,464.6,92.5,0.0,6.8,13.2,174.6,0.0
2024-10-08 11:45:00,176.8,496.5,124.2,0.0,6.8,13.2,459.5,0.0
2024-10-08 12:00:00,135.4,667.8,119.1,8.8,6.8,13.2,767.1,0.0
2024-10-08 12:15:00,90.9,691.0,72.5,0.0,6.5,13.2,930.9,0.0
2024-10-08 12:30:00,100.9,585.5,33.9,0.0,0.0,11.2,847.9,33.7
2024-10-08 12:45:00,134.8,444.4,62.4,0.0,0.0,5.0,671.1,72.4
2024-10-08 13:00:00,185.5,415.4,48.6,0.0,0.0,2.2,794.4,113.6
2024-10-08 13:15:00,197.7,513.6,42.6,145.1,0.0,0.0,782.3,113.6
2024-10-08 13:30:00,263.0,437.7,190.2,145.1,0.0,0.0,777.6,60.3
2024-10-08 13:45:00,145.8,300.0,279.2,145.1,0.0,0.0,919.4,8.9
2024-10-08 14:00:00,129.9,370.4,260.4,136.0,0.0,0.0,915.5,0.0
2024-10-08 14:15:00,115.4,376.4,267.6,2.9,0.0,0.0,883.4,0.0
2024-10-08 14:30:00,124.2,541.8,250.7,0.0,0.0,0.0,766.4,76.9
2024-10-08 14:45:00,146.8,438.3,153.2,0.0,0.0,2.8,764.8,109.8
2024-10-08 15:00:00,353.0,600.5,118.6,0.0,0.0,2.8,742.2,142.9
2024-10-08 15:15:00,525.8,780.9,123.0,0.0,0.0,2.8,831.4,210.2
2024-10-08 15:30:00,423.3,745.7,222.5,0.0,0.0,2.8,811.0,146.6
2024-10-08 15:45:00,323.8,821.3,209.7,0.0,2.2,2.8,821.6,125.6
2024-10-08 16:00:00,188.9,769.4,284.6,0.0,2.2,6.1,835.8,58.7
2024-10-08 16:15:00,215.1,622.7,200.8,0.0,2.2,5.7,550.5,146.5
2024-10-08 16:30:00,358.9,709.2,157.1,0.0,2.2,8.8,669.6,117.7
2024-10-08 16:45:00,325.3,740.0,152.7,0.0,2.2,10.1,815.2,94.9
2024-10-08 17:00:00,238.2,510.1,152.7,0.0,2.2,13.0,956.6,61.5
2024-10-08 17:15:00,230.4,514.8,157.2,0.0,2.2,13.0,806.8,61.5
2024-10-08 17:30:00,249.3,268.7,37.2,0.0,2.2,17.1,739.4,54.7
2024-10-08 17:45:00,213.9,349.2,23.8,0.0,2.2,20.3,645.0,3.6
2024-10-08 18:00:00,163.3,349.5,0.0,0.0,2.2,27.1,340.3,36.7
2024-10-08 18:15:00,214.3,357.3,0.0,0.0,2.2,41.8,112.5,36.7
2024-10-08 18:30:00,123.7,205.9,0.0,0.0,2.2,40.0,149.0,14.6
2024-10-08 18:45:00,33.9,252.2,74.8,0.0,2.2,40.5,268.6,0.0
2024-10-08 19:00:00,28.8,325.5,44.0,0.0,2.2,38.4,152.9,0.0
2024-10-08 19:15:00,0.0,254.9,87.3,0.0,2.2,37.0,107.9,0.0
2024-10-08 19:30:00,142.1,141.6,87.3,0.0,2.2,36.3,151.7,23.0
2024-10-08 19:45:00,124.5,257.4,76.2,30.9,2.2,29.7,301.0,16.2
2024-10-08 20:00:00,63.0,365.0,43.4,63.1,2.2,23.7,276.7,0.0
2024-10-08 20:15:00,133.1,480.5,82.6,130.3,2.2,23.1,128.2,0.0
2024-10-08 20:30:00,95.9,307.0,47.3,196.5,2.2,19.5,152.9,0.0
2024-10-08 20:45:00,127.7,334.9,74.8,195.3,2.2,25.6,306.3,0.0
2024-10-08 21:00:00,202.3,437.6,67.2,318.5,5.8,25.6,261.3,0.0
2024-10-08 21:15:00,205.4,573.5,19.9,318.5,2.2,32.4,256.4,0.0
2024-10-08 21:30:00,191.1,460.0,45.2,718.1,2.2,39.3,305.5,64.3
2024-10-08 21:45:00,154.1,627.5,62.4,2011.8,2.2,39.3,430.8,64.3
2024-10-08 22:00:00,525.9,1562.0,2179.7,6861.8,33.3,46.0,246.4,51.4
2024-10-08 22:15:00,598.7,1776.6,2262.0,7260.9,38.4,46.0,447.2,11.1
2024-10-08 22:30:00,568.4,1846.5,2318.3,7253.9,38.4,46.0,461.0,0.0
2024-10-08 22:45:00,386.6,1755.4,2977.9,7235.5,38.4,46.0,557.9,0.0
2024-10-08 23:00:00,349.1,1303.8,2741.7,6755.3,38.4,46.0,410.7,16.0
2024-10-08 23:15:00,271.1,1114.5,2209.4,6032.0,38.4,49.4,566.5,16.0
2024-10-08 23:30:00,237.4,1130.6,2492.8,4985.6,57.0,49.4,585.3,16.0
2024-10-08 23:45:00,174.8,698.9,1161.1,2767.4,50.0,19.7,285.4,0.5
2024-10-09 00:00:00,341.4,1684.1,2956.7,5035.4,53.9,52.3,536.2,0.0
2024-10-09 00:15:00,322.0,1777.3,2954.1,4663.5,50.4,52.3,606.7,0.0
2024-10-09 00:30:00,243.5,1597.6,3075.8,4713.1,50.4,49.9,545.5,0.0
2024-10-09 00:45:00,161.2,1540.2,2931.7,5293.9,41.6,44.8,616.8,0.0
2024-10-09 01:00:00,195.7,1417.4,2539.9,6203.3,30.6,40.6,479.8,0.0
2024-10-09 01:15:00,235.0,1122.8,2260.9,5890.7,26.0,36.4,639.7,0.0
2024-10-09 01:30:00,364.8,1109.5,1888.6,5381.9,26.0,30.7,502.1,0.0
2024-10-09 01:45:00,272.0,925.9,1514.3,4458.5,26.0,28.9,615.4,0.0
2024-10-09 02:00:00,122.6,700.0,1038.6,3503.1,26.0,22.6,542.8,0.0
2024-10-09 02:15:00,76.8,524.5,644.7,2649.0,26.0,17.2,622.3,0.0
2024-10-09 02:30:00,119.4,473.7,414.1,1993.2,26.0,17.2,766.2,0.0
2024-10-09 02:45:00,106.7,474.0,189.0,1327.7,26.0,17.2,912.4,32.6
2024-10-09 03:00:00,106.7,571.7,111.2,497.2,26.0,17.2,801.5,32.6
2024-10-09 03:15:00,209.1,531.9,80.3,227.4,44.9,17.2,624.6,32.6
2024-10-09 03:30:00,124.1,370.0,88.7,123.6,44.9,17.2,741.8,32.6
2024-10-09 03:45:00,179.8,238.4,65.5,91.8,44.9,17.2,772.6,21.2
2024-10-09 04:00:00,153.9,352.5,135.6,16.9,44.1,15.3,939.9,0.0
2024-10-09 04:15:00,105.0,353.0,132.9,0.0,38.5,13.2,791.0,0.0
2024-10-09 04:30:00,42.1,409.0,109.2,0.0,37.5,11.4,807.6,0.0
2024-10-09 04:45:00,87.1,393.6,51.1,0.0,33.1,6.4,661.6,0.0
2024-10-09 05:00:00,34.1,368.1,158.9,0.0,33.1,5.6,774.5,0.0
2024-10-09 05:15:00,118.1,348.9,191.0,0.0,33.1,3.4,832.0,0.0
2024-10-09 05:30:00,172.7,320.6,111.6,0.0,33.1,3.4,954.4,39.0
2024-10-09 05:45:00,161.8,130.2,43.2,0.0,24.4,5.1,675.5,39.0
2024-10-09 06:00:00,153.6,118.3,37.0,0.0,7.3,3.3,636.4,23.5
2024-10-09 06:15:00,120.2,163.2,37.0,0.0,7.3,1.8,458.1,0.0
2024-10-09 06:30:00,96.2,180.3,32.3,0.0,6.2,0.0,421.0,0.0
2024-10-09 06:45:00,99.3,311.0,21.3,0.0,2.2,0.0,378.8,0.0
2024-10-09 07:00:00,64.8,395.4,9.5,0.0,2.2,0.0,456.4,0.0
2024-10-09 07:15:00,75.7,325.0,0.0,0.0,2.2,0.0,333.3,0.0
2024-10-09 07:30:00,15.7,237.3,0.0,0.0,2.2,0.0,261.8,0.0
2024-10-09 07:45:00,85.4,137.2,0.0,0.0,2.2,0.0,305.3,0.0
2024-10-09 08:00:00,53.8,74.5,0.0,0.0,2.2,6.9,594.4,0.0
2024-10-09 08:15:00,0.0,113.5,0.0,0.0,2.2,6.9,747.9,0.0
2024-10-09 08:30:00,61.0,133.6,0.0,0.0,2.2,9.5,886.5,0.0
2024-10-09 08:45:00,32.6,250.9,10.1,0.0,2.2,9.5,848.7,0.0
2024-10-09 09:00:00,79.5,326.7,9.5,0.0,2.2,9.5,773.8,0.0
2024-10-09 09:15:00,32.1,342.0,0.0,0.0,2.2,9.5,682.3,0.0
2024-10-09 09:30:00,29.2,309.7,0.0,0.0,17.5,16.3,332.2,0.0
2024-10-09 09:45:00,29.2,361.5,0.0,0.0,16.5,16.3,354.0,0.0
2024-10-09 10:00:00,76.8,233.1,34.0,0.0,16.5,23.1,458.1,0.0
2024-10-09 10:15:00,51.6,138.5,34.0,0.0,16.5,27.2,300.4,0.0
2024-10-09 10:30:00,51.6,137.8,72.4,0.0,24.4,23.6,67.1,0.0
2024-10-09 10:45:00,109.3,258.2,38.9,0.0,16.3,20.3,304.5,0.0
2024-10-09 11:00:00,45.1,274.7,11.3,0.0,3.8,20.3,380.1,12.4
2024-10-09 11:15:00,161.4,354.4,23.0,0.0,10.8,20.3,472.9,0.0
2024-10-09 11:30:00,181.0,341.0,60.1,0.0,0.0,20.3,456.4,0.0
2024-10-09 11:45:00,115.3,324.3,94.8,0.0,0.0,20.3,491.8,8.0
2024-10-09 12:00:00,104.8,389.3,85.4,0.0,0.0,20.3,389.2,10.8
2024-10-09 12:15:00,84.2,393.4,107.6,130.8,0.0,13.7,383.5,2.8
2024-10-09 12:30:00,93.3,410.3,85.6,130.8,0.0,13.4,548.1,0.0
2024-10-09 12:45:00,181.6,369.9,63.2,130.8,0.0,16.7,417.6,0.0
2024-10-09 13:00:00,115.6,255.0,34.7,130.8,0.0,15.5,391.0,4.8
2024-10-09 13:15:00,131.5,390.7,34.7,56.5,0.0,9.8,610.2,13.2
2024-10-09 13:30:00,115.2,322.2,17.2,0.0,0.0,16.9,845.0,20.4
2024-10-09 13:45:00,176.8,439.5,19.8,0.0,0.0,16.9,686.9,0.0
2024-10-09 14:00:00,213.0,461.1,35.9,0.0,0.0,16.9,415.0,0.0
2024-10-09 14:15:00,162.0,459.8,65.4,0.0,0.0,16.9,407.1,0.0
2024-10-09 14:30:00,200.4,418.3,65.4,0.0,0.0,16.9,451.3,30.0
2024-10-09 14:45:00,158.6,555.1,160.8,0.0,0.0,16.9,447.0,43.2
2024-10-09 15:00:00,360.1,596.7,160.1,0.0,2.1,16.9,591.0,81.3
2024-10-09 15:15:00,488.7,677.1,139.7,0.0,2.1,14.6,765.8,65.2
2024-10-09 15:30:00,400.7,778.1,110.4,0.0,2.1,13.6,934.7,2.0
2024-10-09 15:45:00,458.7,837.9,99.2,0.0,2.1,20.6,891.1,0.0
2024-10-09 16:00:00,373.4,815.5,188.8,0.0,2.1,23.9,733.0,0.0
2024-10-09 16:15:00,312.2,1067.4,192.3,0.0,2.1,23.9,688.4,0.0
2024-10-09 16:30:00,290.8,917.3,206.0,0.0,2.1,27.2,747.1,27.4
2024-10-09 16:45:00,163.5,812.5,129.5,0.0,2.1,27.2,648.1,126.1
2024-10-09 17:00:00,291.8,361.5,111.6,0.0,2.1,21.2,512.1,126.1
2024-10-09 17:15:00,282.0,223.7,109.7,0.0,2.1,30.7,510.7,164.2
2024-10-09 17:30:00,296.2,397.8,80.2,0.0,0.5,36.4,425.9,80.1
2024-10-09 17:45:00,119.4,360.4,52.6,0.0,0.0,46.0,590.6,39.9
2024-10-09 18:00:00,198.9,316.6,26.0,0.0,0.0,56.8,575.0,8.2
2024-10-09 18:15:00,178.3,418.4,32.9,0.0,0.0,55.2,372.4,0.0
2024-10-09 18:30:00,39.6,526.5,0.0,0.0,0.0,52.8,113.6,65.3
2024-10-09 18:45:00,39.6,382.6,44.0,0.0,0.0,51.5,152.6,65.3
2024-10-09 19:00:00,56.7,184.3,87.5,0.0,0.0,43.5,455.7,22.6
2024-10-09 19:15:00,105.3,250.4,115.5,0.0,0.0,49.3,760.3,0.0
2024-10-09 19:30:00,74.3,233.8,115.5,0.0,0.0,48.7,476.2,0.0
2024-10-09 19:45:00,47.6,242.2,98.0,0.0,0.0,45.5,92.8,0.0
2024-10-09 20:00:00,134.5,216.7,71.4,0.0,0.0,45.4,0.0,0.0
2024-10-09 20:15:00,141.4,280.0,38.8,93.5,0.0,45.9,0.0,0.0
2024-10-09 20:30:00,136.1,383.9,12.9,124.9,0.0,44.3,0.0,0.0
2024-10-09 20:45:00,64.9,368.7,0.0,109.9,0.0,41.5,0.0,0.0
2024-10-09 21:00:00,89.9,424.6,27.0,126.7,0.0,39.4,0.0,0.0
2024-10-09 21:15:00,128.6,296.5,27.0,262.0,0.0,33.7,304.6,0.0
2024-10-09 21:30:00,219.6,229.7,63.2,491.1,0.0,31.2,304.6,0.0
2024-10-09 21:45:00,310.2,366.6,185.0,1152.4,0.0,33.0,392.3,30.2
2024-10-09 22:00:00,638.7,1038.3,2371.6,7317.1,30.5,56.4,154.3,30.2
2024-10-09 22:15:00,809.5,1356.0,2342.2,7437.0,30.5,55.2,273.1,7.3
2024-10-09 22:30:00,793.3,1511.4,2396.4,7497.1,30.5,50.1,289.3,42.5
2024-10-09 22:45:00,809.9,1705.3,2500.1,7338.0,27.8,43.1,308.9,18.7
2024-10-09 23:00:00,493.5,1343.2,2538.6,7084.6,13.0,40.3,614.5,28.1
2024-10-09 23:15:00,217.3,1314.0,2574.6,6206.6,13.0,39.4,648.1,41.8
2024-10-09 23:30:00,173.9,1550.5,2452.4,5005.7,19.7,36.8,730.5,41.8
2024-10-09 23:45:00,83.7,849.9,1337.9,2490.3,12.6,27.2,267.3,23.2
2024-10-10 00:00:00,289.3,2038.3,3010.6,4706.7,19.7,36.8,721.6,35.0
2024-10-10 00:15:00,502.6,2026.2,2774.6,5087.2,19.7,36.3,801.7,28.1
2024-10-10 00:30:00,462.3,2263.3,2882.1,5821.9,19.7,33.3,667.0,51.8
2024-10-10 00:45:00,406.9,2087.3,2776.5,6176.0,19.7,33.3,799.8,31.0
2024-10-10 01:00:00,262.2,1806.4,2469.9,6393.8,19.7,33.3,787.2,26.6
2024-10-10 01:15:00,158.1,1491.6,2176.0,6090.7,19.7,33.3,971.7,26.6
2024-10-10 01:30:00,247.9,1303.3,1743.8,5511.4,19.7,33.3,944.0,52.4
2024-10-10 01:45:00,214.1,1038.0,1309.1,4540.0,19.7,33.3,741.2,36.3
2024-10-10 02:00:00,307.1,750.6,1031.1,3476.3,19.7,33.0,767.2,112.1
2024-10-10 02:15:00,329.3,689.2,622.9,2286.4,19.7,26.2,804.2,112.1
2024-10-10 02:30:00,250.3,575.3,240.8,1449.7,14.7,25.3,770.2,79.9
2024-10-10 02:45:00,274.6,643.2,102.0,769.9,13.5,19.4,722.6,30.0
2024-10-10 03:00:00,285.5,625.4,25.0,377.0,13.5,14.6,710.2,18.6
2024-10-10 03:15:00,205.3,544.6,25.0,229.3,13.5,11.2,714.9,18.6
2024-10-10 03:30:00,112.5,480.8,25.0,72.6,13.5,11.2,913.3,18.6
2024-10-10 03:45:00,107.2,525.7,74.7,38.1,13.5,11.2,1018.7,18.6
2024-10-10 04:00:00,131.1,443.7,74.1,0.0,13.5,11.2,640.4,8.8
2024-10-10 04:15:00,80.7,464.9,117.2,0.0,13.5,6.2,678.1,44.4
2024-10-10 04:30:00,155.1,333.6,88.3,0.0,13.5,4.1,687.4,44.4
2024-10-10 04:45:00,133.1,285.8,83.3,0.0,13.5,4.1,685.5,44.4
2024-10-10 05:00:00,235.0,285.5,47.0,0.0,13.5,4.1,610.9,76.0
2024-10-10 05:15:00,168.9,170.6,209.2,0.0,13.5,4.1,536.1,39.2
2024-10-10 05:30:00,285.8,223.5,133.7,0.0,13.5,4.1,316.4,39.2
2024-10-10 05:45:00,297.5,248.1,16.7,0.0,28.0,1.8,507.2,34.3
2024-10-10 06:00:00,219.4,175.2,76.9,0.0,16.2,1.1,462.9,0.0
2024-10-10 06:15:00,90.5,231.2,62.9,0.0,16.2,4.7,468.7,23.8
2024-10-10 06:30:00,88.6,196.0,33.2,0.0,16.2,4.7,245.0,23.8
2024-10-10 06:45:00,71.0,276.5,31.7,0.0,16.2,11.6,295.4,4.4
2024-10-10 07:00:00,81.1,266.7,53.0,0.0,16.2,11.4,187.9,0.0
2024-10-10 07:15:00,75.9,372.4,78.8,0.0,16.2,10.8,153.8,0.0
2024-10-10 07:30:00,158.7,448.5,34.4,0.0,16.2,9.8,86.8,0.0
2024-10-10 07:45:00,123.0,369.9,20.0,0.0,16.2,9.8,0.0,0.0
2024-10-10 08:00:00,155.0,271.7,0.0,0.0,31.6,9.8,0.0,0.0
2024-10-10 08:15:00,151.4,194.7,0.0,0.0,31.6,9.8,154.6,0.0
2024-10-10 08:30:00,144.6,232.7,0.0,0.0,27.4,9.8,307.1,0.0
2024-10-10 08:45:00,43.3,293.7,0.0,0.0,15.3,9.8,375.4,0.0
2024-10-10 09:00:00,0.0,224.8,0.0,0.0,15.3,9.8,411.7,0.0
2024-10-10 09:15:00,25.9,269.3,0.0,0.0,15.3,7.7,284.5,0.0
2024-10-10 09:30:00,95.0,264.7,0.0,0.0,15.3,7.3,131.6,36.4
2024-10-10 09:45:00,95.0,236.4,30.0,0.0,15.3,7.3,0.0,0.0
2024-10-10 10:00:00,95.0,247.9,30.0,0.0,15.3,7.0,0.0,0.0
2024-10-10 10:15:00,65.3,207.4,30.0,0.0,15.3,0.4,307.1,0.0
2024-10-10 10:30:00,55.5,163.0,30.0,0.0,12.9,0.4,460.5,0.0
2024-10-10 10:45:00,40.9,153.0,30.0,73.2,0.0,3.6,776.5,0.0
2024-10-10 11:00:00,111.3,224.9,37.4,73.2,0.0,3.6,842.8,0.0
2024-10-10 11:15:00,76.8,340.5,0.0,73.2,0.0,3.6,907.8,0.0
2024-10-10 11:30:00,121.2,498.8,63.6,73.2,0.0,3.6,941.8,0.0
2024-10-10 11:45:00,157.1,644.0,63.6,27.6,0.0,3.6,928.2,0.0
2024-10-10 12:00:00,142.7,633.6,101.1,0.0,0.0,3.6,706.1,29.5
2024-10-10 12:15:00,129.0,588.1,74.0,0.0,0.0,3.6,521.3,29.5
2024-10-10 12:30:00,172.0,526.0,140.5,0.0,0.0,3.6,608.3,29.5
2024-10-10 12:45:00,139.2,243.9,102.7,0.0,0.0,3.6,792.0,16.3
2024-10-10 13:00:00,296.7,276.7,189.6,144.3,0.0,3.6,993.7,0.0
2024-10-10 13:15:00,147.9,256.8,136.6,144.3,0.0,3.6,781.8,25.2
2024-10-10 13:30:00,128.3,362.6,168.9,118.9,0.0,3.6,832.2,8.0
2024-10-10 13:45:00,151.4,453.9,88.2,141.4,0.0,3.6,769.7,20.7
2024-10-10 14:00:00,145.5,424.7,72.5,141.4,0.0,3.6,933.3,52.8
2024-10-10 14:15:00,54.8,416.9,2.8,74.0,0.0,1.5,872.2,39.4
2024-10-10 14:30:00,197.5,360.5,20.2,0.0,0.0,0.4,802.0,14.7
2024-10-10 14:45:00,248.7,459.7,62.4,0.0,0.0,7.2,803.4,0.0
2024-10-10 15:00:00,191.0,745.9,62.4,0.0,2.5,7.2,904.6,0.0
2024-10-10 15:15:00,187.3,886.6,62.4,0.0,2.5,7.2,737.5,0.0
2024-10-10 15:30:00,386.1,962.3,126.2,0.0,2.5,7.2,767.0,0.0
2024-10-10 15:45:00,486.0,761.9,136.1,0.0,2.5,7.2,792.9,104.7
2024-10-10 16:00:00,438.4,585.5,194.0,0.0,2.5,20.7,647.1,201.8
2024-10-10 16:15:00,320.8,539.3,208.6,0.0,2.5,20.7,642.4,166.8
2024-10-10 16:30:00,402.4,566.0,99.6,0.0,2.5,26.3,788.9,93.2
2024-10-10 16:45:00,505.1,575.8,102.4,0.0,2.5,33.8,884.1,11.5
2024-10-10 17:00:00,332.2,461.6,124.5,0.0,2.5,34.3,749.3,0.0
2024-10-10 17:15:00,293.0,434.5,74.1,0.0,2.5,40.9,495.7,0.0
2024-10-10 17:30:00,221.9,502.6,21.8,0.0,1.8,47.8,308.0,0.0
2024-10-10 17:45:00,157.5,412.8,4.6,0.0,0.0,54.7,104.8,29.1
2024-10-10 18:00:00,86.4,398.0,145.3,0.0,0.0,64.8,0.0,33.9
2024-10-10 18:15:00,135.5,349.5,46.3,0.0,0.0,65.9,0.0,25.9
2024-10-10 18:30:00,168.9,205.5,0.0,0.0,0.0,63.9,0.0,8.2
2024-10-10 18:45:00,104.7,287.8,44.0,0.0,0.0,62.5,0.0,5.2
2024-10-10 19:00:00,129.9,196.5,44.0,0.0,0.0,62.7,151.3,0.0
2024-10-10 19:15:00,84.7,254.9,94.4,0.0,0.0,58.2,151.3,0.0
2024-10-10 19:30:00,68.2,231.0,140.9,0.0,0.0,58.6,380.8,0.0
2024-10-10 19:45:00,168.8,119.8,122.7,0.0,0.0,50.2,610.5,0.0
2024-10-10 20:00:00,165.0,181.2,70.3,0.0,0.0,47.3,643.7,0.0
2024-10-10 20:15:00,96.9,133.2,140.5,0.0,0.0,48.6,511.3,112.0
2024-10-10 20:30:00,137.3,199.2,140.5,0.0,0.0,53.5,216.2,80.4
2024-10-10 20:45:00,182.5,150.7,116.9,41.1,0.0,48.9,89.3,0.0
2024-10-10 21:00:00,256.5,273.5,148.7,128.2,0.0,48.7,152.3,0.0
2024-10-10 21:15:00,325.4,281.7,127.7,128.2,0.0,48.7,152.3,0.0
2024-10-10 21:30:00,273.3,230.5,80.0,179.6,0.0,46.2,77.3,40.7
2024-10-10 21:45:00,447.7,340.4,72.1,1037.6,0.0,50.4,0.0,32.1
2024-10-10 22:00:00,869.2,920.8,2097.8,7222.7,23.8,74.1,152.0,37.9
2024-10-10 22:15:00,767.1,1121.2,2371.7,7426.8,23.8,72.2,303.7,110.8
2024-10-10 22:30:00,535.4,1349.2,2543.1,7575.3,23.8,67.3,439.0,164.9
2024-10-10 22:45:00,564.1,1407.0,2910.0,7446.1,23.8,67.3,408.3,204.5
2024-10-10 23:00:00,429.0,1386.4,2724.5,7349.9,23.8,73.8,415.5,170.0
2024-10-10 23:15:00,335.8,1575.4,2503.0,6726.9,21.5,50.9,585.4,170.2
2024-10-10 23:30:00,467.4,1656.2,2641.3,5440.0,5.2,45.6,731.9,82.2
2024-10-10 23:45:00,324.6,918.3,1376.4,3067.6,5.0,31.0,347.5,22.5
2024-10-11 00:00:00,532.8,1851.3,2861.7,5984.0,5.2,44.7,854.3,30.3
2024-10-11 00:15:00,442.8,1839.6,2844.1,6105.0,5.2,41.5,904.1,30.3
2024-10-11 00:30:00,409.6,1722.9,2717.9,5846.3,5.2,33.2,833.1,60.8
2024-10-11 00:45:00,402.4,1695.0,2629.6,6020.5,10.8,25.3,920.3,46.6
2024-10-11 01:00:00,356.5,1695.8,2535.4,6186.4,10.8,25.3,745.8,46.6
2024-10-11 01:15:00,355.9,1512.3,2195.5,5733.0,10.8,24.9,726.4,46.6
2024-10-11 01:30:00,328.0,1242.0,1758.2,4851.9,10.8,24.1,684.8,9.4
2024-10-11 01:45:00,234.0,868.2,1121.5,3872.6,10.8,24.1,655.8,0.0
2024-10-11 02:00:00,206.3,809.5,750.8,2909.1,10.8,24.1,758.4,0.0
2024-10-11 02:15:00,125.1,780.8,389.6,1991.3,10.8,24.1,741.7,0.0
2024-10-11 02:30:00,51.3,782.8,140.5,1114.2,10.8,24.1,663.2,0.0
2024-10-11 02:45:00,35.1,750.4,134.5,493.1,9.5,24.1,665.0,32.6
2024-10-11 03:00:00,0.0,603.8,83.5,251.7,5.6,18.4,570.2,32.6
2024-10-11 03:15:00,104.5,541.7,79.5,143.7,5.6,17.2,672.6,32.6
2024-10-11 03:30:00,112.4,524.1,71.1,90.8,5.6,17.2,714.4,21.3
2024-10-11 03:45:00,202.0,440.6,30.7,0.0,5.6,14.7,656.8,0.0
2024-10-11 04:00:00,169.8,409.7,0.0,0.0,5.6,13.8,696.0,0.0
2024-10-11 04:15:00,198.3,352.6,0.0,0.0,0.4,13.8,716.7,0.0
2024-10-11 04:30:00,84.6,249.0,0.0,0.0,0.0,13.8,828.1,0.0
2024-10-11 04:45:00,30.3,258.8,27.9,0.0,0.0,13.8,719.6,0.0
2024-10-11 05:00:00,6.1,293.9,59.8,0.0,0.0,13.8,729.6,0.0
2024-10-11 05:15:00,78.5,345.6,238.7,0.0,0.0,13.8,382.0,39.9
2024-10-11 05:30:00,237.5,303.4,127.8,0.0,0.0,8.8,471.7,39.9
2024-10-11 05:45:00,296.9,241.5,13.0,0.0,0.0,6.9,307.2,39.9
2024-10-11 06:00:00,319.7,307.2,0.0,0.0,0.0,3.4,240.7,39.9
2024-10-11 06:15:00,169.6,494.0,0.0,0.0,0.0,1.1,0.0,50.3
2024-10-11 06:30:00,81.9,537.8,0.0,0.0,0.0,1.1,0.0,28.4
2024-10-11 06:45:00,119.3,516.8,0.0,0.0,0.0,1.1,0.0,28.4
2024-10-11 07:00:00,177.6,380.3,25.4,0.0,0.0,7.2,152.3,17.6
2024-10-11 07:15:00,148.5,286.9,25.4,0.0,0.0,6.6,152.3,0.0
2024-10-11 07:30:00,179.9,203.6,25.4,0.0,0.0,6.6,227.8,0.0
2024-10-11 07:45:00,147.5,144.3,22.6,0.0,0.0,9.3,150.0,0.0
2024-10-11 08:00:00,10.5,83.0,0.0,0.0,0.0,3.6,40.5,0.0
2024-10-11 08:15:00,161.8,174.7,0.0,0.0,0.0,5.4,153.6,0.0
2024-10-11 08:30:00,188.4,315.7,0.0,0.0,0.0,5.4,153.6,0.0
2024-10-11 08:45:00,52.2,359.5,0.0,0.0,0.0,5.4,141.5,0.0
2024-10-11 09:00:00,49.5,360.2,0.0,0.0,0.0,5.4,306.5,0.0
2024-10-11 09:15:00,49.5,239.6,0.0,0.0,0.0,5.4,306.5,0.0
2024-10-11 09:30:00,49.5,103.6,0.0,0.0,0.0,5.4,459.0,0.0
2024-10-11 09:45:00,49.5,235.1,0.0,0.0,0.0,3.3,460.8,0.0
2024-10-11 10:00:00,35.0,401.8,21.7,0.0,0.0,2.2,614.5,0.0
2024-10-11 10:15:00,0.0,179.1,62.9,0.0,0.0,0.0,339.0,0.0
2024-10-11 10:30:00,42.0,145.4,69.0,0.0,0.0,0.0,463.8,0.0
2024-10-11 10:45:00,42.0,191.3,69.0,0.0,0.0,3.3,653.2,0.0
2024-10-11 11:00:00,207.9,282.1,74.8,0.0,0.0,3.3,765.3,0.0
2024-10-11 11:15:00,178.7,193.1,4.6,0.0,0.0,9.9,735.9,0.0
2024-10-11 11:30:00,255.9,254.3,61.6,0.0,0.0,9.9,798.2,3.2
2024-10-11 11:45:00,285.8,432.6,87.1,0.0,0.0,4.5,918.8,39.8
2024-10-11 12:00:00,224.4,414.7,98.9,0.0,0.0,10.2,865.4,39.8
2024-10-11 12:15:00,98.4,400.9,63.1,0.0,0.0,10.2,844.7,39.8
2024-10-11 12:30:00,66.6,372.7,37.7,72.9,0.0,12.2,784.3,39.8
2024-10-11 12:45:00,115.6,452.2,34.8,145.1,0.0,10.1,948.6,45.7
2024-10-11 13:00:00,107.8,370.1,61.0,145.1,0.0,16.8,867.6,0.0
2024-10-11 13:15:00,116.3,297.7,61.0,145.1,0.0,16.8,812.4,0.0
2024-10-11 13:30:00,112.5,384.1,79.2,85.0,1.0,16.8,851.8,0.0
2024-10-11 13:45:00,103.0,541.8,97.6,15.8,1.0,16.8,506.9,0.0
2024-10-11 14:00:00,120.7,666.4,119.4,0.0,1.0,16.8,643.2,33.6
2024-10-11 14:15:00,197.5,619.9,62.1,0.0,1.0,23.6,751.9,0.0
2024-10-11 14:30:00,174.0,737.7,57.7,0.0,1.0,23.6,921.7,0.0
2024-10-11 14:45:00,195.3,627.3,77.9,0.0,3.6,23.6,922.1,0.0
2024-10-11 15:00:00,191.9,747.8,173.1,0.0,3.6,26.8,813.3,64.9
2024-10-11 15:15:00,364.0,906.0,131.3,0.0,2.7,26.8,752.6,64.5
2024-10-11 15:30:00,354.6,970.7,278.6,0.0,2.6,27.7,668.5,16.3
2024-10-11 15:45:00,241.9,1144.6,405.8,0.0,2.6,26.9,797.6,31.4
2024-10-11 16:00:00,180.9,1178.7,292.1,0.0,2.6,26.9,825.9,57.0
2024-10-11 16:15:00,145.4,841.3,309.0,0.0,2.6,26.7,912.1,34.3
2024-10-11 16:30:00,214.2,449.5,210.2,0.0,2.6,27.0,800.0,80.0
2024-10-11 16:45:00,131.2,293.2,101.9,0.0,2.6,27.0,862.8,57.0
2024-10-11 17:00:00,181.8,473.0,132.5,0.0,2.6,33.9,771.2,116.7
2024-10-11 17:15:00,213.6,472.5,183.4,0.0,1.0,38.6,573.0,46.8
2024-10-11 17:30:00,295.3,430.1,183.4,0.0,0.0,45.0,526.3,0.0
2024-10-11 17:45:00,159.1,218.9,167.4,0.0,0.0,34.4,449.3,46.8
2024-10-11 18:00:00,141.4,216.5,107.4,0.0,0.0,32.8,165.0,19.2
2024-10-11 18:15:00,53.6,242.0,176.1,0.0,0.0,30.1,0.0,0.0
2024-10-11 18:30:00,32.6,197.8,72.4,0.0,0.0,42.1,0.0,0.0
2024-10-11 18:45:00,89.1,322.4,105.7,0.0,0.0,43.8,151.2,0.0
2024-10-11 19:00:00,20.8,154.4,112.3,0.0,0.0,43.6,304.0,0.0
2024-10-11 19:15:00,10.7,123.2,102.8,0.0,0.0,43.6,196.3,0.0
2024-10-11 19:30:00,0.0,147.6,76.3,0.0,0.0,50.3,77.6,0.0
2024-10-11 19:45:00,49.8,275.1,76.3,0.0,0.0,47.8,152.8,0.0
2024-10-11 20:00:00,36.6,342.6,63.4,2.8,0.0,47.2,152.8,0.0
2024-10-11 20:15:00,169.0,321.4,48.4,0.0,0.0,42.5,267.2,0.0
2024-10-11 20:30:00,126.9,335.2,69.9,34.5,0.0,31.8,459.2,0.0
2024-10-11 20:45:00,118.0,327.8,142.9,34.5,0.0,31.4,414.8,33.2
2024-10-11 21:00:00,111.4,259.7,223.9,74.3,6.5,31.4,298.0,95.8
2024-10-11 21:15:00,88.5,172.3,121.6,201.4,12.9,29.5,307.1,95.5
2024-10-11 21:30:00,116.7,144.3,91.4,351.0,12.9,24.2,611.3,37.9
2024-10-11 21:45:00,248.7,322.1,60.9,1296.8,12.9,21.3,764.9,20.5
2024-10-11 22:00:00,763.8,802.6,2266.4,6924.4,41.0,47.4,499.2,56.0
2024-10-11 22:15:00,827.4,1142.0,2364.9,7188.9,41.0,54.3,180.4,56.0
2024-10-11 22:30:00,782.3,1001.3,2398.4,7320.7,41.0,54.3,179.3,56.0
2024-10-11 22:45:00,505.2,1175.1,2993.1,7221.7,41.0,61.4,306.9,57.5
2024-10-11 23:00:00,527.3,1063.4,2771.3,6935.1,41.0,64.9,613.5,51.3
2024-10-11 23:15:00,484.8,1134.8,2238.3,6129.7,41.0,58.3,513.1,48.9
2024-10-11 23:30:00,496.0,1370.4,2364.8,5315.0,41.0,65.1,609.6,62.2
2024-10-11 23:45:00,206.9,852.2,1388.1,3070.6,25.7,37.7,201.7,18.0
2024-10-12 00:00:00,580.5,2089.4,2789.6,4235.4,41.0,65.1,459.2,82.6
2024-10-12 00:15:00,522.3,2112.7,2872.4,4184.3,34.2,65.1,487.0,72.5
2024-10-12 00:30:00,427.4,1750.5,2799.2,5272.5,31.1,64.0,466.3,95.8
2024-10-12 00:45:00,340.2,1569.4,2587.2,6207.0,31.1,58.3,668.2,95.8
2024-10-12 01:00:00,368.2,1583.1,2458.7,6381.1,31.1,54.0,766.3,55.3
2024-10-12 01:15:00,416.8,1378.8,2272.5,6033.0,31.1,53.3,954.8,87.8
2024-10-12 01:30:00,263.9,1280.0,1941.5,5222.0,21.1,53.3,978.0,95.6
2024-10-12 01:45:00,357.7,1082.0,1250.8,4235.4,19.5,44.4,864.1,95.6
2024-10-12 02:00:00,341.4,782.1,880.9,3264.7,19.5,34.7,774.0,95.6
2024-10-12 02:15:00,235.2,893.4,604.4,2772.4,19.5,30.0,807.2,77.0
2024-10-12 02:30:00,198.6,789.3,429.0,2012.0,19.5,29.2,962.7,84.8
2024-10-12 02:45:00,343.6,666.3,167.9,1264.0,19.5,23.2,875.6,49.2
2024-10-12 03:00:00,304.7,670.4,124.4,493.7,21.0,23.2,746.7,49.2
2024-10-12 03:15:00,260.6,612.1,111.2,212.3,21.0,19.6,767.2,49.2
2024-10-12 03:30:00,167.7,505.3,101.1,95.2,21.0,17.1,730.9,30.3
2024-10-12 03:45:00,125.4,437.1,110.1,93.2,21.0,17.1,741.5,23.0
2024-10-12 04:00:00,123.0,454.2,151.1,70.6,18.4,13.7,661.6,13.5
2024-10-12 04:15:00,132.3,507.4,192.7,70.6,13.1,13.7,673.6,0.0
2024-10-12 04:30:00,195.1,505.8,180.9,70.6,13.1,13.7,655.1,0.0
2024-10-12 04:45:00,190.6,546.1,251.5,70.6,13.1,12.0,775.6,31.1
2024-10-12 05:00:00,245.6,493.9,127.0,61.8,13.1,10.7,798.8,31.1
2024-10-12 05:15:00,190.2,412.5,49.1,0.0,13.1,6.5,926.3,31.1
2024-10-12 05:30:00,181.9,233.3,91.9,0.0,8.3,3.6,968.6,19.1
2024-10-12 05:45:00,194.7,184.2,60.9,0.0,6.5,3.6,770.3,0.0
2024-10-12 06:00:00,136.1,218.3,29.1,0.0,6.5,2.3,831.3,0.0
2024-10-12 06:15:00,117.3,246.9,20.0,0.0,6.5,1.3,659.7,22.7
2024-10-12 06:30:00,153.1,196.0,0.0,0.0,3.7,1.3,572.6,22.7
2024-10-12 06:45:00,109.2,260.9,0.0,0.0,0.0,1.0,460.1,2.6
2024-10-12 07:00:00,85.9,405.7,0.0,0.0,0.0,0.0,473.8,0.0
2024-10-12 07:15:00,53.6,382.4,21.0,0.0,0.0,0.7,320.7,0.0
2024-10-12 07:30:00,0.0,462.7,41.5,0.0,0.0,6.7,547.2,0.0
2024-10-12 07:45:00,130.7,484.6,17.5,0.0,0.0,6.7,452.7,0.0
2024-10-12 08:00:00,86.5,508.0,0.0,0.0,0.0,6.0,272.5,0.0
2024-10-12 08:15:00,26.1,356.9,0.0,0.0,0.0,6.0,91.7,0.0
2024-10-12 08:30:00,75.7,190.2,18.6,0.0,0.0,6.0,151.2,0.0
2024-10-12 08:45:00,81.7,139.5,18.6,0.0,0.0,6.0,151.2,0.0
2024-10-12 09:00:00,53.9,241.9,15.5,0.0,0.0,6.0,61.2,0.0
2024-10-12 09:15:00,43.5,269.4,0.0,0.0,0.0,6.0,0.0,0.0
2024-10-12 09:30:00,31.3,340.7,40.8,0.0,0.0,6.0,0.0,0.0
2024-10-12 09:45:00,31.3,249.2,40.8,0.0,0.0,6.0,308.8,0.0
2024-10-12 10:00:00,43.5,157.2,40.8,0.0,0.0,6.0,462.3,0.0
2024-10-12 10:15:00,33.1,206.5,29.9,0.0,0.0,6.0,769.5,0.0
2024-10-12 10:30:00,2.2,179.0,44.4,0.0,0.0,6.0,546.7,0.0
2024-10-12 10:45:00,0.0,179.3,40.4,0.0,0.0,6.0,307.2,0.0
2024-10-12 11:00:00,0.0,359.7,116.6,119.7,0.0,0.4,87.5,12.2
2024-10-12 11:15:00,73.1,431.4,312.0,129.5,0.0,0.0,153.4,7.0
2024-10-12 11:30:00,117.3,783.7,351.5,129.5,0.0,3.2,305.6,35.9
2024-10-12 11:45:00,248.9,807.3,425.0,162.7,0.0,3.2,614.4,74.3
2024-10-12 12:00:00,248.7,927.0,297.2,159.1,3.7,10.2,827.4,39.4
2024-10-12 12:15:00,144.4,775.8,54.1,67.0,3.7,7.3,931.8,39.4
2024-10-12 12:30:00,144.4,628.0,7.1,10.4,3.7,7.0,790.1,67.4
2024-10-12 12:45:00,214.7,417.8,0.0,149.1,3.7,5.4,697.3,67.4
2024-10-12 13:00:00,210.4,344.8,41.4,145.9,2.7,5.2,791.9,51.7
2024-10-12 13:15:00,159.6,467.1,60.1,145.9,6.6,5.2,732.8,28.0
2024-10-12 13:30:00,118.7,468.4,51.4,145.9,6.6,5.2,805.6,28.0
2024-10-12 13:45:00,110.8,351.7,96.6,32.8,6.6,5.2,837.2,14.3
2024-10-12 14:00:00,129.5,329.6,81.2,0.0,6.6,11.9,986.1,0.0
2024-10-12 14:15:00,187.0,418.4,51.1,0.0,6.6,11.9,993.9,0.0
2024-10-12 14:30:00,237.8,598.0,64.6,0.0,9.1,11.9,889.4,0.0
2024-10-12 14:45:00,277.3,633.4,88.4,0.0,9.1,11.9,781.5,0.0
2024-10-12 15:00:00,270.1,707.2,209.3,0.0,3.6,11.9,928.0,0.0
2024-10-12 15:15:00,190.6,760.1,221.9,0.0,2.5,11.9,704.4,78.4
2024-10-12 15:30:00,94.7,682.3,226.3,0.0,2.5,11.9,804.0,142.0
2024-10-12 15:45:00,133.3,792.8,112.0,0.0,2.5,11.9,775.1,77.1
2024-10-12 16:00:00,335.6,822.0,112.4,0.0,2.5,25.6,966.4,137.7
2024-10-12 16:15:00,271.8,857.0,71.3,0.0,2.5,26.8,891.0,85.5
2024-10-12 16:30:00,256.1,698.3,36.4,0.0,2.5,22.7,894.4,55.9
2024-10-12 16:45:00,261.4,638.8,85.0,0.0,2.5,29.3,892.5,41.6
2024-10-12 17:00:00,481.1,600.3,53.4,0.0,2.5,29.2,766.9,41.6
2024-10-12 17:15:00,484.0,485.2,50.6,0.0,0.3,27.7,853.8,12.1
2024-10-12 17:30:00,503.3,300.6,26.5,0.0,0.0,43.0,758.2,0.0
2024-10-12 17:45:00,355.4,295.0,39.9,0.0,0.0,37.0,902.3,0.0
2024-10-12 18:00:00,240.0,287.5,27.0,0.0,0.0,33.0,758.0,0.0
2024-10-12 18:15:00,113.9,276.8,127.3,0.0,0.0,31.2,626.4,0.0
2024-10-12 18:30:00,24.7,178.1,106.5,0.0,0.0,33.5,460.5,0.0
2024-10-12 18:45:00,55.6,197.5,29.9,0.0,0.0,33.5,401.2,0.0
2024-10-12 19:00:00,55.6,175.0,156.3,0.0,0.0,30.9,153.6,0.0
2024-10-12 19:15:00,25.8,274.2,198.6,0.0,0.8,33.7,82.1,37.2
2024-10-12 19:30:00,60.2,335.1,182.4,0.0,0.0,33.6,152.6,37.2
2024-10-12 19:45:00,73.7,274.2,121.9,0.0,0.0,30.2,458.8,34.1
2024-10-12 20:00:00,73.7,375.9,153.4,0.0,0.0,25.1,579.2,0.0
2024-10-12 20:15:00,88.1,313.5,96.2,132.7,0.0,24.3,552.1,0.0
2024-10-12 20:30:00,89.1,252.9,39.2,185.1,0.0,24.3,590.4,0.0
2024-10-12 20:45:00,138.7,342.2,110.7,192.7,0.0,19.9,736.1,0.0
2024-10-12 21:00:00,214.6,388.9,190.1,188.7,0.0,27.2,538.2,0.0
2024-10-12 21:15:00,268.7,399.7,167.2,232.2,0.0,26.5,349.2,0.0
2024-10-12 21:30:00,278.6,423.4,133.2,339.0,0.0,30.7,302.8,30.8
2024-10-12 21:45:00,271.8,588.9,69.5,966.3,0.0,43.5,570.2,36.5
2024-10-12 22:00:00,397.1,764.2,2179.7,6840.6,13.2,73.4,563.6,62.4
2024-10-12 22:15:00,955.2,1087.3,2419.6,7158.5,19.7,81.2,236.4,109.2
2024-10-12 22:30:00,1005.5,1027.8,2322.9,7145.9,37.5,85.6,294.7,104.4
2024-10-12 22:45:00,1042.2,1200.3,2882.9,7017.4,37.5,82.4,304.9,133.8
2024-10-12 23:00:00,764.8,1064.3,2796.9,6733.9,38.6,82.4,421.1,83.2
2024-10-12 23:15:00,497.6,1053.0,2592.2,5980.4,28.6,80.2,577.6,13.0
2024-10-12 23:30:00,353.4,1065.6,2578.0,5261.8,28.6,75.9,605.3,0.0
2024-10-12 23:45:00,238.6,594.3,1128.3,2930.9,21.8,51.2,404.9,0.0
2024-10-13 00:00:00,495.2,1516.9,2839.3,5376.8,28.6,67.7,887.4,0.0
2024-10-13 00:15:00,544.0,1701.4,2903.8,5520.4,28.6,65.3,857.2,155.9
2024-10-13 00:30:00,405.3,2103.4,2838.1,6149.3,27.7,58.2,827.6,155.9
2024-10-13 00:45:00,279.0,1864.2,2807.7,5922.6,16.9,57.1,750.6,155.9
2024-10-13 01:00:00,374.5,1633.9,2513.7,6670.8,11.5,57.1,727.4,165.4
2024-10-13 01:15:00,484.8,1430.8,2376.1,6353.4,11.5,54.5,603.1,131.8
2024-10-13 01:30:00,468.7,1291.5,2192.2,5809.6,11.5,40.4,425.0,69.0
2024-10-13 01:45:00,336.1,1111.9,1933.5,4565.1,11.5,30.8,597.3,76.5
2024-10-13 02:00:00,231.7,960.3,1331.1,3451.1,11.5,24.6,591.7,76.2
2024-10-13 02:15:00,103.9,794.8,554.0,2457.5,11.5,24.0,761.0,44.5
2024-10-13 02:30:00,119.1,585.8,293.0,1727.5,11.5,24.0,618.1,29.2
2024-10-13 02:45:00,150.1,570.2,247.9,1176.4,11.5,24.0,745.1,0.0
2024-10-13 03:00:00,274.8,475.6,204.9,559.1,11.5,24.0,593.2,51.5
2024-10-13 03:15:00,261.5,539.4,256.2,128.3,11.5,24.0,573.3,90.5
2024-10-13 03:30:00,280.3,600.0,231.9,18.4,11.5,24.0,302.7,143.0
2024-10-13 03:45:00,167.6,589.4,122.5,0.0,11.5,24.0,440.3,192.1
2024-10-13 04:00:00,160.1,616.1,68.1,0.0,11.5,18.0,593.1,133.8
2024-10-13 04:15:00,109.3,691.1,51.1,0.0,5.6,17.0,858.0,74.5
2024-10-13 04:30:00,142.0,619.9,43.6,0.0,5.0,17.0,739.8,35.8
2024-10-13 04:45:00,151.4,556.8,188.0,0.0,5.0,16.0,777.9,0.0
2024-10-13 05:00:00,140.4,502.4,117.8,0.0,5.0,10.0,598.7,0.0
2024-10-13 05:15:00,186.4,509.6,68.6,0.0,4.8,9.3,588.9,0.0
2024-10-13 05:30:00,319.1,576.8,33.1,0.0,0.0,1.1,632.8,62.2
2024-10-13 05:45:00,218.0,505.6,7.1,0.0,0.0,0.0,774.9,62.2
2024-10-13 06:00:00,221.2,370.9,0.0,0.0,0.0,0.0,868.3,51.7
2024-10-13 06:15:00,133.7,461.5,34.1,0.0,0.0,0.0,672.9,38.7
2024-10-13 06:30:00,137.8,285.3,113.0,0.0,0.0,0.0,408.4,38.7
2024-10-13 06:45:00,112.8,233.2,109.9,0.0,0.0,6.7,608.7,20.5
2024-10-13 07:00:00,58.7,288.3,60.5,0.0,0.0,6.7,666.0,0.0
2024-10-13 07:15:00,60.9,340.7,66.4,0.0,0.0,6.7,883.3,0.0
2024-10-13 07:30:00,92.0,321.6,47.5,0.0,0.0,6.7,553.7,0.0
2024-10-13 07:45:00,77.2,299.4,58.9,0.0,0.0,6.7,600.5,0.0
2024-10-13 08:00:00,62.4,377.0,12.6,0.0,0.0,10.1,481.8,0.0
2024-10-13 08:15:00,107.7,194.7,12.6,0.0,0.0,9.7,272.7,0.0
2024-10-13 08:30:00,107.7,165.5,50.1,0.0,0.0,6.2,10.2,0.0
2024-10-13 08:45:00,140.1,162.2,44.6,0.0,0.0,6.2,0.0,0.0
2024-10-13 09:00:00,65.2,254.7,17.4,0.0,0.0,9.2,304.2,0.0
2024-10-13 09:15:00,30.1,325.1,13.9,0.0,0.0,16.0,458.2,0.0
2024-10-13 09:30:00,7.5,196.3,12.2,0.0,0.0,16.0,603.7,0.0
2024-10-13 09:45:00,54.9,259.5,0.0,0.0,0.0,17.4,556.0,15.7
2024-10-13 10:00:00,14.7,382.5,0.0,0.0,0.0,22.4,396.9,15.7
2024-10-13 10:15:00,58.0,357.5,0.0,0.0,0.0,22.4,194.9,15.7
2024-10-13 10:30:00,136.1,167.2,0.0,0.0,0.0,20.6,236.1,11.6
2024-10-13 10:45:00,136.1,237.2,0.0,0.0,0.0,22.5,306.1,0.0
2024-10-13 11:00:00,165.8,113.7,94.4,0.0,0.0,21.8,408.1,35.1
2024-10-13 11:15:00,167.1,224.9,120.8,0.0,0.0,25.4,410.1,35.1
2024-10-13 11:30:00,163.4,130.5,175.9,0.0,0.0,17.2,250.9,64.0
2024-10-13 11:45:00,135.1,85.1,234.5,202.1,0.0,13.7,404.2,39.1
2024-10-13 12:00:00,151.0,195.2,180.4,202.1,0.0,20.6,456.7,15.8
2024-10-13 12:15:00,292.8,317.1,71.7,163.0,0.0,24.0,495.0,0.0
2024-10-13 12:30:00,216.2,300.4,57.9,19.2,0.0,29.9,385.1,0.0
2024-10-13 12:45:00,174.9,347.5,85.8,0.0,0.0,29.9,536.7,0.0
2024-10-13 13:00:00,200.7,387.5,83.9,0.0,0.0,27.4,483.6,37.3
2024-10-13 13:15:00,250.9,399.0,56.1,0.0,0.0,25.9,511.3,35.9
2024-10-13 13:30:00,257.5,423.0,157.4,0.0,0.0,21.3,566.3,0.0
2024-10-13 13:45:00,179.2,467.4,195.9,0.0,6.9,21.3,417.2,0.0
2024-10-13 14:00:00,150.5,451.7,185.7,0.0,6.9,27.7,492.9,0.0
2024-10-13 14:15:00,110.2,527.5,331.4,0.0,6.9,43.4,460.4,0.0
2024-10-13 14:30:00,191.7,524.3,150.9,0.0,24.5,40.0,723.1,0.0
2024-10-13 14:45:00,163.6,612.6,66.1,0.0,24.5,32.5,753.3,63.2
2024-10-13 15:00:00,185.1,537.2,82.2,0.0,22.9,25.8,857.7,105.5
2024-10-13 15:15:00,222.1,498.1,79.4,0.0,17.7,30.2,727.2,81.8
2024-10-13 15:30:00,177.0,598.0,121.4,0.0,17.7,27.8,581.2,44.3
2024-10-13 15:45:00,179.3,567.0,114.5,0.0,6.1,30.0,453.3,8.8
2024-10-13 16:00:00,225.0,422.3,115.4,0.0,0.0,30.0,605.3,0.0
2024-10-13 16:15:00,205.6,353.8,63.5,0.0,0.0,30.0,623.7,70.8
2024-10-13 16:30:00,280.3,436.8,28.2,0.0,0.0,30.0,777.7,98.4
2024-10-13 16:45:00,187.0,415.5,101.6,0.0,0.0,30.0,732.4,111.3
2024-10-13 17:00:00,129.9,337.6,124.5,0.0,0.0,25.6,724.2,32.4
2024-10-13 17:15:00,133.8,211.1,204.1,0.0,0.0,23.2,788.1,0.0
2024-10-13 17:30:00,210.3,449.6,171.2,0.0,0.0,32.9,787.6,0.0
2024-10-13 17:45:00,138.7,336.9,125.3,0.0,0.0,32.9,843.9,0.0
2024-10-13 18:00:00,37.4,215.8,106.1,0.0,0.0,30.9,780.9,0.0
2024-10-13 18:15:00,19.8,201.0,67.2,0.0,0.0,21.2,797.7,0.0
2024-10-13 18:30:00,122.5,228.3,38.7,0.0,0.0,24.3,601.2,0.0
2024-10-13 18:45:00,178.8,75.7,106.9,0.0,0.0,30.1,614.9,0.0
2024-10-13 19:00:00,207.6,0.0,76.2,0.0,0.0,26.3,631.6,0.0
2024-10-13 19:15:00,203.9,0.0,46.2,0.0,0.0,36.4,633.7,0.0
2024-10-13 19:30:00,124.4,24.9,62.5,0.0,0.0,42.9,577.7,0.0
2024-10-13 19:45:00,196.1,43.0,51.7,0.0,6.5,43.4,608.4,89.7
2024-10-13 20:00:00,213.4,327.1,43.6,0.0,6.5,42.9,613.8,79.5
2024-10-13 20:15:00,131.5,435.1,56.6,0.0,6.5,42.9,244.8,51.6
2024-10-13 20:30:00,149.4,309.8,66.7,19.6,6.5,42.9,152.9,0.0
2024-10-13 20:45:00,152.1,246.5,65.2,45.6,6.5,42.9,339.3,0.0
2024-10-13 21:00:00,211.4,331.5,153.7,45.6,6.5,42.9,306.4,37.7
2024-10-13 21:15:00,214.2,307.0,182.2,143.5,6.5,42.9,593.8,56.9
2024-10-13 21:30:00,231.2,385.9,140.0,446.5,6.5,39.0,310.1,76.2
2024-10-13 21:45:00,197.3,562.9,74.1,1181.3,6.5,42.9,239.8,54.8
2024-10-13 22:00:00,829.5,1216.0,2265.1,5625.5,43.7,66.5,153.4,30.4
2024-10-13 22:15:00,1069.4,1587.3,2301.5,6101.4,43.7,64.0,153.4,27.9
2024-10-13 22:30:00,1024.2,1827.1,2373.4,6203.1,43.7,64.0,303.8,27.9
2024-10-13 22:45:00,861.9,1600.2,2746.8,6135.9,43.7,64.0,495.1,17.9
2024-10-13 23:00:00,488.2,1461.8,2536.5,6122.0,36.9,64.0,611.8,0.0
2024-10-13 23:15:00,319.8,1566.8,2906.8,5910.1,24.5,64.0,476.3,22.9
2024-10-13 23:30:00,272.7,1341.9,2726.6,5292.8,24.5,64.0,503.1,38.5
2024-10-13 23:45:00,240.6,708.1,1500.8,2573.0,15.0,40.3,318.9,10.1
2024-10-14 00:00:00,632.0,1700.3,2530.8,4628.7,24.5,62.9,458.6,19.4
2024-10-14 00:15:00,641.9,1780.6,2554.1,4638.6,24.5,56.6,427.1,47.8
2024-10-14 00:30:00,493.9,1842.5,2221.4,4816.1,24.5,53.6,356.3,47.8
2024-10-14 00:45:00,464.1,1596.7,1994.7,5285.8,24.5,53.6,615.1,36.9
2024-10-14 01:00:00,362.2,1344.9,1648.2,5883.5,24.5,50.0,645.0,58.8
2024-10-14 01:15:00,283.2,1093.4,1279.7,5535.7,24.5,46.9,775.9,58.8
2024-10-14 01:30:00,225.9,1107.4,995.4,4617.0,24.5,46.9,688.5,61.1
2024-10-14 01:45:00,316.4,813.5,679.6,3628.0,24.5,46.2,671.1,30.3
2024-10-14 02:00:00,316.3,665.3,397.5,2528.2,20.7,42.7,673.2,24.0
2024-10-14 02:15:00,254.2,482.7,220.3,2052.7,18.7,38.2,669.9,0.0
2024-10-14 02:30:00,207.2,570.9,166.9,1716.9,18.7,28.5,686.2,0.0
2024-10-14 02:45:00,116.4,697.6,70.8,1126.4,18.7,25.8,613.4,0.0
2024-10-14 03:00:00,54.5,547.6,38.1,676.0,18.7,19.9,577.9,0.0
2024-10-14 03:15:00,194.2,430.8,48.7,394.4,18.7,14.0,640.6,0.0
2024-10-14 03:30:00,311.7,496.0,113.8,171.7,18.7,7.9,815.2,39.1
2024-10-14 03:45:00,362.0,403.9,98.5,58.1,14.7,7.9,813.1,39.1
2024-10-14 04:00:00,178.5,307.6,92.3,0.0,12.2,7.9,743.8,39.1
2024-10-14 04:15:00,159.7,281.6,47.3,0.0,12.2,7.9,609.2,20.4
2024-10-14 04:30:00,143.7,361.6,66.4,0.0,5.9,7.9,748.8,0.0
2024-10-14 04:45:00,232.4,315.4,50.6,0.0,5.8,7.9,774.9,0.0
2024-10-14 05:00:00,271.1,284.3,117.0,0.0,5.8,1.9,858.1,41.0
2024-10-14 05:15:00,301.4,239.0,126.0,0.0,3.5,1.0,744.9,41.0
2024-10-14 05:30:00,161.0,176.9,105.5,0.0,0.0,1.0,874.3,41.0
2024-10-14 05:45:00,227.9,119.4,29.9,0.0,0.0,8.0,922.0,16.2
2024-10-14 06:00:00,233.8,103.9,0.0,0.0,0.0,8.0,850.0,0.0
2024-10-14 06:15:00,167.5,131.1,48.9,0.0,0.0,9.2,677.3,0.0
2024-10-14 06:30:00,218.9,247.2,48.9,0.0,0.0,8.0,369.7,0.0
2024-10-14 06:45:00,165.4,339.5,3.5,0.0,0.0,8.0,345.8,21.8
2024-10-14 07:00:00,213.9,267.6,0.0,0.0,0.0,8.0,487.6,21.8
2024-10-14 07:15:00,157.3,198.9,0.0,0.0,0.0,8.0,613.7,0.1
2024-10-14 07:30:00,59.3,254.2,0.0,0.0,6.0,8.0,674.1,0.0
2024-10-14 07:45:00,107.1,206.1,0.0,0.0,12.1,11.1,589.0,0.0
2024-10-14 08:00:00,101.3,414.4,0.0,0.0,18.8,11.1,753.6,0.0
2024-10-14 08:15:00,229.3,247.7,0.0,0.0,18.8,20.3,416.5,0.0
2024-10-14 08:30:00,210.9,301.7,0.0,0.0,18.8,23.7,283.6,0.0
2024-10-14 08:45:00,234.7,335.9,0.0,0.0,18.8,23.7,152.7,0.0
2024-10-14 09:00:00,137.4,270.7,0.0,0.0,18.8,26.5,112.2,0.0
2024-10-14 09:15:00,88.0,227.9,0.0,0.0,18.8,26.0,0.0,0.0
2024-10-14 09:30:00,46.8,182.8,0.0,52.6,18.8,26.0,152.6,0.0
2024-10-14 09:45:00,25.8,98.3,0.0,52.6,18.8,26.0,152.6,0.0
2024-10-14 10:00:00,28.1,167.9,7.9,52.6,18.8,32.9,148.4,0.0
2024-10-14 10:15:00,39.3,181.5,7.9,52.6,18.8,30.7,0.0,0.0
2024-10-14 10:30:00,87.0,165.6,47.8,52.6,18.8,28.9,0.0,0.0
2024-10-14 10:45:00,117.1,158.4,47.8,15.4,13.2,23.2,154.3,0.0
2024-10-14 11:00:00,138.4,364.5,160.7,0.0,12.1,23.2,306.3,0.0
2024-10-14 11:15:00,264.3,398.3,174.3,0.0,15.4,23.2,459.6,0.0
2024-10-14 11:30:00,355.2,559.6,94.9,0.0,15.4,23.2,619.1,0.0
2024-10-14 11:45:00,429.4,611.6,76.1,0.0,15.4,23.2,582.3,0.0
2024-10-14 12:00:00,460.7,770.7,74.7,0.0,15.4,23.2,409.4,0.0
2024-10-14 12:15:00,392.9,531.0,87.7,72.0,12.3,20.2,133.8,0.0
2024-10-14 12:30:00,187.5,360.3,121.0,72.0,27.6,23.4,153.9,30.3
2024-10-14 12:45:00,120.4,491.0,108.9,72.0,17.8,20.2,153.9,30.3
2024-10-14 13:00:00,113.6,534.9,147.7,65.2,17.8,17.4,432.6,66.5
2024-10-14 13:15:00,124.8,549.3,113.3,71.8,17.8,17.0,613.9,31.6
2024-10-14 13:30:00,189.7,456.7,71.7,71.8,17.8,17.0,643.3,92.3
2024-10-14 13:45:00,256.3,458.1,101.7,71.8,17.8,9.4,767.4,130.7
2024-10-14 14:00:00,297.4,414.0,109.7,71.8,17.8,6.9,830.5,109.6
2024-10-14 14:15:00,118.1,467.3,137.8,84.3,17.8,6.9,833.2,115.6
2024-10-14 14:30:00,207.0,756.3,152.0,9.5,17.8,6.9,924.2,156.9
2024-10-14 14:45:00,253.6,678.1,196.2,0.8,18.2,6.9,861.4,124.8
2024-10-14 15:00:00,347.5,780.1,144.7,0.0,20.2,6.9,789.5,94.9
2024-10-14 15:15:00,341.6,635.9,135.3,1.6,17.8,6.6,615.4,83.4
2024-10-14 15:30:00,375.5,625.3,140.3,0.0,17.8,6.9,973.4,23.3
2024-10-14 15:45:00,462.6,653.9,170.5,0.0,17.8,6.9,864.3,38.2
2024-10-14 16:00:00,321.0,545.5,135.5,0.0,17.8,6.9,837.8,81.4
2024-10-14 16:15:00,394.8,487.7,76.7,0.0,0.1,6.9,935.1,90.8
2024-10-14 16:30:00,506.6,569.3,122.5,35.4,0.0,7.1,770.8,38.1
2024-10-14 16:45:00,416.1,489.0,186.6,41.4,0.0,13.0,811.9,31.3
2024-10-14 17:00:00,244.5,402.2,162.7,36.9,0.0,11.8,847.0,16.0
2024-10-14 17:15:00,236.2,382.6,71.6,18.3,0.0,11.8,882.8,36.8
2024-10-14 17:30:00,206.5,324.4,46.2,1.6,0.0,22.0,833.8,0.0
2024-10-14 17:45:00,281.4,120.2,46.2,2.4,0.0,22.0,916.7,15.6
2024-10-14 18:00:00,142.8,50.4,134.9,9.6,0.0,31.8,868.6,0.0
2024-10-14 18:15:00,70.0,121.0,73.7,0.0,6.8,31.8,654.6,0.0
2024-10-14 18:30:00,165.2,101.8,39.9,0.0,6.8,50.8,503.1,28.8
2024-10-14 18:45:00,98.9,36.7,77.3,0.0,6.8,57.9,351.7,28.8
2024-10-14 19:00:00,146.4,301.5,61.9,0.0,6.8,60.7,592.1,28.8
2024-10-14 19:15:00,183.1,432.8,105.3,0.0,6.8,67.6,633.5,28.8
2024-10-14 19:30:00,46.7,393.1,105.3,0.0,6.8,68.8,852.1,5.9
2024-10-14 19:45:00,10.7,271.7,86.9,0.0,6.8,67.6,763.0,0.0
2024-10-14 20:00:00,98.7,201.9,157.4,0.0,9.4,66.5,640.4,0.0
2024-10-14 20:15:00,68.3,400.4,157.4,0.0,9.4,65.2,445.8,28.9
2024-10-14 20:30:00,74.2,441.9,180.6,0.0,9.4,61.5,280.1,58.2
2024-10-14 20:45:00,71.2,493.5,195.5,0.0,9.4,49.9,404.9,49.5
2024-10-14 21:00:00,122.0,636.7,184.7,0.0,9.4,46.8,458.0,29.3
2024-10-14 21:15:00,83.9,715.9,184.7,40.2,9.4,55.0,336.3,29.3
2024-10-14 21:30:00,140.6,634.9,175.8,35.0,15.2,52.6,126.6,5.3
2024-10-14 21:45:00,147.9,506.3,237.3,1337.1,15.2,52.6,0.0,35.3
2024-10-14 22:00:00,575.6,990.4,2351.5,7515.2,33.6,66.0,152.2,90.5
2024-10-14 22:15:00,699.7,1428.6,2299.2,7621.6,33.6,66.7,457.2,133.2
2024-10-14 22:30:00,768.0,1578.4,2163.3,7671.9,32.0,66.2,551.3,111.2
2024-10-14 22:45:00,627.9,1732.3,2909.4,7761.3,30.9,77.4,380.4,108.9
2024-10-14 23:00:00,574.6,1443.1,2878.8,7413.7,36.5,74.4,286.1,90.1
2024-10-14 23:15:00,554.7,1455.2,2412.4,6834.8,36.5,68.7,460.7,41.7
2024-10-14 23:30:00,554.2,1536.5,2668.8,5489.8,19.5,65.7,697.9,27.1
2024-10-14 23:45:00,201.1,895.7,1050.6,2733.1,12.3,29.6,388.7,12.5
2024-10-15 00:00:00,302.1,1983.2,3175.8,4944.9,14.4,57.6,790.5,0.0
2024-10-15 00:15:00,228.6,1897.9,2969.8,5233.8,11.3,57.6,648.2,0.0
2024-10-15 00:30:00,170.4,1496.5,2861.5,6087.9,11.3,56.4,605.6,0.0
2024-10-15 00:45:00,222.2,1476.6,2633.6,6120.5,11.3,50.8,534.5,37.1
2024-10-15 01:00:00,234.4,1443.9,2352.0,6826.5,11.3,50.8,408.3,37.1
2024-10-15 01:15:00,219.7,1214.2,2248.7,6189.0,11.3,50.8,358.2,48.6
2024-10-15 01:30:00,160.3,1045.2,1812.3,5664.5,11.3,50.8,306.5,87.7
2024-10-15 01:45:00,162.4,1042.3,1345.6,4947.0,11.3,47.9,611.1,87.7
2024-10-15 02:00:00,105.2,819.7,1085.1,3436.3,11.3,42.9,597.1,87.7
2024-10-15 02:15:00,52.6,620.9,687.7,2240.0,8.3,33.3,539.8,11.3
2024-10-15 02:30:00,48.4,530.4,332.9,1582.6,4.4,30.1,545.3,0.0
2024-10-15 02:45:00,91.4,469.1,147.9,972.8,0.0,24.5,566.6,30.9
2024-10-15 03:00:00,91.4,555.0,179.6,374.2,0.0,23.1,591.9,30.9
2024-10-15 03:15:00,200.0,683.7,165.4,84.0,0.0,20.3,523.4,78.6
2024-10-15 03:30:00,410.3,520.6,220.6,1.9,0.0,17.2,651.1,112.1
2024-10-15 03:45:00,384.3,381.0,199.2,0.0,0.0,17.2,712.1,108.7
2024-10-15 04:00:00,320.0,300.8,166.8,0.0,0.0,17.2,805.0,82.0
2024-10-15 04:15:00,146.1,279.5,135.9,0.0,0.0,17.2,621.8,42.2
2024-10-15 04:30:00,181.1,192.7,131.3,0.0,0.0,15.6,754.4,21.7
2024-10-15 04:45:00,346.8,174.6,101.2,0.0,0.0,13.8,555.9,21.7
2024-10-15 05:00:00,324.2,198.5,62.2,0.0,0.0,13.8,741.0,15.3
2024-10-15 05:15:00,389.2,204.8,214.0,0.0,0.0,13.8,807.7,8.6
2024-10-15 05:30:00,425.2,237.2,175.9,0.0,0.0,11.0,794.3,8.6
2024-10-15 05:45:00,510.5,186.8,121.5,0.0,0.0,7.5,749.0,8.6
2024-10-15 06:00:00,255.6,242.0,10.3,0.0,0.0,4.8,527.9,30.6
2024-10-15 06:15:00,296.0,103.9,0.0,0.0,0.0,2.7,430.0,30.6
2024-10-15 06:30:00,191.1,109.5,21.1,0.0,0.0,0.7,280.0,52.5
2024-10-15 06:45:00,128.7,233.2,21.1,0.0,0.0,0.7,118.3,49.8
2024-10-15 07:00:00,154.9,252.1,21.1,0.0,0.0,0.7,0.0,4.8
2024-10-15 07:15:00,68.3,314.9,40.2,0.0,0.0,0.7,0.0,0.0
2024-10-15 07:30:00,38.3,343.2,0.5,0.0,0.0,0.7,301.4,0.0
2024-10-15 07:45:00,37.1,178.7,0.0,0.0,0.0,0.7,301.4,0.0
2024-10-15 08:00:00,36.3,173.4,0.0,0.0,0.0,10.5,343.8,0.0
2024-10-15 08:15:00,43.3,167.7,0.0,0.0,0.0,15.7,153.3,0.0
2024-10-15 08:30:00,28.5,136.9,0.0,0.0,0.0,14.1,282.6,0.0
2024-10-15 08:45:00,26.6,253.6,0.0,0.0,0.0,14.1,459.8,0.0
2024-10-15 09:00:00,0.0,331.3,0.0,0.0,0.0,14.1,715.2,0.0
2024-10-15 09:15:00,0.0,299.5,0.0,0.0,2.2,14.1,708.5,98.0
2024-10-15 09:30:00,0.0,219.0,0.0,0.0,2.2,14.1,648.9,65.8
2024-10-15 09:45:00,0.0,121.0,28.4,43.4,2.2,14.0,698.4,27.8
2024-10-15 10:00:00,0.0,162.9,0.0,43.4,2.2,18.3,817.7,17.5
2024-10-15 10:15:00,39.0,329.8,0.0,43.4,2.2,16.4,704.1,19.5
2024-10-15 10:30:00,39.0,321.6,0.0,99.0,2.2,11.9,518.4,19.5
2024-10-15 10:45:00,115.7,402.4,33.9,99.0,5.3,12.6,283.3,3.9
2024-10-15 11:00:00,171.0,551.0,114.7,72.4,5.3,12.6,113.4,62.3
2024-10-15 11:15:00,240.1,421.2,140.9,55.6,5.3,12.6,0.0,77.6
2024-10-15 11:30:00,146.2,640.7,142.4,55.6,5.3,7.0,0.0,52.0
2024-10-15 11:45:00,273.2,734.0,148.7,53.5,5.3,6.0,0.0,50.5
2024-10-15 12:00:00,153.2,852.8,101.2,144.8,5.3,6.0,0.0,28.1
2024-10-15 12:15:00,120.3,661.5,68.3,144.8,5.3,6.0,308.1,28.1
2024-10-15 12:30:00,169.9,338.7,153.8,144.8,5.3,6.0,616.2,1.4
2024-10-15 12:45:00,151.9,234.7,197.3,59.1,4.9,6.2,762.7,0.0
2024-10-15 13:00:00,258.0,336.7,224.9,0.0,2.2,6.1,724.9,0.0
2024-10-15 13:15:00,147.4,546.4,142.1,0.0,2.2,7.7,509.7,25.8
2024-10-15 13:30:00,76.3,529.9,138.8,0.0,2.2,6.4,614.8,25.8
2024-10-15 13:45:00,101.8,443.6,92.9,0.0,2.2,3.0,769.8,25.8
2024-10-15 14:00:00,100.1,478.2,64.9,0.0,2.2,9.1,981.0,3.0
2024-10-15 14:15:00,129.9,600.3,50.3,0.0,2.2,9.1,764.0,0.0
2024-10-15 14:30:00,237.1,542.2,17.2,0.0,2.2,9.1,773.7,77.7
2024-10-15 14:45:00,185.3,465.9,0.0,0.0,2.2,9.1,686.1,56.6
2024-10-15 15:00:00,368.0,494.8,20.2,0.0,2.2,9.1,745.3,142.9
2024-10-15 15:15:00,409.9,605.1,34.7,0.0,2.2,9.1,798.2,96.4
2024-10-15 15:30:00,492.0,772.6,85.1,40.2,2.2,9.1,822.0,95.7
2024-10-15 15:45:00,492.9,441.5,140.9,40.2,0.7,9.1,848.3,151.7
2024-10-15 16:00:00,344.6,450.3,73.9,40.2,0.0,9.1,868.7,119.2
2024-10-15 16:15:00,266.4,303.7,48.2,17.8,0.0,11.7,965.3,132.0
2024-10-15 16:30:00,296.9,362.6,21.2,0.0,0.0,11.7,1036.6,112.3
2024-10-15 16:45:00,281.9,359.1,59.7,0.0,2.5,11.7,994.2,94.4
2024-10-15 17:00:00,283.1,470.0,75.3,0.0,7.5,11.7,821.9,49.2
2024-10-15 17:15:00,342.1,686.5,178.9,0.0,7.5,13.8,878.6,53.1
2024-10-15 17:30:00,283.8,517.2,198.1,0.0,7.5,16.7,791.0,42.0
2024-10-15 17:45:00,192.2,407.4,128.0,0.0,7.5,20.1,711.2,50.7
2024-10-15 18:00:00,82.0,467.4,0.0,0.0,7.5,18.5,757.4,89.3
2024-10-15 18:15:00,62.5,365.6,71.1,0.0,7.5,21.7,758.8,89.3
2024-10-15 18:30:00,94.1,358.2,102.1,0.0,7.5,21.7,757.8,114.8
2024-10-15 18:45:00,14.2,238.8,100.9,0.0,7.5,31.4,766.1,57.6
2024-10-15 19:00:00,92.7,297.0,115.1,0.0,7.5,48.2,614.8,35.9
2024-10-15 19:15:00,118.2,354.2,111.4,0.0,7.5,51.6,681.5,66.3
2024-10-15 19:30:00,123.0,467.2,87.4,0.0,6.9,57.8,482.6,55.2
2024-10-15 19:45:00,161.9,404.9,87.4,0.0,4.9,47.7,580.7,55.2
2024-10-15 20:00:00,63.5,264.3,68.0,0.0,4.9,43.7,458.7,38.9
2024-10-15 20:15:00,119.2,274.1,62.7,0.0,4.9,43.2,344.8,25.5
2024-10-15 20:30:00,302.9,233.3,51.4,0.0,4.9,40.3,259.0,0.0
2024-10-15 20:45:00,246.0,257.7,78.4,0.0,4.9,40.3,151.3,32.3
2024-10-15 21:00:00,382.5,260.9,118.9,29.9,11.8,50.5,119.7,98.7
2024-10-15 21:15:00,361.4,285.5,202.9,29.9,11.8,49.6,0.0,100.9
2024-10-15 21:30:00,322.1,377.2,337.3,29.9,11.8,44.5,0.0,76.5
2024-10-15 21:45:00,261.5,670.1,296.2,321.7,11.8,42.6,0.0,32.9
2024-10-15 22:00:00,797.6,1095.1,2440.3,7513.4,29.5,56.7,153.4,145.9
2024-10-15 22:15:00,699.3,1303.8,2320.6,7513.1,29.2,56.7,458.3,171.2
2024-10-15 22:30:00,540.3,1614.0,2246.0,7517.8,26.7,63.8,458.3,204.0
2024-10-15 22:45:00,396.3,1547.0,2823.9,7805.9,11.1,67.4,194.0,156.6
2024-10-15 23:00:00,402.5,1460.2,2391.3,7679.8,11.1,67.4,0.0,126.3
2024-10-15 23:15:00,394.9,1497.9,2625.2,6857.5,11.1,65.7,0.0,63.8
2024-10-15 23:30:00,488.6,1768.8,2325.3,5575.3,11.1,58.5,301.8,63.8
2024-10-15 23:45:00,203.3,872.3,1152.2,3261.6,4.7,27.3,283.7,6.7
2024-10-16 00:00:00,413.1,1993.9,2686.6,6569.0,11.1,57.7,501.3,57.3
2024-10-16 00:15:00,306.0,2096.8,3136.3,6301.4,11.1,57.7,605.6,88.2
2024-10-16 00:30:00,276.5,1837.0,2970.2,5781.4,9.8,57.7,584.5,100.7
2024-10-16 00:45:00,310.0,1725.2,2679.0,5475.8,6.1,57.7,432.9,100.3
2024-10-16 01:00:00,364.1,1439.2,2364.3,5895.2,6.1,47.9,168.8,19.1
2024-10-16 01:15:00,503.2,1448.7,2274.5,5738.8,6.1,38.5,306.7,51.5
2024-10-16 01:30:00,529.3,1084.2,1939.5,4695.1,6.1,38.0,444.6,205.7
2024-10-16 01:45:00,505.6,833.3,1552.8,3474.3,6.1,38.0,610.0,176.6
2024-10-16 02:00:00,447.3,795.9,1088.0,2393.3,6.1,38.0,769.3,176.6
2024-10-16 02:15:00,360.7,777.3,602.2,1581.6,6.1,38.0,965.2,150.9
2024-10-16 02:30:00,394.0,748.0,361.1,1237.1,6.1,29.5,848.1,23.4
2024-10-16 02:45:00,373.0,493.4,256.5,775.3,6.1,23.8,773.5,0.0
2024-10-16 03:00:00,292.1,377.2,95.5,365.1,6.1,17.8,361.8,25.4
2024-10-16 03:15:00,150.3,314.5,146.9,114.8,6.1,14.6,421.6,68.7
2024-10-16 03:30:00,127.7,315.0,64.5,98.6,2.6,14.6,497.2,68.7
2024-10-16 03:45:00,234.5,356.8,46.0,98.6,0.0,14.6,767.3,68.7
2024-10-16 04:00:00,290.8,332.0,22.4,72.8,0.0,14.6,909.1,68.7
2024-10-16 04:15:00,221.0,314.2,22.4,5.0,0.0,14.6,811.8,85.1
2024-10-16 04:30:00,146.8,422.0,21.5,0.0,0.0,14.6,762.6,84.4
2024-10-16 04:45:00,144.2,371.6,0.0,0.0,0.0,14.6,624.0,33.2
2024-10-16 05:00:00,267.5,398.1,0.0,0.0,0.0,13.7,659.0,0.0
2024-10-16 05:15:00,340.2,408.3,0.0,0.0,0.0,7.4,616.3,0.0
2024-10-16 05:30:00,295.6,315.3,0.0,0.0,0.0,10.7,761.2,0.0
2024-10-16 05:45:00,274.5,243.0,70.1,0.0,6.7,10.7,924.4,29.5
2024-10-16 06:00:00,336.0,137.1,89.8,0.0,6.7,10.7,892.7,52.2
2024-10-16 06:15:00,255.4,191.8,87.1,0.0,6.7,5.4,910.9,52.2
2024-10-16 06:30:00,111.7,227.1,59.5,0.0,6.7,0.7,712.2,49.7
2024-10-16 06:45:00,72.0,316.4,48.9,0.0,6.7,0.7,748.9,10.3
2024-10-16 07:00:00,104.6,300.8,48.8,0.0,6.7,0.7,769.7,0.0
2024-10-16 07:15:00,72.3,297.4,48.8,0.0,6.7,0.7,703.4,0.0
2024-10-16 07:30:00,102.3,226.4,7.1,0.0,0.4,0.7,275.0,0.0
2024-10-16 07:45:00,85.6,234.1,0.0,0.0,6.3,0.7,96.9,0.0
2024-10-16 08:00:00,61.9,227.6,0.0,0.0,6.3,7.3,0.0,0.0
2024-10-16 08:15:00,99.4,306.9,17.4,0.0,6.3,16.9,0.0,0.0
2024-10-16 08:30:00,65.5,271.1,17.4,0.0,6.3,16.9,0.0,0.0
2024-10-16 08:45:00,37.9,246.0,14.8,0.0,6.3,16.9,153.5,0.0
2024-10-16 09:00:00,86.1,279.0,0.0,0.0,6.3,16.9,458.0,0.0
2024-10-16 09:15:00,189.2,329.8,0.0,0.0,6.3,16.9,606.1,0.0
2024-10-16 09:30:00,166.0,294.3,0.0,0.0,6.3,16.9,352.0,0.0
2024-10-16 09:45:00,150.3,124.8,0.8,0.0,6.3,16.3,152.8,44.8
2024-10-16 10:00:00,108.7,183.7,32.3,0.0,6.3,14.2,455.4,18.0
2024-10-16 10:15:00,75.4,192.3,32.3,0.0,6.3,14.2,599.8,0.0
2024-10-16 10:30:00,75.4,240.7,25.9,0.0,6.3,8.3,430.0,0.0
2024-10-16 10:45:00,124.6,320.4,9.2,0.0,9.5,7.6,370.4,0.0
2024-10-16 11:00:00,118.7,420.7,72.4,0.0,9.5,7.6,302.2,0.0
2024-10-16 11:15:00,154.4,414.0,115.6,0.0,9.5,14.3,372.6,0.0
2024-10-16 11:30:00,283.8,581.1,137.2,0.0,9.5,14.3,180.3,0.0
2024-10-16 11:45:00,262.4,524.0,78.5,0.0,9.5,14.3,153.2,16.0
2024-10-16 12:00:00,274.5,713.4,48.2,0.0,9.5,12.7,61.3,1.6
2024-10-16 12:15:00,97.6,716.5,47.7,0.0,9.3,7.6,0.0,47.7
2024-10-16 12:30:00,164.0,503.7,15.1,0.0,6.3,7.6,153.6,47.7
2024-10-16 12:45:00,226.4,413.1,36.9,71.8,6.3,10.6,461.1,115.2
2024-10-16 13:00:00,244.9,346.2,33.6,71.8,6.3,10.6,461.1,52.5
2024-10-16 13:15:00,408.7,331.4,21.8,38.8,6.3,3.8,300.3,0.0
2024-10-16 13:30:00,335.3,298.7,21.8,0.0,6.3,3.7,155.6,0.0
2024-10-16 13:45:00,351.4,335.3,48.3,0.0,6.3,3.3,470.8,0.0
2024-10-16 14:00:00,427.7,304.5,48.3,0.0,6.3,0.7,606.9,79.5
2024-10-16 14:15:00,419.9,516.1,76.6,0.0,3.8,0.7,836.5,271.7
2024-10-16 14:30:00,334.1,638.7,74.3,0.0,0.0,0.7,827.9,210.5
2024-10-16 14:45:00,273.7,681.9,33.3,0.0,0.0,0.7,889.7,175.8
2024-10-16 15:00:00,371.3,1150.9,66.0,0.0,0.0,0.7,679.3,183.6
2024-10-16 15:15:00,374.8,1446.6,132.4,0.0,0.0,0.7,750.2,42.4
2024-10-16 15:30:00,423.8,1010.5,143.4,0.0,0.0,4.0,790.3,134.9
2024-10-16 15:45:00,431.5,835.6,123.2,0.0,0.0,4.0,796.6,177.3
2024-10-16 16:00:00,421.7,794.7,81.7,0.0,0.0,4.0,904.7,121.1
2024-10-16 16:15:00,654.3,682.6,79.2,0.0,0.0,1.5,921.6,24.0
2024-10-16 16:30:00,552.7,562.8,79.2,0.0,0.0,4.1,704.5,0.0
2024-10-16 16:45:00,330.8,370.4,74.8,0.0,0.0,10.3,611.8,0.0
2024-10-16 17:00:00,255.5,424.6,25.9,0.0,0.0,10.3,651.1,0.0
2024-10-16 17:15:00,165.1,507.9,16.9,0.0,0.0,15.8,715.6,0.0
2024-10-16 17:30:00,68.9,362.8,0.0,0.0,0.0,17.1,906.8,0.0
2024-10-16 17:45:00,131.7,296.5,0.0,0.0,0.0,17.1,898.0,0.0
2024-10-16 18:00:00,173.4,172.5,0.0,0.0,0.0,20.5,869.0,0.0
2024-10-16 18:15:00,130.8,134.9,116.7,0.0,6.8,21.8,852.4,0.0
2024-10-16 18:30:00,103.0,137.4,116.7,0.0,6.8,33.1,639.6,0.0
2024-10-16 18:45:00,128.7,166.2,116.7,0.0,6.8,33.1,667.9,0.0
2024-10-16 19:00:00,100.5,222.5,112.5,0.0,6.8,36.4,647.4,0.0
2024-10-16 19:15:00,180.6,185.2,67.3,0.0,6.8,32.1,610.8,0.0
2024-10-16 19:30:00,177.3,159.3,87.2,0.0,6.8,29.8,471.9,0.0
2024-10-16 19:45:00,128.1,182.9,109.6,0.0,6.8,26.6,492.5,0.0
2024-10-16 20:00:00,70.1,254.9,86.4,0.0,6.8,26.6,606.5,0.0
2024-10-16 20:15:00,86.1,242.9,43.3,0.0,6.8,22.5,611.8,0.0
2024-10-16 20:30:00,201.8,283.9,74.1,0.0,6.8,14.5,622.1,28.7
2024-10-16 20:45:00,49.1,281.2,119.8,0.0,6.8,9.3,751.9,95.0
2024-10-16 21:00:00,220.5,381.1,139.0,72.6,6.8,10.9,857.1,114.6
2024-10-16 21:15:00,218.6,410.9,177.4,72.9,6.8,19.1,749.3,176.4
2024-10-16 21:30:00,150.9,300.7,177.3,72.6,6.8,22.4,734.0,176.4
2024-10-16 21:45:00,112.2,291.6,151.0,1139.1,6.8,21.8,443.1,221.5
2024-10-16 22:00:00,768.0,880.3,2103.9,7680.0,30.8,44.5,358.7,113.6
2024-10-16 22:15:00,843.5,1236.5,2236.7,7865.4,30.8,44.5,300.4,95.7
2024-10-16 22:30:00,841.0,1145.3,2310.7,7964.7,30.8,47.5,398.1,0.0
2024-10-16 22:45:00,747.2,1260.1,2718.6,7983.6,30.8,47.5,395.9,88.1
2024-10-16 23:00:00,456.3,1688.1,2925.0,7778.7,30.8,53.4,382.1,84.7
2024-10-16 23:15:00,202.5,1641.2,2635.4,7112.1,30.8,53.4,398.7,29.2
2024-10-16 23:30:00,476.6,2067.0,2408.1,6336.2,30.8,49.3,440.7,126.1
2024-10-16 23:45:00,280.2,949.8,1378.5,3431.9,23.8,24.4,394.9,69.5
2024-10-17 00:00:00,655.7,2388.7,2865.2,5101.1,26.8,47.3,617.7,251.9
2024-10-17 00:15:00,776.9,2424.0,2960.8,5447.8,5.2,45.1,614.3,206.4
2024-10-17 00:30:00,615.0,2469.2,2820.9,5323.3,5.2,39.9,502.6,234.6
2024-10-17 00:45:00,614.0,2081.8,2687.1,5952.0,5.2,38.3,394.3,194.2
2024-10-17 01:00:00,610.0,1707.9,2458.9,6254.2,5.2,33.7,432.1,170.4
2024-10-17 01:15:00,502.4,1292.8,2183.2,5988.2,5.2,31.7,591.3,212.0
2024-10-17 01:30:00,532.2,990.9,1974.3,5257.5,5.2,27.8,744.7,256.0
2024-10-17 01:45:00,489.0,867.7,1706.9,4080.1,5.2,25.8,708.1,250.3
2024-10-17 02:00:00,456.9,1018.2,1217.0,3019.0,5.2,25.0,519.7,193.6
2024-10-17 02:15:00,385.1,953.1,824.4,2152.4,5.2,22.4,591.4,70.9
2024-10-17 02:30:00,262.6,833.7,242.1,1642.7,5.2,20.6,584.2,27.6
2024-10-17 02:45:00,196.1,632.9,122.3,950.6,5.2,17.8,573.8,61.9
2024-10-17 03:00:00,233.0,442.0,68.4,371.5,3.0,13.2,591.9,56.4
2024-10-17 03:15:00,231.6,432.9,73.5,176.1,0.0,13.2,565.6,56.4
2024-10-17 03:30:00,163.0,346.5,73.5,108.7,0.0,13.2,596.0,83.5
2024-10-17 03:45:00,111.0,269.1,67.6,36.9,0.0,13.2,612.9,85.4
2024-10-17 04:00:00,96.6,173.1,68.5,0.0,0.0,13.0,560.9,74.0
2024-10-17 04:15:00,133.3,166.0,101.5,0.0,0.0,6.3,593.5,74.0
2024-10-17 04:30:00,119.9,426.2,101.5,0.0,0.0,6.3,589.2,69.5
2024-10-17 04:45:00,282.8,456.0,128.7,0.0,0.0,6.3,705.2,86.4
2024-10-17 05:00:00,273.1,426.3,51.6,0.0,0.0,6.3,598.0,103.6
2024-10-17 05:15:00,306.9,450.6,150.5,0.0,0.0,3.4,736.7,137.5
2024-10-17 05:30:00,373.3,273.0,143.4,0.0,0.0,3.3,570.2,137.5
2024-10-17 05:45:00,369.8,275.9,171.4,0.0,0.0,3.3,742.9,83.0
2024-10-17 06:00:00,270.3,202.3,104.9,0.0,0.0,2.4,691.8,33.9
2024-10-17 06:15:00,144.0,298.0,52.4,0.0,0.0,0.0,547.9,33.9
2024-10-17 06:30:00,179.9,319.0,7.9,0.0,0.0,0.0,220.3,3.5
2024-10-17 06:45:00,108.4,285.4,0.0,0.0,0.0,0.0,303.0,0.0
2024-10-17 07:00:00,139.3,313.8,0.0,0.0,0.0,0.0,607.1,36.8
2024-10-17 07:15:00,211.7,378.1,0.0,0.0,0.0,0.0,613.0,36.8
2024-10-17 07:30:00,211.1,443.3,0.0,0.0,0.0,0.0,330.5,44.7
2024-10-17 07:45:00,108.9,327.2,0.0,0.0,0.0,0.0,149.6,5.6
2024-10-17 08:00:00,17.4,366.7,0.0,0.0,0.0,9.2,305.6,0.0
2024-10-17 08:15:00,0.0,195.0,0.0,0.0,0.0,16.1,459.2,0.0
2024-10-17 08:30:00,0.0,206.7,0.0,0.0,0.0,23.1,764.8,0.0
2024-10-17 08:45:00,47.1,324.2,0.0,0.0,0.0,23.1,723.9,0.0
2024-10-17 09:00:00,35.5,404.0,0.0,0.0,0.0,23.1,631.9,0.0
2024-10-17 09:15:00,65.0,412.9,0.0,71.7,0.0,29.9,471.6,44.5
2024-10-17 09:30:00,45.4,353.0,0.0,71.7,0.0,29.6,596.1,44.5
2024-10-17 09:45:00,191.6,201.7,0.0,71.7,0.0,33.9,723.5,3.3
2024-10-17 10:00:00,144.0,307.8,43.4,71.7,0.0,33.9,726.0,0.0
2024-10-17 10:15:00,144.9,424.0,84.3,24.4,0.0,28.1,656.2,25.1
2024-10-17 10:30:00,105.6,337.7,84.3,66.3,2.8,27.5,592.2,23.9
2024-10-17 10:45:00,244.4,263.7,49.8,66.3,2.8,27.5,451.2,23.9
2024-10-17 11:00:00,316.4,420.7,80.0,66.3,2.8,27.5,268.5,58.2
2024-10-17 11:15:00,117.5,513.2,80.7,66.3,2.8,30.1,258.4,38.1
2024-10-17 11:30:00,198.7,662.8,80.7,51.4,2.8,27.1,456.6,28.3
2024-10-17 11:45:00,122.3,802.7,116.1,0.0,2.8,27.1,431.1,137.3
2024-10-17 12:00:00,174.9,904.5,253.4,0.0,2.8,27.1,194.7,188.2
2024-10-17 12:15:00,144.8,846.2,259.6,0.0,2.8,27.1,0.0,99.2
2024-10-17 12:30:00,270.4,744.9,239.1,144.4,2.8,21.8,130.9,83.1
2024-10-17 12:45:00,194.7,692.1,211.1,144.4,2.8,20.6,284.5,34.5
2024-10-17 13:00:00,152.7,698.4,98.1,144.4,2.5,13.9,570.5,47.9
2024-10-17 13:15:00,387.3,670.5,113.8,144.4,0.0,13.7,751.9,49.3
2024-10-17 13:30:00,383.1,451.5,117.6,54.9,0.0,13.7,876.4,69.0
2024-10-17 13:45:00,422.5,237.0,87.2,0.0,0.0,13.7,864.4,155.3
2024-10-17 14:00:00,210.4,345.7,41.9,0.0,0.0,13.7,683.5,121.7
2024-10-17 14:15:00,89.4,376.5,1.1,7.2,0.0,13.7,689.8,77.9
2024-10-17 14:30:00,83.0,348.1,38.5,9.2,0.0,13.7,762.1,103.8
2024-10-17 14:45:00,149.0,409.9,36.2,11.2,0.0,20.7,884.0,12.9
2024-10-17 15:00:00,205.0,451.3,35.1,15.6,3.8,20.7,720.6,0.0
2024-10-17 15:15:00,199.7,361.3,32.8,28.6,3.8,16.0,682.8,37.1
2024-10-17 15:30:00,362.2,335.1,151.2,7.0,3.8,13.7,745.1,10.9
2024-10-17 15:45:00,371.1,267.6,312.6,0.0,6.3,13.7,874.5,67.9
2024-10-17 16:00:00,342.9,367.0,323.9,0.0,9.6,13.7,715.5,90.1
2024-10-17 16:15:00,282.2,539.0,228.3,0.0,9.6,13.7,538.9,55.4
2024-10-17 16:30:00,254.7,638.1,88.6,0.0,9.6,16.9,427.7,40.5
2024-10-17 16:45:00,217.6,611.6,208.6,0.0,9.6,13.8,585.6,76.0
2024-10-17 17:00:00,225.2,405.5,152.6,0.0,9.6,4.6,760.3,83.9
2024-10-17 17:15:00,273.1,390.5,165.6,0.0,9.6,4.5,744.7,61.6
2024-10-17 17:30:00,341.8,509.1,148.0,0.0,8.2,11.4,738.7,35.5
2024-10-17 17:45:00,245.9,439.1,45.4,0.0,5.8,19.8,744.8,76.1
2024-10-17 18:00:00,154.8,453.3,94.8,0.0,5.8,23.2,850.6,50.9
2024-10-17 18:15:00,138.7,377.6,21.4,0.0,5.0,23.2,818.1,19.7
2024-10-17 18:30:00,66.9,233.9,21.6,0.0,3.3,23.2,732.0,0.0
2024-10-17 18:45:00,25.3,199.1,17.2,0.0,3.3,20.2,571.6,0.0
2024-10-17 19:00:00,109.9,180.4,44.1,0.0,3.1,20.1,306.4,0.0
2024-10-17 19:15:00,130.7,233.0,127.4,0.0,0.0,27.0,75.6,0.0
2024-10-17 19:30:00,98.4,213.0,254.4,0.0,0.0,25.9,153.2,0.0
2024-10-17 19:45:00,110.0,125.6,282.2,0.0,0.0,16.8,305.2,0.0
2024-10-17 20:00:00,67.2,196.9,272.1,1.2,0.0,26.3,458.9,0.0
2024-10-17 20:15:00,16.3,351.3,252.2,0.0,0.0,33.2,279.1,0.0
2024-10-17 20:30:00,0.0,430.3,214.9,0.0,0.0,33.2,307.6,77.0
2024-10-17 20:45:00,41.1,233.1,217.0,0.0,0.0,33.2,169.8,42.2
2024-10-17 21:00:00,113.1,286.1,131.3,0.0,0.0,32.5,295.0,34.4
2024-10-17 21:15:00,133.6,323.2,166.5,0.8,0.0,29.4,306.2,8.7
2024-10-17 21:30:00,195.2,353.1,231.4,0.4,0.0,29.4,423.4,62.7
2024-10-17 21:45:00,349.5,398.7,219.2,714.3,0.0,32.8,211.8,42.6
2024-10-17 22:00:00,370.5,1134.3,2227.7,7312.9,30.9,65.2,302.0,223.7
2024-10-17 22:15:00,810.7,1280.8,2194.2,7342.0,37.0,76.2,459.2,207.3
2024-10-17 22:30:00,664.6,1383.4,2163.2,7863.3,37.0,74.7,598.8,233.6
2024-10-17 22:45:00,517.3,1416.1,2963.1,7861.8,37.0,78.0,750.9,110.9
2024-10-17 23:00:00,637.9,1337.4,2418.4,7498.1,22.4,81.3,663.6,163.6
2024-10-17 23:15:00,629.0,1432.5,2525.1,6484.2,18.2,78.4,364.8,132.3
2024-10-17 23:30:00,617.9,1516.9,2810.8,5676.9,18.2,78.2,518.9,107.1
2024-10-17 23:45:00,441.3,963.1,1453.9,3116.5,20.3,35.1,338.9,93.4
2024-10-18 00:00:00,868.1,2002.0,2913.1,5055.9,31.2,73.9,659.7,228.9
2024-10-18 00:15:00,714.0,1952.6,2823.8,5971.1,37.7,69.3,641.9,234.6
2024-10-18 00:30:00,504.9,1735.1,2815.0,6183.0,37.7,68.5,540.2,200.9
2024-10-18 00:45:00,328.0,1511.5,2517.7,6528.5,37.7,68.5,673.8,201.9
2024-10-18 01:00:00,429.2,1523.6,2515.6,6881.5,37.7,64.7,822.0,161.9
2024-10-18 01:15:00,515.4,1445.9,2309.5,6741.3,37.7,60.8,551.5,96.0
2024-10-18 01:30:00,588.0,1529.4,2048.3,5995.2,37.7,59.8,692.9,131.5
2024-10-18 01:45:00,572.7,1249.2,1635.3,4513.3,37.7,59.8,619.7,131.5
2024-10-18 02:00:00,447.8,944.0,1486.9,3513.1,37.7,57.7,524.7,166.3
2024-10-18 02:15:00,303.7,586.3,1187.3,2576.8,37.7,53.1,385.1,211.0
2024-10-18 02:30:00,343.1,566.5,733.2,1663.0,36.4,50.4,316.3,163.1
2024-10-18 02:45:00,244.4,574.6,430.0,789.7,31.6,37.8,549.6,155.0
2024-10-18 03:00:00,280.9,497.4,188.3,395.3,31.6,32.8,611.9,77.8
2024-10-18 03:15:00,427.4,447.1,15.3,164.8,31.6,30.2,625.2,74.1
2024-10-18 03:30:00,406.6,368.3,15.3,82.4,31.6,26.9,536.4,100.9
2024-10-18 03:45:00,363.3,428.7,58.4,54.8,31.6,22.0,643.1,114.9
2024-10-18 04:00:00,205.6,408.5,50.2,0.0,31.6,16.9,778.2,158.8
2024-10-18 04:15:00,119.2,350.6,26.0,0.0,31.6,16.9,721.8,95.2
2024-10-18 04:30:00,107.9,284.0,49.9,0.0,31.6,16.9,749.9,45.2
2024-10-18 04:45:00,153.6,293.3,107.5,0.0,31.6,16.9,721.7,45.2
2024-10-18 05:00:00,131.1,411.5,158.7,0.0,29.5,14.8,863.8,100.5
2024-10-18 05:15:00,243.2,369.9,133.4,0.0,25.1,10.1,878.7,67.7
2024-10-18 05:30:00,284.7,274.8,84.8,0.0,25.1,10.1,736.1,24.3
2024-10-18 05:45:00,376.1,227.8,149.1,0.0,24.8,10.1,702.0,0.0
2024-10-18 06:00:00,417.9,185.1,95.7,0.0,12.9,10.1,370.8,0.0
2024-10-18 06:15:00,326.2,250.6,93.3,0.0,12.9,10.5,287.9,0.0
2024-10-18 06:30:00,182.8,343.9,36.4,0.0,9.6,5.2,73.6,0.0
2024-10-18 06:45:00,145.3,272.9,0.0,0.0,6.5,4.2,151.9,0.0
2024-10-18 07:00:00,109.6,328.8,0.0,0.0,6.5,5.1,151.9,0.0
2024-10-18 07:15:00,96.5,359.8,0.0,0.0,6.5,5.1,67.7,22.2
2024-10-18 07:30:00,49.4,205.8,0.0,0.0,6.5,4.5,0.0,22.2
2024-10-18 07:45:00,0.0,170.2,0.0,0.0,6.5,11.1,0.0,75.6
2024-10-18 08:00:00,24.2,30.7,0.0,0.0,6.5,24.4,0.0,73.2
2024-10-18 08:15:00,24.2,66.4,0.0,0.0,6.5,31.1,286.2,33.1
2024-10-18 08:30:00,0.0,119.2,7.0,0.0,6.5,31.1,438.8,40.2
2024-10-18 08:45:00,56.3,206.5,4.6,0.0,6.5,31.1,436.2,21.4
2024-10-18 09:00:00,84.1,206.1,0.0,0.0,0.4,31.1,323.3,17.8
2024-10-18 09:15:00,148.9,311.5,0.0,0.0,0.0,31.1,338.9,17.8
2024-10-18 09:30:00,78.3,272.1,0.0,0.0,0.0,27.7,288.8,27.9
2024-10-18 09:45:00,54.3,226.9,0.0,0.0,0.0,21.8,532.1,13.8
2024-10-18 10:00:00,102.2,201.3,45.0,0.0,0.0,19.1,685.9,0.0
2024-10-18 10:15:00,102.2,184.9,42.8,0.0,3.9,15.2,764.8,0.0
2024-10-18 10:30:00,126.5,259.5,50.5,0.0,3.9,15.2,600.7,0.0
2024-10-18 10:45:00,66.8,209.4,26.2,0.0,3.9,15.2,505.9,0.0
2024-10-18 11:00:00,193.9,481.0,0.0,0.0,3.9,13.2,616.9,0.0
2024-10-18 11:15:00,158.4,663.5,51.3,0.0,3.9,7.7,654.8,0.0
2024-10-18 11:30:00,243.0,909.1,155.8,0.0,3.9,19.7,805.9,0.0
2024-10-18 11:45:00,240.4,737.8,125.5,0.0,3.9,19.7,775.4,0.0
2024-10-18 12:00:00,98.1,694.5,115.3,0.0,3.9,18.7,690.0,0.0
2024-10-18 12:15:00,192.7,707.2,118.0,0.0,3.9,13.4,826.5,0.0
2024-10-18 12:30:00,154.5,611.4,150.0,0.0,3.9,14.2,916.4,0.0
2024-10-18 12:45:00,283.5,453.3,64.3,144.4,1.4,13.4,879.4,0.0
2024-10-18 13:00:00,326.2,346.3,64.4,144.4,0.0,12.2,818.1,56.4
2024-10-18 13:15:00,355.9,336.4,53.4,144.4,0.0,6.8,781.2,78.3
2024-10-18 13:30:00,182.3,329.6,32.5,144.4,0.0,6.8,770.3,42.5
2024-10-18 13:45:00,108.9,383.3,17.5,144.4,2.7,9.3,857.6,112.9
2024-10-18 14:00:00,162.4,436.4,53.2,19.9,2.7,12.1,727.7,105.2
2024-10-18 14:15:00,243.1,414.4,59.1,0.0,2.7,12.1,761.3,83.4
2024-10-18 14:30:00,238.4,381.5,17.9,0.0,2.7,12.1,626.6,82.2
2024-10-18 14:45:00,286.1,309.2,17.9,0.0,2.7,6.2,717.0,32.3
2024-10-18 15:00:00,489.3,551.2,360.7,0.0,2.7,5.4,665.0,0.0
2024-10-18 15:15:00,409.8,1107.9,445.4,0.0,2.7,4.3,559.0,15.6
2024-10-18 15:30:00,174.6,877.5,465.9,0.0,2.7,2.8,581.5,29.2
2024-10-18 15:45:00,317.8,581.9,270.2,0.0,2.7,2.8,755.4,0.0
2024-10-18 16:00:00,393.1,431.6,275.6,0.0,2.7,2.5,829.4,44.1
2024-10-18 16:15:00,414.3,481.8,280.5,0.0,2.7,0.0,764.6,44.1
2024-10-18 16:30:00,427.8,565.1,394.5,0.0,2.7,0.0,850.9,44.1
2024-10-18 16:45:00,366.5,513.5,364.5,0.0,0.2,0.0,665.0,59.7
2024-10-18 17:00:00,312.9,482.4,243.8,0.0,0.0,0.0,779.4,86.9
2024-10-18 17:15:00,404.3,407.4,242.7,0.0,0.0,0.0,803.8,166.6
2024-10-18 17:30:00,385.3,541.0,217.2,0.0,0.0,0.0,633.1,42.4
2024-10-18 17:45:00,99.5,429.1,85.3,0.0,0.0,0.0,463.3,94.2
2024-10-18 18:00:00,113.1,418.0,49.2,0.0,0.0,6.7,428.0,89.0
2024-10-18 18:15:00,128.6,449.1,43.5,0.0,0.0,22.4,418.8,12.5
2024-10-18 18:30:00,187.7,386.9,87.5,0.0,0.0,31.3,438.3,0.0
2024-10-18 18:45:00,121.3,447.9,87.5,0.0,0.0,40.2,554.2,0.0
2024-10-18 19:00:00,107.0,352.1,114.0,0.0,0.0,37.6,605.4,0.0
2024-10-18 19:15:00,150.9,449.7,79.5,0.0,0.0,45.8,245.0,0.0
2024-10-18 19:30:00,142.9,216.7,326.4,0.0,1.2,51.7,103.6,0.0
2024-10-18 19:45:00,141.8,137.2,244.1,0.0,0.0,51.7,0.0,0.0
2024-10-18 20:00:00,103.4,324.0,213.2,0.0,0.0,55.4,306.5,25.0
2024-10-18 20:15:00,69.3,335.1,142.8,0.0,0.0,47.6,458.7,25.0
2024-10-18 20:30:00,192.8,363.6,209.1,49.0,0.0,43.2,477.2,25.0
2024-10-18 20:45:00,146.5,332.9,221.0,49.0,0.0,48.8,399.3,57.4
2024-10-18 21:00:00,110.8,337.0,136.5,49.0,0.0,55.6,438.9,22.7
2024-10-18 21:15:00,123.6,243.8,214.5,49.4,0.0,54.5,585.1,0.0
2024-10-18 21:30:00,196.2,284.5,224.0,101.1,0.0,48.6,753.9,0.0
2024-10-18 21:45:00,413.1,702.0,240.5,1327.3,0.0,47.2,712.4,36.4
2024-10-18 22:00:00,935.6,1389.5,2395.0,7534.0,23.9,60.9,709.5,214.7
2024-10-18 22:15:00,982.8,1473.1,2374.9,7743.8,23.9,62.3,581.4,197.9
2024-10-18 22:30:00,1074.5,1355.2,2287.3,8029.4,23.9,60.6,594.3,133.3
2024-10-18 22:45:00,855.8,1500.4,2608.7,7996.7,29.9,66.5,634.5,51.5
2024-10-18 23:00:00,702.5,1525.2,2755.0,7812.3,29.9,66.4,760.8,156.3
2024-10-18 23:15:00,526.3,1489.1,2457.4,7427.5,29.9,69.4,862.4,169.0
2024-10-18 23:30:00,528.6,1452.7,2410.1,6404.1,29.9,66.4,711.8,183.6
2024-10-18 23:45:00,247.4,780.0,1218.0,3577.5,24.2,35.8,290.7,84.9
2024-10-19 00:00:00,462.5,1817.2,2888.8,5244.1,29.9,56.3,919.4,287.6
2024-10-19 00:15:00,415.5,2048.5,2762.6,5076.0,29.9,47.6,820.1,135.7
2024-10-19 00:30:00,411.4,1982.4,2931.0,5425.9,29.9,43.1,741.1,139.3
2024-10-19 00:45:00,294.8,1781.4,3069.9,6753.8,29.9,35.9,767.5,93.5
2024-10-19 01:00:00,413.4,1566.4,2889.7,6745.3,29.9,30.2,556.2,74.3
2024-10-19 01:15:00,514.2,1217.0,2741.4,6683.8,29.9,26.0,600.1,69.4
2024-10-19 01:30:00,396.0,1215.6,2515.7,6429.3,29.9,22.4,598.3,41.6
2024-10-19 01:45:00,431.8,1106.3,2286.3,6125.8,29.9,21.1,802.3,35.2
2024-10-19 02:00:00,338.6,1005.0,2119.5,4830.6,29.9,15.6,914.3,123.6
2024-10-19 02:15:00,329.6,925.6,1460.1,3480.5,29.9,15.6,753.8,171.9
2024-10-19 02:30:00,226.7,848.8,1107.0,2436.0,29.9,15.6,673.5,204.4
2024-10-19 02:45:00,247.2,800.9,822.7,1475.8,29.9,15.6,713.9,229.6
2024-10-19 03:00:00,276.5,621.1,743.9,720.7,29.9,15.6,475.6,146.5
2024-10-19 03:15:00,350.5,550.7,535.4,163.7,29.9,15.6,356.3,72.4
2024-10-19 03:30:00,390.1,354.4,257.9,15.1,27.8,15.6,459.5,94.2
2024-10-19 03:45:00,302.4,427.0,86.1,0.0,16.4,15.6,690.1,36.7
2024-10-19 04:00:00,365.7,444.0,23.4,0.0,12.2,14.2,705.6,87.1
2024-10-19 04:15:00,409.0,517.0,0.0,0.0,12.2,8.8,527.1,185.2
2024-10-19 04:30:00,403.4,631.8,0.0,0.0,12.2,6.6,241.7,163.0
2024-10-19 04:45:00,371.8,600.2,0.0,0.0,12.2,5.5,151.7,109.6
2024-10-19 05:00:00,261.4,516.0,0.0,0.0,7.0,5.5,313.7,3.5
2024-10-19 05:15:00,323.9,475.0,0.0,0.0,6.0,5.5,452.9,38.2
2024-10-19 05:30:00,381.1,340.8,70.8,0.0,6.0,5.5,526.7,38.2
2024-10-19 05:45:00,269.7,380.1,122.0,0.0,6.0,5.5,278.7,38.2
2024-10-19 06:00:00,252.1,307.1,30.4,0.0,4.9,2.5,417.7,31.8
2024-10-19 06:15:00,253.8,327.4,80.1,0.0,0.0,2.5,300.7,0.0
2024-10-19 06:30:00,235.7,554.9,71.2,0.0,0.0,2.5,216.9,0.0
2024-10-19 06:45:00,218.4,540.0,86.6,0.0,0.0,2.5,152.1,0.0
2024-10-19 07:00:00,254.7,476.3,52.6,0.0,0.0,2.5,304.4,0.0
2024-10-19 07:15:00,216.3,426.3,32.3,0.0,0.0,2.5,266.0,23.8
2024-10-19 07:30:00,158.2,291.7,0.0,0.0,0.0,2.5,381.1,23.8
2024-10-19 07:45:00,144.8,219.4,0.0,0.0,0.0,3.8,456.9,3.7
2024-10-19 08:00:00,49.8,180.6,0.0,0.0,0.0,10.3,387.5,28.9
2024-10-19 08:15:00,58.9,170.8,0.0,0.0,0.0,20.4,254.6,28.9
2024-10-19 08:30:00,68.0,137.9,0.0,0.0,0.0,17.1,306.1,82.4
2024-10-19 08:45:00,118.4,167.4,0.0,0.0,0.0,23.4,271.7,56.0
2024-10-19 09:00:00,76.1,214.8,0.0,0.0,0.0,33.5,294.6,31.4
2024-10-19 09:15:00,7.6,260.6,0.0,0.0,0.0,43.7,306.1,117.5
2024-10-19 09:30:00,0.0,310.7,0.0,0.0,0.0,43.7,603.3,135.0
2024-10-19 09:45:00,0.0,223.3,0.0,0.0,3.2,39.7,619.1,104.6
2024-10-19 10:00:00,0.0,190.2,0.0,0.0,3.2,29.9,542.5,40.0
2024-10-19 10:15:00,0.0,261.4,0.0,0.0,3.2,29.9,568.0,60.2
2024-10-19 10:30:00,106.9,262.1,48.3,0.0,3.2,28.9,597.2,59.7
2024-10-19 10:45:00,114.6,133.5,48.3,0.0,3.2,26.7,577.8,29.7
2024-10-19 11:00:00,261.0,219.2,30.5,0.0,3.2,21.1,458.9,47.0
2024-10-19 11:15:00,297.6,332.1,29.0,0.0,3.2,19.9,616.7,39.5
2024-10-19 11:30:00,247.7,396.8,29.0,0.0,9.7,15.8,772.9,29.6
2024-10-19 11:45:00,274.1,463.4,65.9,0.0,6.7,15.8,900.2,2.9
2024-10-19 12:00:00,226.0,438.7,41.0,0.0,6.7,20.5,615.7,0.0
2024-10-19 12:15:00,158.5,565.0,51.2,0.0,6.7,19.7,282.8,76.0
2024-10-19 12:30:00,119.7,420.1,51.2,0.0,6.7,16.3,305.3,72.8
2024-10-19 12:45:00,102.5,330.3,51.2,141.6,6.7,16.3,803.6,0.0
2024-10-19 13:00:00,237.3,448.0,125.9,214.1,6.7,16.3,917.1,51.0
2024-10-19 13:15:00,158.0,492.6,191.2,214.1,9.8,16.3,665.8,112.8
2024-10-19 13:30:00,157.5,449.5,194.0,214.1,9.8,13.6,517.8,165.7
2024-10-19 13:45:00,143.9,417.1,181.0,202.4,9.8,18.2,634.5,174.3
2024-10-19 14:00:00,135.7,383.2,120.6,46.0,9.8,13.6,920.5,208.6
2024-10-19 14:15:00,140.9,479.2,124.6,0.0,9.8,16.9,910.3,275.2
2024-10-19 14:30:00,175.7,433.3,77.7,0.0,7.1,16.9,797.6,185.8
2024-10-19 14:45:00,105.6,314.2,33.9,0.0,6.4,16.9,699.7,121.6
2024-10-19 15:00:00,146.5,268.2,48.5,0.0,6.4,16.9,814.2,219.7
2024-10-19 15:15:00,212.1,356.5,24.9,0.0,6.4,24.0,760.1,125.1
2024-10-19 15:30:00,307.8,494.9,94.4,0.0,4.4,24.0,819.7,34.3
2024-10-19 15:45:00,550.7,606.0,82.5,0.0,3.2,23.0,765.4,5.9
2024-10-19 16:00:00,463.4,522.3,33.3,0.0,3.2,26.9,832.4,0.0
2024-10-19 16:15:00,465.5,583.7,51.6,0.0,3.2,26.9,711.0,60.9
2024-10-19 16:30:00,500.1,678.1,84.1,0.0,3.2,30.1,685.7,60.9
2024-10-19 16:45:00,572.6,492.2,67.8,0.0,1.2,24.4,572.0,60.9
2024-10-19 17:00:00,422.0,382.9,103.5,0.0,0.0,23.1,733.0,51.3
2024-10-19 17:15:00,401.7,334.7,18.6,0.0,0.0,28.5,748.3,8.3
2024-10-19 17:30:00,217.7,271.4,25.4,0.0,0.0,23.0,738.6,44.9
2024-10-19 17:45:00,155.6,349.8,126.3,0.0,6.4,21.3,771.4,11.1
2024-10-19 18:00:00,137.4,286.9,126.3,0.0,6.4,24.6,599.9,0.0
2024-10-19 18:15:00,193.6,249.9,102.7,0.0,6.4,24.6,555.5,0.0
2024-10-19 18:30:00,216.4,102.3,16.1,0.0,6.4,24.6,277.7,0.0
2024-10-19 18:45:00,143.3,131.6,0.0,0.0,7.2,27.9,266.5,25.3
2024-10-19 19:00:00,71.3,140.5,20.2,0.0,6.4,27.1,460.9,25.3
2024-10-19 19:15:00,49.2,130.7,20.2,0.0,6.4,20.2,494.9,12.9
2024-10-19 19:30:00,90.2,326.8,20.2,0.0,6.4,17.7,266.7,25.9
2024-10-19 19:45:00,107.9,285.5,61.0,0.0,6.4,24.5,117.3,25.9
2024-10-19 20:00:00,145.7,296.5,75.5,0.0,6.4,23.8,0.0,13.8
2024-10-19 20:15:00,150.3,281.5,63.7,0.0,6.4,17.4,0.0,0.0
2024-10-19 20:30:00,83.2,407.9,112.9,0.0,6.4,14.7,0.0,0.0
2024-10-19 20:45:00,40.3,449.0,125.0,0.0,6.4,14.7,0.0,39.1
2024-10-19 21:00:00,57.1,402.6,162.5,0.0,6.4,11.3,154.4,69.7
2024-10-19 21:15:00,91.4,400.0,152.1,51.0,6.4,11.0,154.4,38.8
2024-10-19 21:30:00,146.4,333.1,159.1,56.4,6.4,11.0,307.0,38.8
2024-10-19 21:45:00,210.3,507.3,112.1,926.2,6.4,17.9,493.4,31.8
2024-10-19 22:00:00,670.0,832.9,2271.8,5958.7,20.9,23.7,454.5,151.4
2024-10-19 22:15:00,804.9,1280.1,2488.6,6216.0,20.9,30.9,319.6,151.1
2024-10-19 22:30:00,789.8,1367.7,2460.0,6572.3,20.9,30.9,26.0,100.8
2024-10-19 22:45:00,587.0,1381.2,3174.7,6428.0,20.9,30.9,153.0,58.5
2024-10-19 23:00:00,698.0,1285.4,2588.2,6216.0,20.9,34.1,307.4,36.7
2024-10-19 23:15:00,663.1,1359.7,2187.4,5424.7,20.9,34.3,463.0,16.7
2024-10-19 23:30:00,826.9,1545.6,2241.0,4067.6,20.9,34.3,483.2,7.2
2024-10-19 23:45:00,271.7,654.8,1080.2,2160.2,8.0,14.9,126.2,71.7
2024-10-20 00:00:00,529.4,1476.0,2309.3,4841.4,16.4,35.8,759.2,77.6
2024-10-20 00:15:00,401.9,1516.5,2530.5,5604.8,11.0,33.4,882.4,77.6
2024-10-20 00:30:00,353.4,1343.0,2379.2,5325.1,11.0,32.8,773.9,20.5
2024-10-20 00:45:00,295.0,1261.8,2015.5,6288.2,11.0,32.8,799.8,116.9
2024-10-20 01:00:00,267.3,1223.6,1736.7,6033.8,11.0,31.4,808.6,152.4
2024-10-20 01:15:00,354.9,1285.0,1501.3,5935.0,11.0,21.9,787.5,152.3
2024-10-20 01:30:00,398.5,1161.2,1248.8,5242.8,11.0,21.4,818.9,102.7
2024-10-20 01:45:00,467.0,890.5,763.2,3916.6,11.0,21.4,845.1,52.0
2024-10-20 02:00:00,526.0,934.1,504.5,2857.1,10.6,21.4,1026.2,65.9
2024-10-20 02:15:00,467.5,829.2,331.4,1760.3,6.4,21.4,808.3,107.0
2024-10-20 02:30:00,383.1,1052.4,211.8,1011.4,0.2,20.9,932.6,80.7
2024-10-20 02:45:00,340.1,953.3,188.1,513.6,0.0,14.5,856.8,93.9
2024-10-20 03:00:00,311.3,873.7,255.5,204.7,0.0,12.8,774.6,206.9
2024-10-20 03:15:00,404.9,599.9,201.7,66.0,0.0,12.2,764.6,245.8
2024-10-20 03:30:00,370.1,487.1,167.9,34.2,0.0,7.6,606.5,211.0
2024-10-20 03:45:00,314.5,470.9,156.4,34.2,0.0,5.1,615.0,206.7
2024-10-20 04:00:00,303.4,509.1,111.9,9.0,0.0,3.7,678.8,178.2
2024-10-20 04:15:00,204.2,593.8,41.4,0.0,0.0,1.5,863.4,132.2
2024-10-20 04:30:00,189.2,453.3,36.4,0.0,0.0,1.5,979.2,68.5
2024-10-20 04:45:00,198.1,506.8,26.3,0.0,0.0,4.6,881.4,0.2
2024-10-20 05:00:00,185.8,497.5,46.1,0.0,0.0,4.6,777.8,39.8
2024-10-20 05:15:00,328.4,449.8,41.7,0.0,0.0,4.6,750.9,39.8
2024-10-20 05:30:00,475.2,423.2,41.7,0.0,0.0,4.6,685.7,20.8
2024-10-20 05:45:00,438.6,277.8,56.4,0.0,0.0,4.6,864.3,0.0
2024-10-20 06:00:00,379.8,219.4,24.0,0.0,0.0,4.6,736.5,0.0
2024-10-20 06:15:00,259.7,222.5,38.0,0.0,0.0,4.6,686.7,0.0
2024-10-20 06:30:00,223.1,367.9,38.0,0.0,0.0,4.6,448.3,0.0
2024-10-20 06:45:00,152.8,443.7,76.9,0.0,0.0,4.6,362.6,0.0
2024-10-20 07:00:00,102.6,471.9,253.4,0.0,0.0,4.6,319.5,0.0
2024-10-20 07:15:00,111.3,450.2,261.0,0.0,0.0,4.6,347.9,26.9
2024-10-20 07:30:00,75.2,313.3,261.0,0.0,0.0,5.9,206.4,20.3
2024-10-20 07:45:00,23.2,353.0,142.5,0.0,0.0,5.9,236.8,0.0
2024-10-20 08:00:00,18.8,237.6,116.3,0.0,0.0,5.9,305.1,0.0
2024-10-20 08:15:00,33.1,239.4,34.9,0.0,3.3,12.9,439.7,0.0
2024-10-20 08:30:00,41.2,201.2,34.9,0.0,3.3,11.8,438.4,0.0
2024-10-20 08:45:00,59.8,171.0,16.6,0.0,3.3,11.8,307.4,0.0
2024-10-20 09:00:00,59.8,131.3,0.0,0.0,2.1,18.7,455.2,0.0
2024-10-20 09:15:00,48.9,192.4,0.0,0.0,0.0,21.6,307.8,0.0
2024-10-20 09:30:00,59.0,180.0,117.1,0.0,0.0,20.9,259.7,56.6
2024-10-20 09:45:00,132.0,143.2,117.1,0.0,0.0,16.5,152.9,56.6
2024-10-20 10:00:00,225.7,162.5,51.8,0.0,2.6,17.2,152.9,72.5
2024-10-20 10:15:00,231.2,165.5,18.0,0.0,2.6,17.2,152.9,64.1
2024-10-20 10:30:00,253.1,194.9,18.0,0.0,2.6,17.2,25.2,78.1
2024-10-20 10:45:00,141.6,146.9,18.0,0.0,19.0,17.2,0.0,66.4
2024-10-20 11:00:00,181.0,283.2,18.0,0.0,19.0,15.6,0.0,62.3
2024-10-20 11:15:00,159.5,219.4,18.0,144.6,19.0,10.1,153.6,0.3
2024-10-20 11:30:00,145.1,285.9,18.0,144.6,19.0,7.4,454.0,34.7
2024-10-20 11:45:00,128.4,314.7,28.8,129.4,19.0,7.0,606.5,62.5
2024-10-20 12:00:00,82.9,300.5,151.6,31.4,4.9,10.0,808.9,96.7
2024-10-20 12:15:00,176.0,227.8,198.0,58.3,2.6,10.0,821.5,78.4
2024-10-20 12:30:00,120.6,372.7,174.2,58.3,2.6,16.8,767.0,126.5
2024-10-20 12:45:00,99.9,363.7,204.5,58.3,1.1,16.8,823.1,50.0
2024-10-20 13:00:00,223.0,408.9,95.2,35.4,15.3,16.8,648.9,48.3
2024-10-20 13:15:00,283.2,400.0,95.1,0.0,21.8,16.8,748.2,48.3
2024-10-20 13:30:00,283.5,372.4,85.7,0.0,21.8,19.0,802.0,68.6
2024-10-20 13:45:00,337.6,228.3,56.5,0.0,21.8,19.0,961.7,17.2
2024-10-20 14:00:00,224.6,289.1,92.0,0.0,21.8,19.0,877.3,0.0
2024-10-20 14:15:00,169.1,327.4,114.5,0.0,21.8,19.0,841.7,82.5
2024-10-20 14:30:00,222.2,459.3,56.5,0.0,21.8,22.4,660.5,104.1
2024-10-20 14:45:00,275.8,347.7,30.4,0.0,21.8,28.1,766.3,89.9
2024-10-20 15:00:00,276.1,387.1,0.0,0.0,21.8,24.7,779.6,61.7
2024-10-20 15:15:00,406.0,577.3,87.6,0.0,21.8,17.8,890.2,82.3
2024-10-20 15:30:00,385.4,705.3,87.6,0.0,21.8,16.0,776.8,181.4
2024-10-20 15:45:00,435.6,687.1,102.7,0.0,15.0,22.7,867.1,133.7
2024-10-20 16:00:00,457.8,553.5,104.4,0.0,6.6,22.7,880.0,62.6
2024-10-20 16:15:00,400.1,489.1,108.4,0.0,6.6,28.4,904.4,59.3
2024-10-20 16:30:00,525.3,707.0,67.4,0.0,6.6,27.5,731.5,59.3
2024-10-20 16:45:00,391.9,592.3,53.8,0.0,6.6,27.0,809.7,83.7
2024-10-20 17:00:00,214.0,435.1,108.3,0.0,6.6,20.3,708.8,52.9
2024-10-20 17:15:00,218.9,342.0,79.5,0.0,6.6,23.8,506.9,90.4
2024-10-20 17:30:00,255.7,193.5,158.9,0.0,6.6,24.6,316.9,63.8
2024-10-20 17:45:00,200.4,159.4,83.5,0.0,6.6,21.4,331.9,58.2
2024-10-20 18:00:00,209.6,97.7,27.2,0.0,6.6,25.3,592.5,36.4
2024-10-20 18:15:00,121.5,152.2,13.2,0.0,6.6,29.1,771.4,36.4
2024-10-20 18:30:00,136.3,122.1,13.2,0.0,6.6,31.5,779.7,2.5
2024-10-20 18:45:00,51.1,131.2,13.2,0.0,6.6,36.0,641.4,0.0
2024-10-20 19:00:00,96.0,229.0,13.2,0.0,9.6,35.6,486.6,0.0
2024-10-20 19:15:00,145.8,201.1,0.1,0.0,9.2,42.7,670.4,0.0
2024-10-20 19:30:00,225.5,179.2,0.0,0.0,9.2,42.7,752.2,0.0
2024-10-20 19:45:00,153.0,113.5,0.0,0.0,9.2,42.7,366.8,0.0
2024-10-20 20:00:00,90.4,215.7,0.0,0.0,9.2,40.5,212.0,0.0
2024-10-20 20:15:00,109.0,250.5,27.2,0.0,9.2,39.2,284.0,23.3
2024-10-20 20:30:00,122.4,245.4,95.5,1.6,9.2,39.2,321.9,41.6
2024-10-20 20:45:00,118.4,244.5,100.2,41.8,9.2,38.4,485.0,28.5
2024-10-20 21:00:00,63.7,231.3,145.1,36.2,9.2,38.4,397.4,28.5
2024-10-20 21:15:00,65.5,208.4,207.8,35.0,14.2,41.3,374.2,28.5
2024-10-20 21:30:00,148.8,286.9,161.6,35.0,12.2,51.2,459.3,28.5
2024-10-20 21:45:00,220.9,394.5,194.3,963.2,11.6,51.2,557.1,47.9
2024-10-20 22:00:00,982.3,1027.9,1857.5,5455.2,16.8,84.7,502.2,169.9
2024-10-20 22:15:00,965.4,1456.6,2279.9,6059.6,13.2,91.7,439.7,154.7
2024-10-20 22:30:00,928.2,1832.6,2375.7,6215.2,10.3,91.7,619.7,139.0
2024-10-20 22:45:00,646.8,1985.0,3142.2,6023.8,10.3,88.9,552.6,219.3
2024-10-20 23:00:00,539.5,2085.5,2641.3,5908.8,10.3,83.6,684.5,155.2
2024-10-20 23:15:00,370.2,1744.4,2148.8,5977.8,16.3,77.6,554.7,219.2
2024-10-20 23:30:00,399.8,1547.1,2254.4,4905.4,16.3,69.8,687.5,126.4
2024-10-20 23:45:00,376.5,770.5,1127.8,2667.3,5.2,33.7,407.3,61.4
2024-10-21 00:00:00,763.6,1537.4,2560.5,3902.9,16.3,68.2,990.0,102.4
2024-10-21 00:15:00,733.2,1454.9,2521.4,5284.8,16.3,65.1,834.0,113.1
2024-10-21 00:30:00,747.3,1350.0,2307.0,5438.8,11.4,62.3,797.1,140.5
2024-10-21 00:45:00,638.2,1433.4,2135.8,5626.9,11.1,61.6,773.2,245.0
2024-10-21 01:00:00,469.5,1373.5,2029.7,5878.2,11.1,61.6,743.7,216.5
2024-10-21 01:15:00,441.1,1138.7,1799.8,5559.8,11.1,61.6,653.5,221.0
2024-10-21 01:30:00,486.6,1108.2,1191.2,5303.1,8.2,61.6,582.0,229.0
2024-10-21 01:45:00,328.4,962.3,727.8,4142.1,6.0,56.2,585.5,156.6
2024-10-21 02:00:00,220.4,800.0,488.8,3417.4,6.0,54.9,699.2,77.5
2024-10-21 02:15:00,177.7,759.1,288.4,2321.9,6.0,48.9,745.0,71.7
2024-10-21 02:30:00,180.1,683.5,219.2,1192.5,6.0,48.9,723.0,40.2
2024-10-21 02:45:00,207.0,559.6,139.6,481.0,6.0,48.9,506.1,40.2
2024-10-21 03:00:00,210.1,510.0,111.8,132.6,6.0,48.9,461.2,9.1
2024-10-21 03:15:00,209.2,343.7,75.4,14.3,6.0,48.9,554.2,0.0
2024-10-21 03:30:00,200.8,425.3,85.7,0.0,6.0,48.9,539.7,0.0
2024-10-21 03:45:00,194.2,544.4,73.8,0.0,6.0,37.5,547.6,0.0
2024-10-21 04:00:00,159.4,663.1,110.7,0.0,3.4,34.4,170.2,0.0
2024-10-21 04:15:00,107.2,589.5,110.7,0.0,0.0,31.4,435.9,0.0
2024-10-21 04:30:00,73.2,324.2,60.2,0.0,0.0,28.1,456.1,20.4
2024-10-21 04:45:00,44.6,149.8,70.3,0.0,0.0,17.8,636.7,46.3
2024-10-21 05:00:00,113.0,149.2,89.1,0.0,0.0,17.8,716.8,46.3
2024-10-21 05:15:00,181.2,136.7,89.1,0.0,0.0,17.8,724.5,46.3
2024-10-21 05:30:00,317.9,87.2,80.2,0.0,0.0,17.8,740.1,46.3
2024-10-21 05:45:00,416.3,142.2,114.7,0.0,0.0,17.5,600.0,46.3
2024-10-21 06:00:00,227.0,185.5,114.7,0.0,0.0,13.6,541.5,46.3
2024-10-21 06:15:00,251.5,182.7,72.2,0.0,0.0,12.1,439.5,40.9
2024-10-21 06:30:00,201.2,191.3,11.9,0.0,0.0,8.0,267.8,49.8
2024-10-21 06:45:00,215.3,304.7,0.0,0.0,0.0,1.6,134.5,26.3
2024-10-21 07:00:00,137.0,437.7,23.1,0.0,0.0,0.7,6.0,0.0
2024-10-21 07:15:00,138.4,437.7,23.1,0.0,0.0,0.7,0.0,24.6
2024-10-21 07:30:00,223.3,486.8,23.1,0.0,0.0,0.7,0.0,18.6
2024-10-21 07:45:00,154.1,308.7,11.2,0.0,0.0,0.7,153.1,0.0
2024-10-21 08:00:00,27.9,145.5,0.0,0.0,0.0,7.4,442.3,0.0
2024-10-21 08:15:00,93.0,162.7,32.7,0.0,0.0,13.2,749.4,0.0
2024-10-21 08:30:00,67.4,254.6,32.7,0.0,0.0,13.2,912.2,0.0
2024-10-21 08:45:00,102.8,473.3,32.5,0.0,0.0,13.2,892.7,0.0
2024-10-21 09:00:00,47.8,417.8,0.0,0.0,0.0,13.2,748.6,0.0
2024-10-21 09:15:00,0.0,215.5,0.0,0.0,0.0,13.2,764.3,0.0
2024-10-21 09:30:00,37.6,170.5,0.0,0.0,0.0,18.5,638.3,0.0
2024-10-21 09:45:00,58.1,171.8,0.0,0.0,0.0,18.5,559.3,0.0
2024-10-21 10:00:00,36.5,129.4,23.5,0.0,0.0,25.3,441.4,12.0
2024-10-21 10:15:00,40.9,104.7,23.5,0.0,0.0,23.1,281.1,0.0
2024-10-21 10:30:00,59.4,127.0,30.7,0.0,0.0,22.7,268.3,18.1
2024-10-21 10:45:00,135.9,131.0,27.2,64.8,2.2,19.7,443.2,18.1
2024-10-21 11:00:00,186.4,278.8,21.9,64.8,2.2,19.2,749.1,71.4
2024-10-21 11:15:00,206.1,359.9,55.2,64.8,2.2,19.2,879.9,64.1
2024-10-21 11:30:00,158.9,461.7,230.5,64.8,2.2,19.2,755.9,51.5
2024-10-21 11:45:00,185.9,723.4,317.5,35.5,2.2,22.2,747.8,40.6
2024-10-21 12:00:00,218.2,839.2,232.9,71.9,2.2,22.2,819.8,29.4
2024-10-21 12:15:00,319.6,803.1,102.4,143.7,2.2,22.2,643.0,29.4
2024-10-21 12:30:00,327.2,581.6,107.5,132.5,2.2,21.9,662.1,17.9
2024-10-21 12:45:00,328.1,398.7,89.4,113.1,2.2,20.0,611.2,25.8
2024-10-21 13:00:00,202.1,370.2,41.2,22.0,2.2,19.9,620.3,25.8
2024-10-21 13:15:00,227.8,446.8,41.2,0.0,2.2,16.9,580.8,25.8
2024-10-21 13:30:00,243.7,451.7,25.6,0.0,2.2,10.4,746.8,13.7
2024-10-21 13:45:00,357.1,605.5,32.2,0.0,2.2,9.8,905.2,0.0
2024-10-21 14:00:00,277.0,510.4,61.4,0.0,2.2,9.8,817.6,0.0
2024-10-21 14:15:00,252.5,549.6,111.5,0.0,2.2,9.8,807.6,59.3
2024-10-21 14:30:00,196.7,673.7,87.2,0.0,2.2,9.8,778.0,59.3
2024-10-21 14:45:00,189.0,709.1,57.4,0.0,2.2,9.8,890.3,68.0
2024-10-21 15:00:00,293.5,886.1,98.4,0.0,4.8,9.8,853.4,49.0
2024-10-21 15:15:00,272.4,872.6,107.7,0.0,4.8,7.9,993.7,8.5
2024-10-21 15:30:00,358.0,969.4,63.0,0.0,4.8,3.0,714.0,45.4
2024-10-21 15:45:00,402.7,863.4,58.6,0.0,4.8,3.0,678.6,21.0
2024-10-21 16:00:00,226.4,518.8,225.6,0.0,4.8,5.9,574.8,0.0
2024-10-21 16:15:00,297.5,392.7,174.1,0.0,4.8,12.5,683.1,185.2
2024-10-21 16:30:00,275.3,443.3,183.4,0.0,4.8,12.5,574.1,158.4
2024-10-21 16:45:00,270.4,362.8,137.7,0.0,4.8,12.5,574.8,64.8
2024-10-21 17:00:00,206.5,258.4,85.0,0.0,4.8,12.5,439.5,36.2
2024-10-21 17:15:00,215.3,400.9,98.8,0.0,4.8,12.5,411.2,144.1
2024-10-21 17:30:00,336.5,311.8,113.3,0.0,3.4,7.6,236.5,119.2
2024-10-21 17:45:00,245.9,309.6,71.0,0.0,2.2,12.7,439.6,23.6
2024-10-21 18:00:00,129.3,196.6,18.9,0.0,2.2,15.1,619.7,0.0
2024-10-21 18:15:00,193.8,134.8,44.1,0.0,2.2,17.9,592.3,0.0
2024-10-21 18:30:00,106.8,105.1,210.2,0.0,2.2,24.6,242.1,0.0
2024-10-21 18:45:00,102.0,79.1,255.7,0.0,2.2,34.0,304.0,0.0
2024-10-21 19:00:00,69.3,162.2,134.1,0.0,2.2,38.4,589.6,57.4
2024-10-21 19:15:00,26.4,103.3,121.0,0.0,2.2,33.9,631.7,57.4
2024-10-21 19:30:00,35.0,127.7,102.5,0.0,2.2,40.1,719.3,33.6
2024-10-21 19:45:00,13.8,267.8,80.3,0.0,2.2,37.1,569.1,0.0
2024-10-21 20:00:00,101.9,428.0,43.5,0.0,2.2,34.5,307.7,0.0
2024-10-21 20:15:00,91.6,444.0,43.5,0.0,2.2,33.2,176.6,0.0
2024-10-21 20:30:00,79.3,431.5,29.0,0.0,2.2,28.4,179.3,34.0
2024-10-21 20:45:00,53.7,372.6,80.1,0.0,2.2,27.9,459.7,34.0
2024-10-21 21:00:00,55.2,404.8,117.5,0.0,2.2,24.8,634.6,35.6
2024-10-21 21:15:00,89.6,408.1,108.8,31.4,2.2,24.4,591.3,49.8
2024-10-21 21:30:00,182.3,404.3,217.4,76.5,2.2,22.8,461.3,27.1
2024-10-21 21:45:00,384.8,386.7,281.3,977.6,2.2,22.5,342.7,63.4
2024-10-21 22:00:00,674.2,1279.6,2202.9,6734.8,33.5,46.1,461.1,91.9
2024-10-21 22:15:00,659.4,1565.5,2281.2,7601.3,33.5,56.3,616.1,91.9
2024-10-21 22:30:00,849.4,1709.2,2482.0,7782.9,33.5,52.5,721.2,121.0
2024-10-21 22:45:00,853.8,1319.4,2803.5,7839.9,33.5,52.5,743.8,101.2
2024-10-21 23:00:00,638.7,1161.2,2595.9,7689.5,33.5,52.5,608.3,159.3
2024-10-21 23:15:00,409.1,1169.7,2587.0,6734.4,45.2,50.3,567.0,127.9
2024-10-21 23:30:00,355.7,1152.6,2414.1,5618.9,45.2,56.1,460.9,168.2
2024-10-21 23:45:00,270.2,477.7,1406.3,2836.1,39.5,42.4,281.6,32.9
2024-10-22 00:00:00,345.5,1407.2,2924.9,4584.5,51.6,60.9,484.6,159.1
2024-10-22 00:15:00,341.5,1896.9,2856.0,5169.1,51.6,59.6,765.6,198.0
2024-10-22 00:30:00,472.8,2100.8,2777.7,5922.5,51.6,59.6,716.1,258.8
2024-10-22 00:45:00,602.4,1923.9,2712.1,6335.4,51.6,53.6,693.7,262.8
2024-10-22 01:00:00,825.7,1491.2,2536.7,6714.5,51.6,42.0,773.8,260.1
2024-10-22 01:15:00,773.6,1428.9,2190.8,6359.7,39.7,40.4,960.2,194.7
2024-10-22 01:30:00,657.8,1116.5,1984.7,5840.1,38.7,40.4,894.3,195.9
2024-10-22 01:45:00,514.4,765.6,1569.3,5025.2,38.7,40.4,742.9,177.7
2024-10-22 02:00:00,360.3,680.9,958.7,4088.2,38.7,40.4,802.9,184.8
2024-10-22 02:15:00,187.8,631.7,578.6,2460.9,38.7,40.4,628.2,197.1
2024-10-22 02:30:00,186.4,526.3,402.1,1450.0,32.2,40.4,244.6,94.6
2024-10-22 02:45:00,329.1,464.0,382.3,611.8,25.8,34.1,41.9,99.2
2024-10-22 03:00:00,389.8,472.9,247.1,277.6,20.9,33.6,149.2,114.4
2024-10-22 03:15:00,400.7,401.1,131.2,119.1,20.9,30.4,418.1,62.2
2024-10-22 03:30:00,386.0,310.8,37.0,0.0,20.9,22.5,422.9,122.2
2024-10-22 03:45:00,270.9,403.6,18.3,0.0,20.9,20.8,286.8,104.0
2024-10-22 04:00:00,240.3,327.6,26.8,0.0,20.9,20.8,531.2,126.3
2024-10-22 04:15:00,305.2,268.8,24.2,0.0,20.9,20.8,659.9,115.0
2024-10-22 04:30:00,253.1,322.3,57.9,0.0,20.9,20.8,921.3,90.4
2024-10-22 04:45:00,281.7,239.2,57.9,0.0,20.9,20.8,819.0,116.1
2024-10-22 05:00:00,213.5,375.5,95.7,0.0,20.9,14.4,792.9,80.5
2024-10-22 05:15:00,256.0,340.2,111.7,0.0,20.7,13.9,725.9,46.0
2024-10-22 05:30:00,274.4,266.4,93.4,0.0,10.6,13.9,848.1,20.5
2024-10-22 05:45:00,281.5,235.8,47.7,0.0,7.5,11.8,925.5,74.6
2024-10-22 06:00:00,139.4,284.7,29.5,0.0,2.2,10.2,773.8,74.6
2024-10-22 06:15:00,139.7,295.2,0.0,0.0,2.2,7.5,585.1,42.9
2024-10-22 06:30:00,74.2,273.9,0.0,0.0,2.2,4.5,458.0,28.1
2024-10-22 06:45:00,83.6,318.4,0.0,0.0,0.9,0.0,327.3,28.1
2024-10-22 07:00:00,33.8,328.5,0.0,0.0,0.0,0.0,462.5,7.7
2024-10-22 07:15:00,54.9,355.9,0.0,0.0,0.0,0.0,456.3,22.5
2024-10-22 07:30:00,55.1,351.9,0.0,0.0,0.0,0.0,324.7,22.5
2024-10-22 07:45:00,90.2,365.0,0.0,0.0,0.0,6.5,42.2,1.4
2024-10-22 08:00:00,44.2,317.6,0.0,0.0,0.0,13.0,305.3,0.0
2024-10-22 08:15:00,33.6,194.7,0.0,0.0,0.0,22.3,439.4,0.0
2024-10-22 08:30:00,85.7,131.3,0.0,0.0,0.0,22.3,482.7,0.0
2024-10-22 08:45:00,61.3,223.0,0.0,0.0,0.0,22.3,435.8,0.0
2024-10-22 09:00:00,57.6,218.3,0.0,0.0,0.0,22.3,230.9,0.0
2024-10-22 09:15:00,45.4,190.1,0.0,0.0,0.0,23.6,308.4,0.0
2024-10-22 09:30:00,73.6,290.5,0.0,0.0,0.0,30.4,324.4,0.0
2024-10-22 09:45:00,126.2,302.5,0.0,0.0,0.0,30.4,611.7,126.5
2024-10-22 10:00:00,126.2,291.4,0.0,0.0,0.0,28.9,761.2,75.9
2024-10-22 10:15:00,135.8,313.4,35.3,0.0,0.0,27.8,776.9,0.0
2024-10-22 10:30:00,239.3,179.7,35.3,59.8,0.0,27.8,699.3,0.0
2024-10-22 10:45:00,377.2,150.2,123.9,59.8,0.0,25.5,415.6,0.0
2024-10-22 11:00:00,365.2,147.7,147.2,59.8,0.0,28.1,307.1,0.0
2024-10-22 11:15:00,309.8,637.3,153.7,59.8,0.0,28.1,345.8,0.0
2024-10-22 11:30:00,323.0,697.9,127.7,59.8,0.0,28.5,459.3,36.8
2024-10-22 11:45:00,263.3,700.7,121.3,91.7,0.0,28.1,474.9,35.9
2024-10-22 12:00:00,60.3,713.7,127.8,71.7,0.0,21.4,459.5,27.7
2024-10-22 12:15:00,105.3,489.0,49.3,68.3,2.4,16.8,593.3,18.8
2024-10-22 12:30:00,72.0,708.4,108.7,0.0,2.4,14.9,449.2,18.8
2024-10-22 12:45:00,105.2,818.9,116.7,0.0,2.4,14.9,594.7,16.5
2024-10-22 13:00:00,106.6,558.2,41.2,72.9,2.4,14.9,568.6,42.3
2024-10-22 13:15:00,124.4,501.1,55.2,72.9,2.4,14.9,613.2,42.3
2024-10-22 13:30:00,179.4,497.6,130.0,72.9,2.4,14.9,639.0,91.8
2024-10-22 13:45:00,67.8,547.9,129.5,25.3,2.4,21.8,749.8,91.8
2024-10-22 14:00:00,225.6,429.3,109.8,0.0,2.4,19.7,893.4,111.9
2024-10-22 14:15:00,204.4,383.6,144.6,0.0,2.4,14.9,926.4,64.5
2024-10-22 14:30:00,193.8,343.7,112.2,0.0,2.4,14.9,983.2,33.7
2024-10-22 14:45:00,153.7,510.3,80.1,0.0,1.5,14.9,925.9,25.8
2024-10-22 15:00:00,193.3,625.6,115.4,0.0,0.0,14.9,926.1,89.1
2024-10-22 15:15:00,333.9,571.0,81.6,0.0,0.0,14.9,814.2,89.1
2024-10-22 15:30:00,318.1,411.1,66.3,0.0,0.0,14.9,766.3,80.7
2024-10-22 15:45:00,348.0,325.9,262.8,0.0,0.0,13.5,780.0,104.7
2024-10-22 16:00:00,442.3,237.2,259.9,0.0,0.0,13.6,764.2,166.9
2024-10-22 16:15:00,488.0,233.4,214.9,0.0,0.0,11.6,826.6,204.8
2024-10-22 16:30:00,559.5,304.2,240.5,0.0,0.0,10.0,908.6,136.0
2024-10-22 16:45:00,505.3,344.2,245.7,0.0,0.0,10.0,895.0,66.6
2024-10-22 17:00:00,388.8,438.0,234.5,0.0,0.0,10.0,754.3,8.4
2024-10-22 17:15:00,225.2,462.5,167.5,0.0,0.0,10.0,488.6,74.8
2024-10-22 17:30:00,200.9,527.2,96.2,0.0,0.0,10.4,536.9,0.0
2024-10-22 17:45:00,245.0,460.1,135.8,0.0,0.0,10.0,465.7,0.0
2024-10-22 18:00:00,198.2,342.1,145.6,0.0,0.0,8.9,350.8,0.0
2024-10-22 18:15:00,147.4,245.9,39.6,0.0,19.0,18.5,130.2,0.0
2024-10-22 18:30:00,14.0,191.9,198.2,0.0,19.0,16.4,0.0,17.3
2024-10-22 18:45:00,6.2,189.4,106.7,0.0,22.2,22.9,0.0,1.9
2024-10-22 19:00:00,87.7,282.6,87.5,0.0,19.0,30.4,0.0,0.0
2024-10-22 19:15:00,55.6,221.1,112.0,0.0,19.0,30.5,0.0,0.0
2024-10-22 19:30:00,72.5,326.8,45.9,0.0,19.0,29.6,0.0,0.0
2024-10-22 19:45:00,84.9,294.7,43.9,0.0,19.0,25.4,154.3,0.0
2024-10-22 20:00:00,77.9,405.5,56.0,0.0,19.0,24.1,459.2,0.0
2024-10-22 20:15:00,99.4,394.9,14.8,0.0,19.0,21.4,599.1,0.0
2024-10-22 20:30:00,59.5,349.3,3.0,0.0,19.0,24.0,537.5,0.0
2024-10-22 20:45:00,103.8,254.4,29.7,0.0,19.0,20.7,609.5,42.9
2024-10-22 21:00:00,110.8,242.6,104.3,0.8,19.0,27.3,610.5,42.9
2024-10-22 21:15:00,158.4,235.9,93.2,0.0,19.0,34.1,574.1,63.7
2024-10-22 21:30:00,159.3,357.8,86.8,169.8,10.0,43.0,503.4,15.8
2024-10-22 21:45:00,159.2,393.6,79.7,1593.7,12.3,49.9,592.0,35.1
2024-10-22 22:00:00,296.6,878.7,2243.5,7692.6,36.4,79.1,866.5,108.4
2024-10-22 22:15:00,495.4,1085.6,2334.7,7884.9,42.3,85.2,794.6,167.4
2024-10-22 22:30:00,770.3,1428.9,2295.1,7838.5,42.3,91.1,745.8,179.9
2024-10-22 22:45:00,672.7,1495.2,2749.6,7743.0,42.3,91.1,714.1,92.8
2024-10-22 23:00:00,496.2,1503.6,2854.1,7496.0,42.3,91.1,740.5,116.1
2024-10-22 23:15:00,411.4,1402.0,2757.2,6695.0,41.9,91.1,677.9,33.0
2024-10-22 23:30:00,443.3,1571.5,2522.2,4930.1,30.4,81.1,705.4,0.0
2024-10-22 23:45:00,285.3,846.0,1212.8,2069.0,15.9,51.4,375.3,15.4
2024-10-23 00:00:00,514.8,1936.4,2756.6,3584.2,30.4,73.5,822.1,165.6
2024-10-23 00:15:00,557.8,1803.2,2815.1,4771.7,24.7,73.5,836.9,237.5
2024-10-23 00:30:00,454.6,1612.6,2758.6,5408.2,18.3,73.5,965.0,392.9
2024-10-23 00:45:00,469.6,1533.2,2738.1,6167.7,18.3,73.5,709.3,308.2
2024-10-23 01:00:00,529.4,1469.2,2463.4,6835.5,18.3,73.5,831.1,229.4
2024-10-23 01:15:00,464.2,1398.4,2304.4,6447.7,18.3,73.1,751.9,114.4
2024-10-23 01:30:00,328.5,1131.8,2100.3,6040.7,11.5,67.5,887.0,121.2
2024-10-23 01:45:00,197.6,824.3,1781.4,5135.2,11.5,66.1,740.1,154.0
2024-10-23 02:00:00,166.6,655.0,1130.3,4269.3,11.5,59.0,758.1,236.6
2024-10-23 02:15:00,155.9,513.5,705.3,3078.9,11.5,53.7,816.8,252.9
2024-10-23 02:30:00,176.0,503.9,445.3,1931.2,7.7,40.1,751.6,207.5
2024-10-23 02:45:00,150.0,411.3,245.0,919.3,5.9,35.5,741.9,100.6
2024-10-23 03:00:00,167.2,398.7,164.9,311.4,5.9,25.0,716.6,37.4
2024-10-23 03:15:00,216.5,510.6,122.8,88.9,5.9,18.7,561.6,107.9
2024-10-23 03:30:00,285.3,438.3,109.1,26.0,5.9,17.1,576.0,132.8
2024-10-23 03:45:00,155.0,466.2,87.8,0.0,5.9,17.1,742.5,125.8
2024-10-23 04:00:00,65.1,342.5,47.6,0.0,5.9,17.1,653.3,126.1
2024-10-23 04:15:00,79.3,302.7,26.2,0.0,5.9,17.1,627.3,87.1
2024-10-23 04:30:00,35.7,373.2,26.2,0.0,5.9,17.1,628.5,62.0
2024-10-23 04:45:00,85.1,396.5,26.2,0.0,5.9,10.7,789.3,67.9
2024-10-23 05:00:00,87.1,426.0,69.2,0.0,5.9,10.3,682.4,37.2
2024-10-23 05:15:00,233.3,360.2,149.9,0.0,5.9,7.5,526.9,67.7
2024-10-23 05:30:00,264.2,322.6,125.6,0.0,5.9,1.0,561.3,58.9
2024-10-23 05:45:00,286.8,288.5,80.3,0.0,5.9,0.0,627.3,62.2
2024-10-23 06:00:00,226.9,214.0,21.5,0.0,5.9,0.0,879.6,62.2
2024-10-23 06:15:00,249.2,193.9,0.0,0.0,5.9,1.4,691.1,75.0
2024-10-23 06:30:00,184.0,205.6,0.0,0.0,5.9,1.4,306.6,42.1
2024-10-23 06:45:00,225.3,316.3,21.0,0.0,5.9,1.1,231.1,10.3
2024-10-23 07:00:00,138.7,449.4,21.0,0.0,5.8,0.0,436.8,0.0
2024-10-23 07:15:00,104.3,582.3,58.0,0.0,0.0,0.0,555.0,27.4
2024-10-23 07:30:00,111.2,397.7,50.0,0.0,0.0,6.3,315.0,19.0
2024-10-23 07:45:00,66.8,320.2,11.6,0.0,0.0,6.3,369.5,0.0
2024-10-23 08:00:00,0.0,315.7,0.0,0.0,0.0,6.3,288.3,0.0
2024-10-23 08:15:00,52.8,213.9,0.0,0.0,0.0,6.3,552.2,0.0
2024-10-23 08:30:00,40.8,294.9,0.0,0.0,0.0,6.3,517.0,42.7
2024-10-23 08:45:00,15.6,436.0,56.1,0.0,0.0,6.3,528.4,42.7
2024-10-23 09:00:00,0.0,421.0,9.9,0.0,0.0,9.0,589.3,37.0
2024-10-23 09:15:00,42.6,231.2,0.0,0.0,0.0,15.5,723.1,0.0
2024-10-23 09:30:00,111.1,283.7,0.0,0.0,0.0,15.5,870.8,0.0
2024-10-23 09:45:00,82.4,176.6,0.0,0.0,0.0,15.5,767.2,0.0
2024-10-23 10:00:00,27.3,118.7,33.2,38.3,0.0,15.5,560.7,0.0
2024-10-23 10:15:00,12.2,135.3,68.8,38.3,0.0,15.4,432.9,40.0
2024-10-23 10:30:00,0.0,58.5,87.3,38.3,2.8,7.1,582.0,80.2
2024-10-23 10:45:00,21.5,176.8,52.4,110.6,2.8,6.3,440.5,80.2
2024-10-23 11:00:00,153.9,358.6,19.5,89.6,2.8,6.3,544.0,72.1
2024-10-23 11:15:00,151.6,488.8,99.0,72.3,2.8,6.3,603.8,0.0
2024-10-23 11:30:00,248.3,507.2,64.5,144.7,2.8,6.3,822.6,26.0
2024-10-23 11:45:00,131.3,561.3,196.5,116.1,2.8,6.3,680.1,26.0
2024-10-23 12:00:00,212.4,559.3,384.0,144.7,2.8,6.3,422.9,26.0
2024-10-23 12:15:00,262.3,453.5,408.6,74.9,2.8,6.3,453.2,82.7
2024-10-23 12:30:00,386.0,466.7,340.1,72.2,2.8,6.3,614.6,75.5
2024-10-23 12:45:00,376.3,357.7,277.0,38.9,0.2,6.3,754.8,70.8
2024-10-23 13:00:00,241.6,357.0,240.4,0.0,0.0,6.3,602.1,25.4
2024-10-23 13:15:00,240.1,221.4,202.3,0.0,0.0,15.8,307.1,9.1
2024-10-23 13:30:00,253.8,150.7,44.1,0.0,0.0,22.6,442.7,32.2
2024-10-23 13:45:00,224.6,314.7,21.6,0.0,16.5,22.6,599.4,134.7
2024-10-23 14:00:00,237.5,248.0,15.7,0.0,16.5,31.2,884.5,95.2
2024-10-23 14:15:00,128.7,463.2,68.9,0.0,16.5,25.7,850.0,114.8
2024-10-23 14:30:00,52.1,470.8,108.0,0.0,16.5,16.4,694.3,100.0
2024-10-23 14:45:00,78.1,592.9,120.5,0.0,7.6,12.7,679.4,115.0
2024-10-23 15:00:00,127.5,727.3,90.8,0.0,15.9,12.7,688.7,115.0
2024-10-23 15:15:00,225.7,831.3,116.2,0.0,15.3,19.3,746.3,82.1
2024-10-23 15:30:00,292.8,680.9,97.2,0.0,2.5,17.0,889.8,84.2
2024-10-23 15:45:00,331.3,931.3,49.8,0.0,2.5,26.2,640.5,182.1
2024-10-23 16:00:00,387.6,844.9,43.7,0.0,2.5,19.8,622.7,129.5
2024-10-23 16:15:00,422.8,533.7,57.2,0.0,2.5,19.7,777.0,72.8
2024-10-23 16:30:00,297.5,533.4,12.0,0.0,2.5,22.9,875.4,48.5
2024-10-23 16:45:00,142.2,500.2,91.0,0.0,2.5,26.2,899.1,135.0
2024-10-23 17:00:00,122.9,298.8,185.3,0.0,2.5,26.2,853.3,141.9
2024-10-23 17:15:00,226.4,195.0,156.4,0.0,2.5,26.2,919.9,70.9
2024-10-23 17:30:00,225.5,258.1,93.3,0.0,5.9,26.0,811.7,17.0
2024-10-23 17:45:00,359.5,406.8,191.5,0.0,3.9,28.8,837.8,0.0
2024-10-23 18:00:00,268.7,338.7,88.6,0.0,2.5,27.4,653.1,0.0
2024-10-23 18:15:00,198.8,394.4,119.1,0.0,0.1,33.7,583.9,0.0
2024-10-23 18:30:00,119.4,274.5,175.5,0.0,0.0,40.3,428.1,0.0
2024-10-23 18:45:00,132.3,202.0,104.7,0.0,0.0,43.4,442.2,0.0
2024-10-23 19:00:00,164.6,235.4,58.5,0.0,0.0,43.1,448.8,0.0
2024-10-23 19:15:00,183.4,287.8,167.4,0.0,0.0,50.1,569.6,86.8
2024-10-23 19:30:00,78.3,150.6,129.8,0.0,0.0,46.8,398.5,35.6
2024-10-23 19:45:00,52.9,226.9,173.0,0.0,0.0,50.1,194.1,73.7
2024-10-23 20:00:00,78.8,387.0,194.4,0.0,0.0,59.9,0.0,51.1
2024-10-23 20:15:00,142.2,328.4,233.0,0.0,0.0,61.0,0.0,5.6
2024-10-23 20:30:00,249.5,276.9,47.3,36.0,0.0,44.2,153.1,0.0
2024-10-23 20:45:00,415.8,259.2,39.3,36.0,0.0,46.9,153.1,0.0
2024-10-23 21:00:00,449.1,431.7,170.5,36.0,0.0,48.1,85.4,0.0
2024-10-23 21:15:00,249.4,422.3,175.3,93.0,0.0,53.3,154.5,20.3
2024-10-23 21:30:00,250.3,374.2,226.1,162.1,0.0,52.1,154.5,48.7
2024-10-23 21:45:00,200.4,601.5,131.6,1191.4,6.4,50.0,461.9,37.0
2024-10-23 22:00:00,371.3,1333.3,2320.2,6822.7,30.2,71.3,472.8,211.6
2024-10-23 22:15:00,512.5,1607.1,2387.9,7674.5,30.2,67.9,768.7,211.8
2024-10-23 22:30:00,720.5,1453.1,2266.9,7798.6,30.2,65.5,531.7,203.3
2024-10-23 22:45:00,822.1,1364.5,2671.3,7631.1,30.2,59.4,323.8,118.9
2024-10-23 23:00:00,677.8,1207.9,2878.0,7271.4,30.2,56.8,209.8,86.4
2024-10-23 23:15:00,568.6,1345.8,2471.6,6629.6,30.2,52.5,307.0,102.4
2024-10-23 23:30:00,416.1,1473.0,2257.4,5074.8,30.2,52.5,607.7,155.8
2024-10-23 23:45:00,154.1,815.9,1271.2,2640.3,24.1,32.0,247.0,89.5
2024-10-24 00:00:00,407.6,1936.6,3080.6,4109.1,30.2,47.9,869.2,240.0
2024-10-24 00:15:00,466.5,1893.6,3111.0,3933.2,24.1,38.2,844.8,169.0
2024-10-24 00:30:00,665.2,1650.6,2992.1,5282.1,18.1,33.4,881.0,241.3
2024-10-24 00:45:00,709.8,1449.6,2741.2,6793.5,18.1,31.9,571.2,241.8
2024-10-24 01:00:00,664.7,1440.4,2386.3,6486.1,14.1,30.8,636.2,258.7
2024-10-24 01:15:00,700.1,1297.1,1961.9,6265.1,12.7,30.8,487.9,238.8
2024-10-24 01:30:00,649.9,1037.9,1695.9,5708.5,12.7,30.8,749.4,230.0
2024-10-24 01:45:00,499.5,805.1,1596.1,5195.8,12.7,25.3,825.2,184.9
2024-10-24 02:00:00,431.0,687.5,1017.6,4549.3,12.7,17.6,778.6,121.6
2024-10-24 02:15:00,317.6,713.0,400.0,3526.2,12.7,17.2,688.3,112.4
2024-10-24 02:30:00,336.5,603.0,268.0,2230.9,12.7,17.2,664.0,176.6
2024-10-24 02:45:00,325.6,688.9,202.0,1197.0,12.7,17.2,623.2,156.6
2024-10-24 03:00:00,302.9,676.9,136.9,428.4,12.7,17.2,783.4,145.2
2024-10-24 03:15:00,153.6,808.9,94.8,164.2,12.7,17.2,735.8,73.5
2024-10-24 03:30:00,176.8,512.6,60.0,27.4,7.0,17.2,713.2,172.0
2024-10-24 03:45:00,247.9,517.1,93.5,72.7,6.3,11.0,673.5,166.4
2024-10-24 04:00:00,360.2,537.7,76.0,72.7,6.3,8.7,806.2,75.7
2024-10-24 04:15:00,353.2,480.9,76.0,72.7,6.3,7.1,974.7,34.2
2024-10-24 04:30:00,269.1,394.5,28.3,72.7,6.3,7.1,965.8,71.2
2024-10-24 04:45:00,186.9,428.1,25.5,72.7,2.8,7.1,868.7,18.8
2024-10-24 05:00:00,222.3,398.0,34.3,36.5,0.0,7.1,792.0,7.6
2024-10-24 05:15:00,290.7,376.4,17.0,0.0,0.0,2.3,770.8,27.3
2024-10-24 05:30:00,440.2,312.3,0.0,0.0,0.0,0.0,794.1,27.3
2024-10-24 05:45:00,511.2,115.2,0.0,0.0,0.0,0.0,857.5,17.3
2024-10-24 06:00:00,434.6,139.8,23.0,0.0,0.0,0.0,821.9,0.0
2024-10-24 06:15:00,283.0,214.9,23.0,0.0,0.0,3.3,914.2,0.0
2024-10-24 06:30:00,79.7,351.4,23.0,0.0,0.0,3.3,684.7,0.0
2024-10-24 06:45:00,22.0,332.2,160.1,0.0,0.0,1.0,550.3,58.9
2024-10-24 07:00:00,0.0,446.0,160.1,0.0,0.0,6.7,459.1,51.7
2024-10-24 07:15:00,64.2,245.0,144.1,0.0,0.0,16.7,291.6,52.9
2024-10-24 07:30:00,187.0,228.5,123.3,0.0,0.0,16.7,126.2,48.1
2024-10-24 07:45:00,84.4,325.7,45.7,0.0,0.0,19.3,151.7,2.4
2024-10-24 08:00:00,84.6,388.5,0.0,0.0,0.0,12.7,151.7,24.1
2024-10-24 08:15:00,28.6,367.7,0.0,0.0,0.0,16.1,44.5,24.1
2024-10-24 08:30:00,48.0,299.6,0.0,0.0,0.0,13.0,153.9,3.7
2024-10-24 08:45:00,48.0,325.0,0.0,0.0,0.0,12.9,153.9,0.0
2024-10-24 09:00:00,28.0,312.0,0.0,0.0,0.0,12.9,144.5,0.0
2024-10-24 09:15:00,7.5,299.8,0.0,0.0,0.0,12.9,0.0,0.0
2024-10-24 09:30:00,6.8,149.9,0.0,0.0,7.0,11.9,0.0,0.0
2024-10-24 09:45:00,6.8,80.4,172.7,0.0,7.0,10.3,153.8,0.0
2024-10-24 10:00:00,0.5,97.3,172.7,0.0,1.3,10.3,153.8,0.0
2024-10-24 10:15:00,137.9,197.6,206.3,0.0,0.0,10.3,153.8,0.0
2024-10-24 10:30:00,30.9,210.6,178.1,0.0,0.0,8.3,26.7,0.0
2024-10-24 10:45:00,24.9,328.2,62.2,0.0,0.0,3.5,153.9,0.0
2024-10-24 11:00:00,314.6,591.4,85.5,0.0,0.0,10.1,306.9,0.0
2024-10-24 11:15:00,402.8,622.5,85.5,0.0,0.0,10.1,306.9,0.0
2024-10-24 11:30:00,239.0,787.5,161.6,0.0,0.0,10.1,329.0,0.0
2024-10-24 11:45:00,292.6,1049.8,147.8,0.0,0.0,10.1,378.7,32.9
2024-10-24 12:00:00,292.0,1007.9,285.1,0.0,0.0,16.9,377.1,75.8
2024-10-24 12:15:00,422.8,870.9,270.1,72.9,0.0,16.9,462.3,67.2
2024-10-24 12:30:00,336.6,500.3,220.7,72.9,0.0,16.9,678.7,25.7
2024-10-24 12:45:00,280.5,372.9,156.8,72.9,0.0,12.3,769.4,0.0
2024-10-24 13:00:00,267.9,332.4,110.1,72.9,0.0,13.5,826.6,15.9
2024-10-24 13:15:00,225.8,553.2,56.2,72.9,0.0,13.5,827.0,79.6
2024-10-24 13:30:00,134.2,575.8,71.9,85.5,0.0,12.5,812.5,49.6
2024-10-24 13:45:00,175.1,603.0,32.2,72.2,0.0,6.7,771.1,40.6
2024-10-24 14:00:00,233.5,688.8,31.7,72.2,0.0,9.7,829.4,20.8
2024-10-24 14:15:00,204.7,496.9,112.7,18.5,0.0,9.7,899.0,0.0
2024-10-24 14:30:00,238.9,332.4,82.4,0.0,0.0,6.9,805.5,46.3
2024-10-24 14:45:00,285.0,382.1,67.8,0.0,0.0,6.5,941.3,99.8
2024-10-24 15:00:00,567.8,740.2,88.9,0.0,0.0,6.5,801.6,131.2
2024-10-24 15:15:00,496.3,913.7,69.8,0.0,0.0,6.5,922.2,175.7
2024-10-24 15:30:00,652.4,966.5,59.8,0.0,0.0,6.5,934.9,126.6
2024-10-24 15:45:00,464.5,638.6,26.1,0.0,0.0,6.5,844.2,30.9
2024-10-24 16:00:00,433.9,414.3,45.5,0.0,0.0,6.5,793.8,0.0
2024-10-24 16:15:00,213.9,544.8,45.5,0.0,0.0,4.8,676.2,21.9
2024-10-24 16:30:00,172.1,392.0,216.3,0.0,2.5,6.4,720.1,21.9
2024-10-24 16:45:00,165.2,240.3,206.6,0.0,2.5,9.5,690.4,56.7
2024-10-24 17:00:00,150.4,201.8,176.6,0.0,2.5,9.5,912.7,140.4
2024-10-24 17:15:00,123.4,262.3,147.1,0.0,2.5,12.7,800.6,140.4
2024-10-24 17:30:00,92.3,288.0,87.6,0.0,2.5,12.7,660.2,72.2
2024-10-24 17:45:00,181.9,218.5,36.4,0.0,2.5,24.8,754.9,23.0
2024-10-24 18:00:00,88.7,227.9,141.9,0.0,2.5,24.8,659.6,103.6
2024-10-24 18:15:00,49.2,213.6,84.4,0.0,2.5,29.1,687.6,102.3
2024-10-24 18:30:00,49.2,150.3,4.4,0.0,2.5,31.5,376.3,107.7
2024-10-24 18:45:00,0.0,105.2,0.0,0.0,2.5,35.3,584.1,72.0
2024-10-24 19:00:00,0.0,102.0,87.3,0.0,2.5,36.8,451.3,0.0
2024-10-24 19:15:00,82.6,252.0,87.3,0.0,0.2,32.3,364.7,42.8
2024-10-24 19:30:00,46.0,394.1,187.3,0.0,0.0,29.4,151.5,37.6
2024-10-24 19:45:00,32.7,300.2,187.3,0.0,0.0,26.8,236.9,0.0
2024-10-24 20:00:00,67.7,449.9,253.4,32.3,0.0,23.2,304.6,0.0
2024-10-24 20:15:00,40.3,401.8,55.6,67.2,0.0,26.2,236.9,0.0
2024-10-24 20:30:00,49.5,383.3,107.2,67.2,0.0,33.1,79.4,0.0
2024-10-24 20:45:00,133.4,331.3,246.5,67.2,0.0,32.9,132.7,0.0
2024-10-24 21:00:00,213.6,272.2,194.2,67.2,0.0,28.1,285.5,26.0
2024-10-24 21:15:00,264.0,448.8,264.0,208.9,4.6,30.4,438.0,26.0
2024-10-24 21:30:00,246.9,396.5,274.9,208.9,4.6,30.4,445.7,68.5
2024-10-24 21:45:00,225.6,432.5,184.6,1346.6,4.6,30.4,413.5,79.6
2024-10-24 22:00:00,537.9,984.7,2270.3,7487.4,28.2,40.9,431.9,115.8
2024-10-24 22:15:00,849.1,1371.6,2471.0,7791.0,33.2,47.3,294.0,181.4
2024-10-24 22:30:00,846.7,1471.0,2402.4,7795.2,50.4,47.3,127.9,120.7
2024-10-24 22:45:00,784.0,1179.9,2627.9,7737.7,50.4,45.1,300.4,66.1
2024-10-24 23:00:00,557.9,1179.5,2723.0,7209.3,32.8,43.6,607.7,49.3
2024-10-24 23:15:00,573.9,1385.9,2285.3,6195.8,32.7,43.6,712.3,85.4
2024-10-24 23:30:00,550.4,1666.5,2329.5,4988.4,32.7,43.6,432.6,122.3
2024-10-24 23:45:00,333.7,789.2,1255.7,2962.5,13.9,27.6,182.5,64.2
2024-10-25 00:00:00,658.4,2388.5,2751.9,4552.3,32.7,35.6,586.7,167.2
2024-10-25 00:15:00,664.2,2492.4,2861.1,6245.4,32.7,29.8,614.4,251.5
2024-10-25 00:30:00,740.0,2206.1,2957.3,6049.0,32.7,33.5,606.7,280.9
2024-10-25 00:45:00,532.6,1684.4,2839.9,5872.1,32.7,33.5,632.2,253.3
2024-10-25 01:00:00,390.6,1418.3,2654.2,6649.8,30.6,33.5,613.5,164.6
2024-10-25 01:15:00,343.6,1165.3,2438.0,6412.4,15.6,33.5,704.1,225.2
2024-10-25 01:30:00,381.8,1087.8,2294.2,5833.9,15.6,33.5,799.4,232.8
2024-10-25 01:45:00,290.0,877.4,1753.7,4428.0,15.6,33.5,808.7,269.7
2024-10-25 02:00:00,164.8,962.1,1109.2,3192.2,15.6,33.5,832.1,344.5
2024-10-25 02:15:00,298.0,1087.9,820.3,2012.6,15.6,32.8,503.6,278.5
2024-10-25 02:30:00,363.6,1012.7,269.7,1170.9,15.6,26.6,623.9,227.2
2024-10-25 02:45:00,363.8,839.3,122.4,747.2,15.6,26.6,625.1,134.4
2024-10-25 03:00:00,210.3,501.7,131.6,277.4,15.6,26.6,925.6,91.6
2024-10-25 03:15:00,271.4,441.9,120.4,23.1,15.6,23.3,847.0,77.5
2024-10-25 03:30:00,141.7,409.7,36.9,0.0,15.6,19.8,674.3,65.3
2024-10-25 03:45:00,75.4,375.9,10.3,0.0,15.6,19.8,530.7,14.8
2024-10-25 04:00:00,141.5,439.6,0.0,0.0,15.6,19.8,614.8,8.7
2024-10-25 04:15:00,104.2,447.8,0.0,0.0,15.6,19.8,624.9,5.5
2024-10-25 04:30:00,168.8,376.7,0.0,0.0,15.6,18.6,786.2,0.0
2024-10-25 04:45:00,195.0,324.6,13.8,0.0,10.7,16.6,808.8,0.0
2024-10-25 05:00:00,244.3,271.1,13.8,0.0,9.6,10.2,916.9,140.1
2024-10-25 05:15:00,236.6,252.8,13.8,0.0,9.6,10.2,725.8,140.1
2024-10-25 05:30:00,375.4,192.0,129.7,0.0,6.4,7.3,767.9,122.2
2024-10-25 05:45:00,378.4,204.2,129.7,0.0,1.2,7.0,883.4,71.6
2024-10-25 06:00:00,307.6,185.4,46.3,0.0,0.0,7.0,720.6,79.2
2024-10-25 06:15:00,113.9,206.3,31.7,0.0,0.0,10.4,919.5,47.6
2024-10-25 06:30:00,96.0,248.7,17.3,0.0,0.0,10.4,744.1,46.9
2024-10-25 06:45:00,115.1,400.8,0.0,0.0,0.0,9.5,626.6,2.8
2024-10-25 07:00:00,221.2,330.0,0.0,0.0,0.0,7.0,485.1,0.0
2024-10-25 07:15:00,165.8,368.5,0.0,0.0,0.0,7.0,439.7,30.6
2024-10-25 07:30:00,142.8,335.8,0.0,0.0,0.0,7.0,516.0,57.3
2024-10-25 07:45:00,122.9,154.5,0.0,0.0,0.0,8.0,437.5,46.4
2024-10-25 08:00:00,67.7,148.8,0.0,0.0,0.0,11.6,595.3,9.3
2024-10-25 08:15:00,219.1,202.1,0.0,0.0,0.0,9.3,584.3,0.0
2024-10-25 08:30:00,330.7,215.0,0.0,0.0,0.0,9.3,501.5,0.0
2024-10-25 08:45:00,246.0,357.2,0.0,0.0,0.0,9.3,360.6,49.5
2024-10-25 09:00:00,151.1,313.2,0.0,0.0,0.0,9.3,394.9,49.5
2024-10-25 09:15:00,45.0,339.1,48.6,0.0,0.0,8.2,219.1,49.5
2024-10-25 09:30:00,48.6,221.1,10.2,0.0,0.0,6.6,52.8,3.6
2024-10-25 09:45:00,38.7,176.0,0.0,0.0,6.8,6.6,298.9,0.0
2024-10-25 10:00:00,39.4,174.0,0.0,0.0,6.8,6.6,604.1,0.0
2024-10-25 10:15:00,46.7,88.3,25.0,0.0,6.8,6.6,428.6,0.0
2024-10-25 10:30:00,31.0,214.1,63.1,37.0,6.8,6.6,518.0,0.0
2024-10-25 10:45:00,54.8,271.8,106.2,37.0,6.8,7.4,306.4,0.0
2024-10-25 11:00:00,176.9,427.6,156.5,37.0,7.6,13.6,361.3,91.5
2024-10-25 11:15:00,219.9,567.8,149.1,37.0,7.6,10.8,303.3,63.5
2024-10-25 11:30:00,173.1,925.3,185.6,37.0,7.6,9.6,257.9,35.1
2024-10-25 11:45:00,176.3,902.3,148.4,7.9,7.2,10.8,250.5,32.2
2024-10-25 12:00:00,247.2,790.8,294.7,0.0,6.8,6.2,307.0,31.0
2024-10-25 12:15:00,157.9,561.6,264.4,0.0,4.0,6.2,431.2,31.0
2024-10-25 12:30:00,204.7,427.5,187.7,0.0,0.0,13.2,568.1,21.3
2024-10-25 12:45:00,299.6,456.6,77.7,0.0,0.0,13.2,695.5,29.2
2024-10-25 13:00:00,426.1,408.7,73.6,73.6,18.0,13.2,836.4,0.0
2024-10-25 13:15:00,331.9,396.2,48.8,144.7,18.0,20.0,794.2,45.4
2024-10-25 13:30:00,234.1,570.1,76.6,144.7,18.0,20.0,853.4,29.4
2024-10-25 13:45:00,401.3,497.6,52.6,144.7,18.0,20.0,640.0,52.1
2024-10-25 14:00:00,277.8,398.0,52.0,144.7,17.3,20.0,437.3,45.9
2024-10-25 14:15:00,163.9,481.4,19.8,68.2,14.8,17.6,524.5,22.6
2024-10-25 14:30:00,96.6,804.1,56.8,0.0,14.8,16.8,608.3,66.9
2024-10-25 14:45:00,236.0,1059.7,87.5,0.0,14.8,16.8,507.3,30.5
2024-10-25 15:00:00,286.5,867.0,172.9,0.0,14.8,16.8,457.0,43.0
2024-10-25 15:15:00,332.4,843.7,131.5,0.0,3.4,16.8,594.3,31.4
2024-10-25 15:30:00,362.6,762.4,62.1,0.0,2.3,16.8,669.8,0.0
2024-10-25 15:45:00,413.0,600.9,145.8,0.0,2.3,16.8,687.1,0.0
2024-10-25 16:00:00,250.5,665.3,107.1,0.0,2.3,16.7,873.3,0.0
2024-10-25 16:15:00,189.0,542.5,46.5,0.0,2.3,16.7,878.0,55.6
2024-10-25 16:30:00,278.1,568.3,43.7,0.0,2.3,33.3,745.3,55.6
2024-10-25 16:45:00,244.8,391.2,48.7,0.0,2.3,33.3,456.5,42.7
2024-10-25 17:00:00,317.2,571.4,30.3,0.0,2.3,32.5,305.8,45.9
2024-10-25 17:15:00,244.6,472.4,79.9,0.0,2.1,29.7,459.4,45.9
2024-10-25 17:30:00,172.5,723.8,82.4,0.0,0.0,33.1,612.6,45.9
2024-10-25 17:45:00,206.0,439.7,40.3,0.0,0.0,33.1,617.4,49.0
2024-10-25 18:00:00,65.1,247.8,130.7,0.0,0.0,36.2,495.6,0.0
2024-10-25 18:15:00,0.0,262.3,109.9,0.0,0.0,38.3,591.8,20.5
2024-10-25 18:30:00,0.0,215.0,46.2,0.0,0.0,45.3,605.1,20.5
2024-10-25 18:45:00,32.9,109.3,54.7,0.0,19.6,50.5,703.8,14.6
2024-10-25 19:00:00,79.4,120.1,87.3,0.0,19.6,45.4,742.5,0.0
2024-10-25 19:15:00,79.4,67.6,131.9,0.0,19.6,46.6,633.7,74.1
2024-10-25 19:30:00,173.8,120.2,131.9,0.0,19.6,55.5,558.3,74.1
2024-10-25 19:45:00,213.1,160.3,158.0,0.0,19.6,55.5,369.7,101.1
2024-10-25 20:00:00,94.7,256.3,46.1,0.0,19.6,53.1,161.2,47.0
2024-10-25 20:15:00,109.0,262.3,76.1,0.0,19.6,47.5,152.7,42.5
2024-10-25 20:30:00,12.5,261.9,62.4,0.0,1.5,41.5,152.7,28.6
2024-10-25 20:45:00,73.7,299.0,184.3,0.0,0.0,43.8,95.4,16.3
2024-10-25 21:00:00,104.9,296.3,227.1,0.0,0.0,49.9,0.0,29.2
2024-10-25 21:15:00,46.5,354.0,215.8,0.0,0.0,49.9,308.3,102.6
2024-10-25 21:30:00,25.0,360.4,271.8,49.9,0.0,53.6,456.3,131.3
2024-10-25 21:45:00,78.4,351.5,232.3,903.9,5.7,60.4,565.4,94.7
2024-10-25 22:00:00,425.3,964.4,2242.5,7707.1,16.3,87.6,519.8,220.7
2024-10-25 22:15:00,844.3,1338.6,2305.9,7782.4,26.0,87.6,298.6,206.3
2024-10-25 22:30:00,751.1,1390.0,2273.5,7664.6,26.0,87.6,303.1,217.4
2024-10-25 22:45:00,608.3,1381.3,2866.3,7830.6,26.0,86.0,155.0,139.3
2024-10-25 23:00:00,624.8,1119.7,2647.0,7648.5,26.0,87.8,307.5,145.9
2024-10-25 23:15:00,695.8,951.3,2523.3,6328.1,26.0,81.3,365.8,127.5
2024-10-25 23:30:00,634.9,1091.8,2531.2,5040.5,26.0,74.0,460.6,82.6
2024-10-25 23:45:00,290.3,698.4,1527.3,2504.8,16.0,37.7,314.2,74.1
2024-10-26 00:00:00,550.5,1682.2,2936.6,5055.0,26.0,71.8,733.7,312.5
2024-10-26 00:15:00,569.2,2078.3,2955.1,4940.0,26.0,66.9,733.1,335.4
2024-10-26 00:30:00,651.9,2072.8,2940.4,5748.0,26.0,63.5,526.5,299.3
2024-10-26 00:45:00,586.4,2256.9,2759.8,6865.3,26.0,56.9,248.4,362.2
2024-10-26 01:00:00,632.6,2166.5,2541.2,6666.9,26.0,48.8,154.2,334.9
2024-10-26 01:15:00,763.0,1707.0,2277.2,6482.0,26.0,46.3,460.2,378.3
2024-10-26 01:30:00,670.8,1442.4,2101.6,5444.7,26.0,46.3,767.0,407.2
2024-10-26 01:45:00,599.8,1209.9,1797.5,4627.8,26.0,45.1,591.1,373.3
2024-10-26 02:00:00,502.4,949.4,1349.0,3776.9,26.0,40.7,401.1,306.4
2024-10-26 02:15:00,550.0,918.5,867.0,2919.9,26.0,36.2,460.8,223.4
2024-10-26 02:30:00,466.5,702.8,572.5,1472.4,26.0,36.2,594.6,118.4
2024-10-26 02:45:00,267.6,458.0,292.7,520.0,26.0,36.2,768.7,34.2
2024-10-26 03:00:00,252.8,538.5,150.5,161.1,26.0,36.2,837.7,97.6
2024-10-26 03:15:00,244.7,807.8,70.0,51.0,26.0,36.2,738.3,157.0
2024-10-26 03:30:00,191.1,622.9,51.4,72.9,26.0,36.2,768.6,213.2
2024-10-26 03:45:00,169.6,520.6,39.2,72.9,26.0,30.0,786.5,252.6
2024-10-26 04:00:00,152.0,596.1,27.0,72.9,23.1,20.5,806.0,348.4
2024-10-26 04:15:00,214.4,476.3,27.0,72.9,20.3,16.7,671.7,219.2
2024-10-26 04:30:00,281.2,436.6,82.2,72.9,20.3,16.7,614.9,178.6
2024-10-26 04:45:00,245.3,559.8,98.0,8.7,20.3,16.3,816.1,97.0
2024-10-26 05:00:00,225.6,603.9,152.2,0.0,20.3,9.5,976.4,43.1
2024-10-26 05:15:00,250.2,634.8,136.2,0.0,18.3,8.2,876.0,37.2
2024-10-26 05:30:00,235.0,605.6,103.9,0.0,16.7,7.0,850.7,73.6
2024-10-26 05:45:00,260.6,491.4,95.4,0.0,16.7,7.0,750.8,73.6
2024-10-26 06:00:00,207.0,374.8,82.8,0.0,12.2,7.0,899.1,71.2
2024-10-26 06:15:00,163.8,364.9,52.8,0.0,12.1,7.0,949.9,32.9
2024-10-26 06:30:00,130.2,344.3,21.8,0.0,12.1,7.0,719.4,0.0
2024-10-26 06:45:00,125.2,374.3,33.5,0.0,12.1,6.0,756.7,0.0
2024-10-26 07:00:00,83.1,453.9,29.3,0.0,12.1,0.0,487.5,0.0
2024-10-26 07:15:00,150.6,366.6,0.0,0.0,12.1,0.0,340.9,24.6
2024-10-26 07:30:00,117.1,352.6,57.8,0.0,12.1,3.4,306.7,24.6
2024-10-26 07:45:00,127.4,437.0,36.2,0.0,12.1,3.4,273.4,3.2
2024-10-26 08:00:00,94.7,358.3,0.0,0.0,7.9,3.4,154.0,0.0
2024-10-26 08:15:00,49.9,250.3,0.0,0.0,0.0,3.4,18.8,0.0
2024-10-26 08:30:00,97.0,207.2,0.0,0.0,0.0,6.7,0.0,0.0
2024-10-26 08:45:00,42.3,219.1,44.8,0.0,3.7,6.7,0.0,0.0
2024-10-26 09:00:00,65.3,174.3,44.8,0.0,3.7,6.7,305.5,0.0
2024-10-26 09:15:00,271.1,196.5,41.2,0.0,3.7,6.7,305.5,0.0
2024-10-26 09:30:00,132.5,140.5,0.0,0.0,3.7,9.4,407.1,0.0
2024-10-26 09:45:00,57.8,175.3,0.0,0.0,3.7,9.2,331.5,8.0
2024-10-26 10:00:00,23.1,177.6,0.0,0.0,3.7,6.1,597.1,0.0
2024-10-26 10:15:00,161.6,276.6,0.0,0.0,3.7,6.1,611.5,0.0
2024-10-26 10:30:00,44.8,244.4,20.4,0.0,3.7,5.0,638.7,0.0
2024-10-26 10:45:00,60.8,379.6,0.0,0.0,3.7,2.8,385.7,0.0
2024-10-26 11:00:00,129.2,243.4,37.0,0.0,3.7,2.8,497.9,12.8
2024-10-26 11:15:00,291.6,159.1,75.0,0.0,1.5,2.8,319.7,38.7
2024-10-26 11:30:00,407.7,191.5,138.0,0.0,0.0,2.5,243.1,83.3
2024-10-26 11:45:00,440.0,442.5,112.8,0.0,7.0,2.8,343.6,51.8
2024-10-26 12:00:00,296.5,480.8,261.2,0.0,7.0,2.8,457.5,46.0
2024-10-26 12:15:00,186.4,399.0,246.4,216.8,7.0,2.8,494.9,82.7
2024-10-26 12:30:00,139.4,378.4,148.2,216.8,7.0,2.8,619.1,58.5
2024-10-26 12:45:00,169.6,333.8,153.1,216.8,7.0,2.8,753.0,54.5
2024-10-26 13:00:00,229.6,347.3,143.3,80.8,7.0,2.8,914.9,25.6
2024-10-26 13:15:00,77.7,415.7,45.6,0.0,7.0,2.8,611.8,130.4
2024-10-26 13:30:00,175.0,446.3,21.6,0.0,7.0,2.8,747.7,130.4
2024-10-26 13:45:00,196.7,378.6,57.0,0.0,7.0,6.0,516.4,83.3
2024-10-26 14:00:00,341.7,357.0,77.0,0.0,7.0,4.4,614.5,109.3
2024-10-26 14:15:00,351.1,438.3,47.3,0.0,7.0,3.2,658.3,28.2
2024-10-26 14:30:00,255.7,453.4,25.9,0.0,7.0,3.2,801.4,87.7
2024-10-26 14:45:00,109.8,295.8,25.9,0.0,7.0,3.2,793.3,69.1
2024-10-26 15:00:00,125.4,259.8,47.8,0.0,2.3,3.2,786.0,27.0
2024-10-26 15:15:00,180.3,398.7,68.5,0.0,0.0,3.2,838.6,27.0
2024-10-26 15:30:00,258.0,580.5,68.5,0.0,0.0,3.2,969.0,58.6
2024-10-26 15:45:00,189.4,579.9,55.3,0.0,0.0,6.5,1006.9,33.5
2024-10-26 16:00:00,232.5,597.0,39.6,0.0,0.0,6.5,850.9,0.0
2024-10-26 16:15:00,142.5,588.2,140.7,0.0,0.0,6.5,794.4,0.0
2024-10-26 16:30:00,308.3,657.9,93.4,0.0,0.0,10.5,895.4,0.0
2024-10-26 16:45:00,262.3,513.7,64.5,0.0,0.0,8.7,813.0,37.6
2024-10-26 17:00:00,347.8,388.9,34.5,0.0,0.0,8.3,700.6,37.6
2024-10-26 17:15:00,296.3,243.9,89.7,0.0,0.0,8.3,670.4,74.8
2024-10-26 17:30:00,282.3,256.7,52.3,0.0,18.2,8.3,780.4,38.3
2024-10-26 17:45:00,187.4,209.4,48.0,0.0,25.0,17.7,983.5,68.7
2024-10-26 18:00:00,88.5,260.3,222.9,0.0,25.0,17.7,900.9,84.3
2024-10-26 18:15:00,48.1,270.5,144.6,0.0,25.0,17.7,950.9,116.7
2024-10-26 18:30:00,29.0,272.5,51.0,0.0,25.0,24.4,740.1,88.7
2024-10-26 18:45:00,116.2,185.9,12.4,0.0,25.0,24.4,807.4,74.4
2024-10-26 19:00:00,146.8,168.2,10.1,0.0,25.0,34.5,810.4,0.6
2024-10-26 19:15:00,159.4,181.8,10.1,0.0,25.0,36.7,869.3,0.0
2024-10-26 19:30:00,136.5,229.6,6.1,0.0,20.8,41.1,450.4,0.0
2024-10-26 19:45:00,131.3,271.5,0.0,0.0,17.8,38.8,374.9,0.0
2024-10-26 20:00:00,52.0,275.9,56.6,0.0,0.0,35.1,300.3,0.0
2024-10-26 20:15:00,169.2,316.8,120.8,0.0,0.0,34.5,497.2,67.0
2024-10-26 20:30:00,42.4,211.7,157.8,0.0,0.0,34.5,457.4,1.8
2024-10-26 20:45:00,0.0,183.2,112.1,0.0,0.0,24.7,517.3,0.0
2024-10-26 21:00:00,132.5,268.2,100.1,0.0,0.0,18.5,445.7,0.0
2024-10-26 21:15:00,61.3,277.8,38.8,20.8,0.0,27.8,467.9,0.0
2024-10-26 21:30:00,202.3,263.8,60.3,456.2,0.0,24.9,537.5,0.0
2024-10-26 21:45:00,218.2,441.1,60.3,608.9,0.0,22.0,460.7,36.4
2024-10-26 22:00:00,435.3,1247.7,1249.9,3537.1,0.0,47.5,397.0,92.4
2024-10-26 22:15:00,591.1,1288.9,2332.3,4054.2,0.0,50.8,406.0,92.4
2024-10-26 22:30:00,542.1,1238.6,2556.1,4610.7,0.0,50.8,519.9,130.4
2024-10-26 22:45:00,423.1,1191.7,3012.0,5078.9,0.0,50.8,505.4,91.9
2024-10-26 23:00:00,334.9,1229.3,2561.1,5318.3,0.0,50.8,567.5,92.6
2024-10-26 23:15:00,369.0,1155.9,2131.9,5443.2,0.0,50.8,653.7,99.4
2024-10-26 23:30:00,341.1,1135.3,2532.1,5328.5,0.0,50.8,565.1,84.1
2024-10-26 23:45:00,234.7,671.0,1023.3,3187.8,0.0,33.6,227.8,82.4
2024-10-27 00:00:00,402.5,1518.1,2805.1,5608.2,0.0,49.2,422.0,184.3
2024-10-27 00:15:00,704.8,1450.3,2790.8,5582.0,0.0,43.7,555.4,101.4
2024-10-27 00:30:00,628.8,1410.1,2827.8,5998.6,0.0,41.1,500.5,221.6
2024-10-27 00:45:00,550.7,1298.9,2421.4,6130.9,0.0,39.4,571.5,308.4
2024-10-27 01:00:00,332.4,1492.6,1921.5,5551.0,0.0,37.1,504.1,254.1
2024-10-27 01:15:00,272.2,1359.9,1675.6,5374.8,0.0,36.7,634.4,325.5
2024-10-27 01:30:00,168.4,1016.1,1606.1,4969.0,0.0,30.3,486.5,387.6
2024-10-27 01:45:00,151.9,1096.8,1413.5,4342.5,0.0,25.2,427.8,411.3
2024-10-27 02:00:00,112.4,1186.6,1120.6,3890.8,0.0,23.3,522.8,353.7
2024-10-27 02:15:00,107.0,935.7,697.9,3081.7,0.0,20.9,541.9,317.7
2024-10-27 02:30:00,134.0,707.6,280.6,2380.3,0.0,18.0,571.9,237.8
2024-10-27 02:45:00,95.6,741.1,195.8,1947.4,0.0,11.8,660.0,240.1
2024-10-27 03:00:00,99.0,659.8,162.2,1583.6,0.0,4.3,619.5,169.0
2024-10-27 03:15:00,212.5,588.1,105.4,1148.8,0.0,4.3,577.6,125.3
2024-10-27 03:30:00,190.8,499.7,141.3,863.8,0.0,4.3,691.1,47.4
2024-10-27 03:45:00,189.2,533.0,156.0,517.8,0.0,4.3,549.1,38.3
2024-10-27 04:00:00,119.4,396.3,146.3,197.5,0.0,1.2,577.9,38.3
2024-10-27 04:15:00,141.8,327.2,47.7,138.2,0.0,1.0,702.8,38.3
2024-10-27 04:30:00,104.7,415.7,17.6,103.5,0.0,1.0,513.9,81.5
2024-10-27 04:45:00,139.2,469.4,0.0,32.1,0.0,1.0,529.9,74.8
2024-10-27 05:00:00,120.6,424.5,41.1,0.0,0.0,1.0,607.8,51.5
2024-10-27 05:15:00,169.2,476.0,41.1,0.0,0.0,1.0,489.6,34.8
2024-10-27 05:30:00,262.2,526.6,96.7,0.0,0.0,1.0,313.2,0.0
2024-10-27 05:45:00,281.4,419.2,96.7,0.0,0.0,1.0,456.8,0.0
2024-10-27 06:00:00,203.1,248.1,106.5,0.0,0.0,1.0,411.1,0.0
2024-10-27 06:15:00,140.2,230.4,82.6,0.0,0.0,1.0,200.1,3.2
2024-10-27 06:30:00,127.1,317.4,60.2,0.0,0.0,1.0,0.0,0.0
2024-10-27 06:45:00,98.1,316.9,32.3,0.0,0.0,1.0,151.9,0.0
2024-10-27 07:00:00,88.6,348.0,94.1,0.0,0.0,1.0,304.3,0.0
2024-10-27 07:15:00,73.2,429.1,94.1,0.0,0.0,1.0,386.6,23.2
2024-10-27 07:30:00,19.7,498.5,72.5,0.0,0.0,1.0,459.2,23.2
2024-10-27 07:45:00,6.2,324.1,41.5,0.0,0.0,0.6,289.7,41.0
2024-10-27 08:00:00,0.0,294.4,22.7,0.0,0.0,0.0,254.1,37.0
2024-10-27 08:15:00,135.2,256.7,0.0,0.0,3.4,0.0,304.6,37.0
2024-10-27 08:30:00,128.4,305.6,0.0,0.0,3.4,0.0,442.0,37.0
2024-10-27 08:45:00,89.1,346.5,63.6,0.0,3.4,0.0,411.6,29.7
2024-10-27 09:00:00,159.4,236.1,63.6,0.0,1.5,0.0,583.3,35.6
2024-10-27 09:15:00,157.8,197.2,3.1,0.0,0.0,0.0,520.1,14.0
2024-10-27 09:30:00,90.0,182.0,0.0,0.0,0.0,0.0,715.9,0.0
2024-10-27 09:45:00,24.1,132.1,19.6,0.0,0.0,0.0,700.8,0.0
2024-10-27 10:00:00,21.6,250.2,41.9,0.0,0.0,3.2,633.7,0.0
2024-10-27 10:15:00,15.2,351.0,31.5,0.0,0.0,6.5,319.6,14.4
2024-10-27 10:30:00,15.2,369.6,31.5,0.0,0.0,6.5,436.6,14.4
2024-10-27 10:45:00,171.7,482.0,31.5,0.0,0.0,6.5,459.9,10.5
2024-10-27 11:00:00,51.0,536.2,13.3,0.0,0.0,9.6,599.5,0.0
2024-10-27 11:15:00,18.1,501.9,37.1,0.0,0.0,12.9,443.1,78.4
2024-10-27 11:30:00,60.0,730.7,115.2,0.0,0.0,19.6,588.8,78.4
2024-10-27 11:45:00,45.6,520.8,144.7,73.7,0.0,13.2,597.2,119.6
2024-10-27 12:00:00,76.3,304.0,255.5,217.2,0.0,12.9,742.1,133.2
2024-10-27 12:15:00,100.8,208.2,204.8,217.2,0.0,12.9,754.2,78.2
2024-10-27 12:30:00,161.7,277.3,112.0,217.2,0.0,19.8,733.1,17.9
2024-10-27 12:45:00,204.3,515.2,118.8,179.5,0.0,23.1,562.0,0.6
2024-10-27 13:00:00,148.7,532.6,69.4,42.8,0.0,30.0,430.5,0.0
2024-10-27 13:15:00,139.5,671.7,40.7,0.0,0.0,30.0,435.1,55.3
2024-10-27 13:30:00,193.2,586.9,27.1,0.0,0.0,28.6,559.3,53.7
2024-10-27 13:45:00,256.5,470.8,3.6,0.0,0.0,26.7,721.8,84.0
2024-10-27 14:00:00,413.3,328.6,0.0,0.0,0.0,28.6,734.5,91.1
2024-10-27 14:15:00,434.9,430.2,8.2,0.0,0.0,25.9,750.8,40.6
2024-10-27 14:30:00,370.5,487.2,28.9,0.0,0.0,25.9,816.6,73.4
2024-10-27 14:45:00,373.5,382.7,28.9,21.2,0.0,25.9,594.1,56.1
2024-10-27 15:00:00,302.6,389.7,28.9,0.0,0.0,25.9,313.9,55.8
2024-10-27 15:15:00,256.2,619.8,28.9,0.0,0.0,32.5,31.3,60.4
2024-10-27 15:30:00,401.6,465.1,28.9,0.0,0.0,30.3,155.2,20.4
2024-10-27 15:45:00,408.6,422.5,24.2,0.0,0.0,27.6,463.3,54.4
2024-10-27 16:00:00,459.5,372.2,29.8,0.0,0.0,20.8,769.0,56.5
2024-10-27 16:15:00,431.5,455.4,108.2,0.0,0.0,20.3,842.9,70.9
2024-10-27 16:30:00,343.5,562.8,91.5,0.0,1.6,7.7,752.2,43.4
2024-10-27 16:45:00,180.9,696.5,113.3,0.0,1.6,6.9,652.4,40.1
2024-10-27 17:00:00,190.7,589.2,136.9,0.0,1.6,6.9,800.9,24.8
2024-10-27 17:15:00,194.0,432.9,100.0,0.0,1.6,1.9,782.4,54.2
2024-10-27 17:30:00,226.8,316.3,0.7,0.0,1.6,9.7,707.7,81.1
2024-10-27 17:45:00,174.8,212.0,0.0,0.0,3.1,9.7,621.4,49.6
2024-10-27 18:00:00,88.9,77.3,111.4,0.0,2.7,23.8,653.6,59.9
2024-10-27 18:15:00,69.7,220.4,192.7,0.0,2.7,26.9,853.7,10.9
2024-10-27 18:30:00,102.1,166.8,4.7,0.0,2.7,26.9,666.6,0.0
2024-10-27 18:45:00,146.0,161.5,0.0,0.0,2.7,24.4,578.2,0.0
2024-10-27 19:00:00,198.0,133.1,0.0,0.0,2.7,25.6,602.4,0.0
2024-10-27 19:15:00,101.1,161.8,36.9,0.0,2.7,25.6,608.3,0.0
2024-10-27 19:30:00,89.1,236.3,76.0,0.0,2.7,24.3,678.8,0.0
2024-10-27 19:45:00,161.6,184.8,87.9,1.5,5.1,19.5,734.8,0.0
2024-10-27 20:00:00,189.8,164.3,87.2,1.5,2.7,26.0,719.5,34.9
2024-10-27 20:15:00,60.3,278.3,51.9,1.5,1.5,26.0,403.9,34.9
2024-10-27 20:30:00,68.2,208.7,56.4,1.5,0.0,26.0,219.5,34.9
2024-10-27 20:45:00,68.2,256.4,76.5,1.5,0.0,23.0,150.9,47.2
2024-10-27 21:00:00,136.8,341.2,153.4,1.5,0.0,24.8,153.3,40.5
2024-10-27 21:15:00,238.8,265.7,132.5,1.5,19.0,21.7,307.0,96.1
2024-10-27 21:30:00,178.1,326.6,123.4,340.5,2.6,29.4,430.6,107.1
2024-10-27 21:45:00,345.1,411.5,161.9,2485.4,0.0,29.4,287.9,54.4
2024-10-27 22:00:00,687.8,1308.0,2280.4,5366.6,16.4,49.8,68.0,200.0
2024-10-27 22:15:00,865.2,1520.3,2264.5,6114.6,28.1,49.4,0.0,244.7
2024-10-27 22:30:00,746.6,1787.5,2184.0,6346.6,28.1,58.1,0.0,284.6
2024-10-27 22:45:00,649.2,1847.1,3100.6,6345.9,28.1,61.5,0.0,155.5
2024-10-27 23:00:00,507.4,1581.8,2729.1,6276.5,33.2,61.5,0.0,163.5
2024-10-27 23:15:00,447.6,1499.8,2652.9,5478.0,33.2,61.5,152.7,130.5
2024-10-27 23:30:00,537.8,1263.4,2677.5,4213.4,39.0,63.6,306.7,153.0
2024-10-27 23:45:00,266.7,528.8,1169.4,2009.3,31.2,25.6,146.0,54.2
2024-10-28 00:00:00,411.2,1326.6,2640.9,4166.2,45.0,55.2,759.5,270.2
2024-10-28 00:15:00,344.5,1351.6,2366.8,5387.7,45.0,55.2,840.9,198.4
2024-10-28 00:30:00,183.2,1829.8,2303.7,5273.5,45.0,57.9,872.5,182.8
2024-10-28 00:45:00,175.0,1895.4,1688.1,5513.0,45.0,57.2,619.2,243.5
2024-10-28 01:00:00,204.6,1428.1,1509.9,5455.6,40.5,57.2,673.7,207.7
2024-10-28 01:15:00,235.4,1022.6,1384.6,5085.4,35.2,55.1,659.2,184.1
2024-10-28 01:30:00,322.2,904.1,1214.2,4624.0,32.6,50.4,482.2,254.0
2024-10-28 01:45:00,337.8,953.9,681.6,3784.4,23.4,45.6,642.0,278.9
2024-10-28 02:00:00,415.5,947.9,402.1,3054.5,23.4,44.2,571.4,234.3
2024-10-28 02:15:00,365.7,767.2,343.5,1989.3,23.4,44.2,607.2,181.0
2024-10-28 02:30:00,320.9,728.2,214.2,1408.6,23.4,41.6,644.0,68.9
2024-10-28 02:45:00,392.4,615.2,148.5,795.1,23.4,37.2,322.9,53.0
2024-10-28 03:00:00,374.8,458.0,132.6,436.5,23.4,34.7,596.3,91.7
2024-10-28 03:15:00,274.9,409.1,97.3,324.4,23.4,33.5,632.5,115.9
2024-10-28 03:30:00,130.0,385.7,80.2,127.4,19.6,33.5,668.4,108.9
2024-10-28 03:45:00,119.0,397.7,102.4,27.3,17.6,33.5,866.7,106.5
2024-10-28 04:00:00,130.1,483.9,68.1,0.0,14.4,27.4,611.4,50.9
2024-10-28 04:15:00,109.9,386.8,32.6,0.0,12.5,26.6,767.2,23.3
2024-10-28 04:30:00,88.0,239.6,21.0,0.0,3.8,26.6,626.4,34.4
2024-10-28 04:45:00,113.4,520.5,54.1,0.0,0.0,26.6,691.3,109.2
2024-10-28 05:00:00,171.4,492.9,94.6,0.0,0.0,26.6,728.4,109.2
2024-10-28 05:15:00,134.0,401.9,76.7,0.0,0.0,15.1,738.2,123.7
2024-10-28 05:30:00,267.9,456.3,111.3,0.0,0.0,9.6,527.9,79.4
2024-10-28 05:45:00,323.1,221.6,129.1,0.0,0.0,3.3,739.8,50.4
2024-10-28 06:00:00,254.7,121.4,94.5,0.0,0.0,3.3,873.0,49.6
2024-10-28 06:15:00,237.8,221.3,34.1,0.0,0.0,0.0,855.4,38.6
2024-10-28 06:30:00,212.1,341.1,0.0,0.0,0.0,0.0,613.0,16.4
2024-10-28 06:45:00,212.1,356.3,31.8,0.0,0.0,1.0,701.0,0.0
2024-10-28 07:00:00,85.5,279.4,31.8,0.0,0.0,1.0,624.9,0.0
2024-10-28 07:15:00,69.0,409.2,31.8,0.0,0.0,1.0,644.7,0.0
2024-10-28 07:30:00,0.0,371.9,8.7,0.0,0.0,1.0,210.5,25.5
2024-10-28 07:45:00,21.2,176.4,0.0,0.0,18.6,1.0,0.0,16.9
2024-10-28 08:00:00,18.4,175.3,20.3,0.0,18.6,0.1,0.0,0.0
2024-10-28 08:15:00,0.0,216.3,20.3,0.0,18.6,0.0,153.4,0.0
2024-10-28 08:30:00,18.8,294.4,20.3,0.0,18.6,2.0,153.4,0.0
2024-10-28 08:45:00,46.0,332.4,8.2,0.0,18.6,0.0,452.4,0.0
2024-10-28 09:00:00,62.3,360.9,38.9,0.0,18.6,0.0,610.3,0.0
2024-10-28 09:15:00,52.5,367.9,38.9,0.0,18.6,8.4,749.3,0.0
2024-10-28 09:30:00,53.7,343.0,38.9,64.0,18.6,8.4,490.1,0.0
2024-10-28 09:45:00,76.7,348.7,7.6,64.0,8.0,8.4,471.6,0.0
2024-10-28 10:00:00,56.2,380.6,56.5,64.0,0.0,8.4,295.4,0.0
2024-10-28 10:15:00,172.9,343.9,95.6,9.2,0.0,15.0,282.3,0.0
2024-10-28 10:30:00,159.0,319.1,62.5,0.0,0.0,15.0,455.9,0.0
2024-10-28 10:45:00,99.0,224.6,99.6,5.6,0.0,18.2,609.7,0.0
2024-10-28 11:00:00,199.5,527.9,145.3,58.2,0.0,18.2,577.0,0.0
2024-10-28 11:15:00,209.4,658.1,101.1,58.2,0.0,18.2,617.6,0.0
2024-10-28 11:30:00,61.7,697.3,95.9,86.6,0.0,25.2,528.4,81.2
2024-10-28 11:45:00,58.3,593.4,162.7,106.3,0.0,25.2,407.6,120.4
2024-10-28 12:00:00,44.8,644.5,245.5,74.4,0.0,25.2,156.1,126.7
2024-10-28 12:15:00,71.8,608.4,203.6,0.0,0.0,25.2,17.0,96.5
2024-10-28 12:30:00,252.5,550.3,182.1,0.0,0.0,25.2,309.3,66.0
2024-10-28 12:45:00,273.4,607.4,126.3,130.1,0.0,24.1,462.5,52.2
2024-10-28 13:00:00,282.3,554.0,148.7,130.1,0.0,17.1,462.5,41.4
2024-10-28 13:15:00,270.6,515.7,119.4,130.1,0.0,11.7,545.0,47.3
2024-10-28 13:30:00,204.8,361.5,100.0,130.1,0.0,11.7,608.8,67.9
2024-10-28 13:45:00,176.7,408.5,61.3,113.5,0.0,11.7,612.6,74.0
2024-10-28 14:00:00,184.3,460.4,146.0,58.0,0.0,18.3,800.7,58.2
2024-10-28 14:15:00,161.0,409.3,149.6,34.6,0.0,18.3,825.9,41.0
2024-10-28 14:30:00,166.8,531.3,82.6,0.0,0.0,20.4,969.4,39.8
2024-10-28 14:45:00,245.5,586.0,0.4,0.0,0.0,21.6,1033.1,51.8
2024-10-28 15:00:00,233.2,515.9,0.0,0.0,2.5,16.5,847.4,117.5
2024-10-28 15:15:00,282.9,538.6,0.0,0.0,2.5,22.4,817.1,134.3
2024-10-28 15:30:00,361.3,493.3,22.5,0.0,2.5,20.8,856.0,209.1
2024-10-28 15:45:00,537.7,592.5,128.7,0.0,2.5,15.9,860.6,138.5
2024-10-28 16:00:00,490.9,550.3,50.5,0.0,2.5,15.9,791.3,70.6
2024-10-28 16:15:00,227.2,570.1,81.5,0.0,2.5,15.2,819.5,94.8
2024-10-28 16:30:00,278.3,603.9,172.0,0.0,2.5,14.3,852.7,192.3
2024-10-28 16:45:00,291.9,485.2,150.1,0.0,2.5,8.5,788.8,242.3
2024-10-28 17:00:00,270.9,514.8,103.7,0.0,2.5,8.5,780.6,203.3
2024-10-28 17:15:00,423.3,325.8,136.5,0.0,2.5,8.5,808.4,116.3
2024-10-28 17:30:00,342.2,174.4,134.2,0.0,2.5,8.5,765.7,90.0
2024-10-28 17:45:00,294.9,218.7,18.6,0.0,0.5,6.3,802.5,35.7
2024-10-28 18:00:00,79.1,135.2,98.3,0.0,0.0,14.8,689.4,32.6
2024-10-28 18:15:00,199.6,224.2,59.3,0.0,6.5,17.2,703.2,32.6
2024-10-28 18:30:00,120.2,203.5,26.0,0.0,6.5,20.3,424.3,32.6
2024-10-28 18:45:00,145.8,136.9,0.0,0.0,6.5,24.2,398.4,4.7
2024-10-28 19:00:00,96.0,192.8,93.2,0.0,6.5,18.9,458.4,0.0
2024-10-28 19:15:00,93.7,179.9,130.6,0.0,6.5,18.9,445.9,44.1
2024-10-28 19:30:00,137.8,152.2,87.3,0.0,6.5,17.3,217.7,98.5
2024-10-28 19:45:00,228.2,373.6,87.3,0.0,6.5,13.9,147.5,62.7
2024-10-28 20:00:00,210.0,270.4,87.3,0.0,6.5,12.5,300.7,62.7
2024-10-28 20:15:00,152.2,312.3,47.6,0.0,6.5,19.4,410.5,34.8
2024-10-28 20:30:00,40.9,182.7,35.7,0.0,6.5,27.0,284.1,0.0
2024-10-28 20:45:00,17.1,143.7,78.9,0.0,6.5,27.0,257.2,0.0
2024-10-28 21:00:00,37.2,417.7,174.7,0.0,6.5,37.2,305.3,0.0
2024-10-28 21:15:00,117.9,559.4,178.8,1.2,8.1,37.2,432.7,21.3
2024-10-28 21:30:00,85.7,635.5,208.1,51.2,6.5,33.2,445.9,65.9
2024-10-28 21:45:00,89.2,532.1,174.3,2103.1,6.5,37.7,585.8,82.5
2024-10-28 22:00:00,583.9,1086.0,2393.8,7399.3,39.5,63.1,768.4,151.6
2024-10-28 22:15:00,760.6,1079.4,2426.7,7386.2,39.5,63.1,736.7,181.7
2024-10-28 22:30:00,702.1,1321.4,2318.2,7381.7,39.5,69.9,635.1,285.9
2024-10-28 22:45:00,561.3,1322.0,2798.2,7316.0,39.5,69.9,340.0,338.4
2024-10-28 23:00:00,491.3,1282.4,2545.3,6954.2,39.5,69.9,279.3,316.4
2024-10-28 23:15:00,509.4,1578.7,2441.6,6156.8,39.5,69.9,306.2,162.8
2024-10-28 23:30:00,567.2,1811.9,2339.2,4036.3,39.5,69.9,276.3,145.7
2024-10-28 23:45:00,386.5,876.3,1383.3,2127.2,27.3,36.6,187.7,119.3
2024-10-29 00:00:00,666.0,2125.7,2815.3,5043.9,46.5,71.6,490.0,345.0
2024-10-29 00:15:00,689.3,2083.0,3012.9,6275.3,46.5,66.6,613.3,378.7
2024-10-29 00:30:00,699.3,1940.5,2766.7,6152.5,46.5,66.1,788.5,314.2
2024-10-29 00:45:00,455.9,1733.5,2779.0,5917.9,46.5,66.1,777.2,410.7
2024-10-29 01:00:00,422.3,1558.6,2623.8,6564.5,46.5,57.6,733.7,365.4
2024-10-29 01:15:00,308.1,1325.9,2388.1,6170.3,46.5,59.3,601.9,455.1
2024-10-29 01:30:00,303.5,1008.0,2159.7,5546.8,46.5,56.9,611.4,442.3
2024-10-29 01:45:00,298.4,805.8,1670.3,4542.6,39.8,50.8,724.7,397.9
2024-10-29 02:00:00,300.0,639.5,886.3,3071.3,36.7,49.5,723.1,393.2
2024-10-29 02:15:00,193.0,580.3,618.3,1852.5,48.1,45.6,713.3,298.8
2024-10-29 02:30:00,219.5,488.1,332.6,1276.3,48.1,40.0,591.0,221.8
2024-10-29 02:45:00,243.4,540.6,103.7,711.7,44.7,32.6,754.9,106.4
2024-10-29 03:00:00,170.1,464.4,65.7,353.5,31.5,26.2,603.9,88.3
2024-10-29 03:15:00,189.3,371.4,44.2,127.2,30.7,17.3,672.3,96.6
2024-10-29 03:30:00,286.5,371.2,27.2,57.9,29.7,14.0,750.5,101.8
2024-10-29 03:45:00,231.0,248.6,76.9,8.2,20.1,10.4,745.9,78.1
2024-10-29 04:00:00,155.8,267.3,64.7,0.0,16.4,10.4,624.1,43.8
2024-10-29 04:15:00,98.5,260.8,54.9,0.0,13.6,10.4,546.9,68.6
2024-10-29 04:30:00,259.9,410.9,54.9,0.0,13.6,10.4,611.8,109.9
2024-10-29 04:45:00,400.3,321.4,32.8,0.0,13.6,10.4,767.2,147.2
2024-10-29 05:00:00,309.9,342.6,48.1,0.0,13.6,9.7,797.7,118.2
2024-10-29 05:15:00,289.6,288.1,74.7,0.0,12.0,10.7,773.5,153.4
2024-10-29 05:30:00,245.7,395.7,74.7,0.0,6.9,10.7,818.9,108.8
2024-10-29 05:45:00,160.8,336.4,42.9,0.0,6.2,10.7,816.7,117.3
2024-10-29 06:00:00,95.6,256.9,0.0,0.0,0.0,10.7,936.1,76.9
2024-10-29 06:15:00,107.9,190.5,0.0,0.0,0.0,9.4,947.1,11.0
2024-10-29 06:30:00,89.9,309.8,47.7,0.0,0.0,7.4,565.0,11.0
2024-10-29 06:45:00,110.2,311.6,32.9,0.0,0.0,7.4,600.9,11.0
2024-10-29 07:00:00,104.4,464.3,8.1,0.0,0.0,10.7,610.2,5.4
2024-10-29 07:15:00,140.8,399.6,0.0,0.0,0.0,14.0,605.7,72.7
2024-10-29 07:30:00,90.4,331.0,0.0,0.0,0.0,14.0,350.8,44.0
2024-10-29 07:45:00,71.0,191.9,0.0,0.0,0.0,14.0,168.6,3.3
2024-10-29 08:00:00,37.6,191.6,53.6,0.0,0.0,17.4,290.4,0.0
2024-10-29 08:15:00,47.5,186.2,53.6,0.0,0.0,13.8,305.1,0.0
2024-10-29 08:30:00,1.8,202.8,29.2,0.0,0.0,17.0,611.3,53.6
2024-10-29 08:45:00,0.0,453.7,73.6,0.0,0.0,13.8,612.6,53.6
2024-10-29 09:00:00,51.4,478.9,0.0,0.0,0.0,10.9,720.7,50.5
2024-10-29 09:15:00,179.8,484.0,0.0,0.0,0.0,19.3,729.0,8.8
2024-10-29 09:30:00,52.8,232.5,0.0,54.8,0.0,18.4,875.2,0.4
2024-10-29 09:45:00,0.0,324.2,0.0,54.8,0.0,16.0,718.6,0.0
2024-10-29 10:00:00,0.0,358.2,29.9,54.8,0.0,16.0,582.0,0.0
2024-10-29 10:15:00,0.0,336.4,91.8,54.8,0.0,16.0,411.5,59.0
2024-10-29 10:30:00,0.0,256.4,111.4,24.5,0.0,21.9,417.0,52.6
2024-10-29 10:45:00,57.9,149.4,61.9,0.0,0.0,21.8,307.1,0.0
2024-10-29 11:00:00,132.7,330.2,60.8,0.0,0.0,22.1,167.9,0.0
2024-10-29 11:15:00,154.7,608.2,89.5,0.0,6.6,28.8,319.8,66.3
2024-10-29 11:30:00,77.1,812.9,39.8,0.0,6.6,26.1,460.9,122.7
2024-10-29 11:45:00,235.8,865.1,12.1,0.0,5.5,22.2,724.3,340.1
2024-10-29 12:00:00,240.9,744.4,135.5,0.0,0.0,22.2,419.2,158.9
2024-10-29 12:15:00,209.1,812.5,135.5,0.0,0.0,22.2,365.1,140.8
2024-10-29 12:30:00,301.4,584.6,154.2,146.0,0.0,22.2,456.6,196.6
2024-10-29 12:45:00,98.7,495.7,154.0,146.0,0.0,19.6,725.5,281.6
2024-10-29 13:00:00,125.4,532.1,137.5,146.0,0.0,19.2,545.4,255.8
2024-10-29 13:15:00,73.5,597.8,181.3,146.0,2.9,19.2,260.9,173.2
2024-10-29 13:30:00,162.9,505.4,236.5,84.5,10.0,13.4,0.0,143.0
2024-10-29 13:45:00,225.1,355.4,161.7,0.0,10.0,13.2,301.8,123.2
2024-10-29 14:00:00,267.6,367.4,109.5,0.0,10.0,13.2,607.3,137.4
2024-10-29 14:15:00,257.9,479.2,112.3,0.0,10.0,13.2,908.2,119.3
2024-10-29 14:30:00,170.3,368.7,70.1,0.0,10.0,13.2,886.1,155.0
2024-10-29 14:45:00,222.4,519.8,40.8,0.0,10.0,13.2,675.7,228.0
2024-10-29 15:00:00,514.3,609.5,8.0,0.0,10.0,13.2,726.2,200.9
2024-10-29 15:15:00,383.4,848.0,8.0,0.0,10.0,13.2,765.7,117.0
2024-10-29 15:30:00,280.6,869.0,59.3,0.0,8.7,13.2,874.4,123.8
2024-10-29 15:45:00,205.8,778.8,59.3,0.0,7.1,13.2,934.8,410.3
2024-10-29 16:00:00,211.3,634.9,53.5,0.0,7.1,16.4,932.8,325.8
2024-10-29 16:15:00,152.2,586.3,89.1,0.0,7.1,16.4,913.1,189.5
2024-10-29 16:30:00,174.3,372.8,163.0,0.0,7.1,16.4,739.0,123.2
2024-10-29 16:45:00,246.0,579.8,116.7,0.0,7.1,16.8,759.8,157.1
2024-10-29 17:00:00,278.3,567.3,82.4,0.0,7.1,10.1,765.8,196.1
2024-10-29 17:15:00,490.1,496.5,61.5,0.0,7.1,10.1,770.0,124.7
2024-10-29 17:30:00,200.0,562.9,124.7,0.0,7.1,10.1,788.2,63.5
2024-10-29 17:45:00,169.7,393.1,136.1,0.0,5.0,10.1,645.4,35.4
2024-10-29 18:00:00,112.4,136.2,258.5,0.0,0.0,16.4,590.0,73.3
2024-10-29 18:15:00,175.0,16.1,179.2,0.0,0.0,14.3,308.0,73.3
2024-10-29 18:30:00,96.5,81.1,146.9,75.5,0.0,19.9,161.8,70.1
2024-10-29 18:45:00,96.5,44.2,118.0,75.5,0.0,19.9,336.7,29.4
2024-10-29 19:00:00,200.9,28.3,158.1,75.5,7.0,23.2,609.6,0.0
2024-10-29 19:15:00,186.5,78.0,143.8,75.5,7.0,20.5,565.0,0.0
2024-10-29 19:30:00,238.8,77.2,145.2,75.5,7.0,19.6,231.5,0.0
2024-10-29 19:45:00,102.1,101.4,80.4,26.6,7.0,16.6,0.0,0.0
2024-10-29 20:00:00,28.3,145.4,43.6,0.0,7.0,23.7,154.1,0.0
2024-10-29 20:15:00,19.9,318.9,59.1,0.0,7.0,20.5,154.1,46.7
2024-10-29 20:30:00,10.9,533.0,108.1,0.0,7.0,22.9,144.3,66.8
2024-10-29 20:45:00,87.6,504.5,169.7,0.0,7.0,22.7,0.0,56.1
2024-10-29 21:00:00,169.0,545.5,80.8,0.0,7.0,13.7,152.5,0.0
2024-10-29 21:15:00,187.5,629.7,127.2,2.8,7.8,10.8,152.5,0.0
2024-10-29 21:30:00,99.8,587.2,119.5,48.9,7.8,13.0,462.0,0.0
2024-10-29 21:45:00,115.0,681.7,174.1,696.9,13.6,13.0,616.2,71.3
2024-10-29 22:00:00,447.1,1164.3,2303.3,7233.8,26.3,39.5,732.6,364.1
2024-10-29 22:15:00,635.7,1410.6,2228.9,7268.8,26.3,46.0,663.5,423.4
2024-10-29 22:30:00,738.3,1539.6,2163.9,7254.5,26.3,46.0,604.5,574.3
2024-10-29 22:45:00,734.5,1629.3,3071.3,7141.9,33.6,49.5,741.5,356.3
2024-10-29 23:00:00,635.9,1515.5,2767.1,6953.2,32.5,49.5,652.3,104.9
2024-10-29 23:15:00,516.0,1402.1,2267.1,6111.8,32.5,52.8,386.9,113.9
2024-10-29 23:30:00,487.2,1340.1,2340.2,4870.9,32.5,45.3,321.5,216.2
2024-10-29 23:45:00,204.1,825.8,1214.7,2950.2,7.3,23.7,111.8,149.7
2024-10-30 00:00:00,425.3,1797.8,2937.7,4751.4,19.4,40.6,479.7,354.4
2024-10-30 00:15:00,542.6,1789.5,3055.2,5531.6,19.4,54.6,561.0,336.3
2024-10-30 00:30:00,615.8,1859.3,2878.2,6671.1,19.4,53.2,455.7,274.5
2024-10-30 00:45:00,595.4,1529.9,2747.7,6588.7,19.4,51.1,502.1,115.2
2024-10-30 01:00:00,488.6,1360.5,2294.2,7103.5,19.4,47.3,507.5,238.8
2024-10-30 01:15:00,351.0,1196.3,1896.7,6484.2,19.4,43.6,611.3,341.2
2024-10-30 01:30:00,238.9,954.5,1701.8,5722.1,12.2,38.3,661.1,357.0
2024-10-30 01:45:00,360.6,721.6,1376.9,4885.3,6.3,38.3,636.3,346.3
2024-10-30 02:00:00,312.9,701.9,1023.0,3703.7,6.3,38.2,673.8,221.2
2024-10-30 02:15:00,403.2,624.3,602.2,2153.0,6.3,31.5,611.2,208.5
2024-10-30 02:30:00,345.9,681.5,227.5,1377.4,6.3,31.5,738.4,114.3
2024-10-30 02:45:00,267.7,673.6,185.0,997.1,6.3,29.6,767.6,104.8
2024-10-30 03:00:00,264.9,704.3,102.9,397.3,12.1,17.3,725.9,192.5
2024-10-30 03:15:00,179.7,570.8,133.5,244.7,12.1,17.3,825.3,191.6
2024-10-30 03:30:00,166.7,401.5,119.0,77.4,7.4,15.7,845.9,283.7
2024-10-30 03:45:00,207.2,290.5,33.4,5.0,5.8,10.5,936.9,259.7
2024-10-30 04:00:00,236.4,288.1,31.8,0.0,5.8,10.5,815.9,172.8
2024-10-30 04:15:00,243.4,329.4,79.1,0.0,5.8,10.5,632.9,140.8
2024-10-30 04:30:00,196.8,355.5,67.8,0.0,5.8,10.5,675.4,116.7
2024-10-30 04:45:00,155.0,359.3,63.1,0.0,5.8,10.5,848.8,145.6
2024-10-30 05:00:00,277.3,330.1,15.9,0.0,5.8,10.5,796.1,139.2
2024-10-30 05:15:00,298.6,320.1,15.8,0.0,5.8,9.1,766.6,166.3
2024-10-30 05:30:00,304.0,292.3,66.0,0.0,5.8,5.6,738.5,119.8
2024-10-30 05:45:00,277.3,180.4,50.9,0.0,5.8,1.8,764.3,65.8
2024-10-30 06:00:00,185.5,109.8,50.2,0.0,3.0,1.3,834.8,5.5
2024-10-30 06:15:00,138.6,223.4,85.3,0.0,0.0,0.0,897.1,34.1
2024-10-30 06:30:00,121.4,329.8,90.7,0.0,0.0,1.7,582.5,70.0
2024-10-30 06:45:00,78.3,276.4,67.8,0.0,0.0,1.0,291.5,68.2
2024-10-30 07:00:00,72.3,380.6,12.0,0.0,0.0,0.0,331.3,34.1
2024-10-30 07:15:00,83.6,350.4,0.0,0.0,0.0,0.0,458.6,40.4
2024-10-30 07:30:00,52.9,208.3,0.0,0.0,0.0,0.0,532.6,23.2
2024-10-30 07:45:00,77.7,219.2,0.0,0.0,0.0,0.0,267.4,1.7
2024-10-30 08:00:00,91.5,326.2,0.0,0.0,0.0,6.4,139.8,54.7
2024-10-30 08:15:00,31.9,386.4,0.0,0.0,0.0,6.4,154.9,53.9
2024-10-30 08:30:00,18.0,215.8,0.0,0.0,0.0,9.9,308.0,98.2
2024-10-30 08:45:00,18.0,504.9,0.0,0.0,0.0,9.9,447.4,67.9
2024-10-30 09:00:00,57.1,412.4,0.0,0.0,0.0,9.9,365.1,65.5
2024-10-30 09:15:00,51.1,248.8,0.0,0.0,0.0,9.9,612.4,54.5
2024-10-30 09:30:00,39.1,175.3,0.0,0.0,0.0,9.9,760.9,9.4
2024-10-30 09:45:00,15.6,115.0,0.0,0.0,0.0,9.9,696.4,0.0
2024-10-30 10:00:00,52.8,134.2,0.0,0.0,0.0,9.9,327.8,0.0
2024-10-30 10:15:00,79.0,110.4,7.4,0.0,0.0,9.9,152.3,26.6
2024-10-30 10:30:00,99.7,156.4,54.8,0.0,0.0,9.9,0.0,26.6
2024-10-30 10:45:00,46.6,275.9,79.3,0.0,0.0,9.1,0.0,26.6
2024-10-30 11:00:00,167.8,233.4,123.3,0.0,0.0,3.5,0.0,96.7
2024-10-30 11:15:00,286.0,281.3,121.6,0.0,0.0,3.5,152.6,82.9
2024-10-30 11:30:00,232.5,503.6,70.0,0.0,0.0,3.5,460.3,74.4
2024-10-30 11:45:00,195.8,604.9,65.9,0.0,0.0,3.5,555.2,59.0
2024-10-30 12:00:00,198.8,678.0,123.0,0.0,0.0,3.5,767.6,51.9
2024-10-30 12:15:00,270.0,643.7,209.0,0.0,0.0,3.5,683.4,116.5
2024-10-30 12:30:00,323.9,439.6,218.0,0.0,0.0,3.5,609.7,218.3
2024-10-30 12:45:00,325.9,507.8,227.4,143.2,0.0,3.5,452.8,209.5
2024-10-30 13:00:00,250.5,446.6,174.0,143.2,0.0,3.5,461.9,148.4
2024-10-30 13:15:00,214.8,331.2,114.0,143.2,0.0,6.1,609.9,266.3
2024-10-30 13:30:00,246.1,449.8,65.1,143.2,0.0,6.1,715.8,269.0
2024-10-30 13:45:00,156.2,427.8,121.0,143.2,0.0,12.6,742.3,185.5
2024-10-30 14:00:00,183.8,350.5,120.1,85.1,0.0,15.8,796.4,40.4
2024-10-30 14:15:00,320.3,375.2,79.6,0.0,0.0,15.8,870.3,73.7
2024-10-30 14:30:00,287.3,409.6,42.9,0.0,0.0,15.8,763.0,92.7
2024-10-30 14:45:00,182.8,413.5,11.1,0.0,0.0,15.8,745.3,92.7
2024-10-30 15:00:00,318.4,710.4,0.0,0.0,0.0,15.0,799.5,35.5
2024-10-30 15:15:00,272.0,726.4,0.0,0.0,0.0,13.2,924.4,135.5
2024-10-30 15:30:00,159.4,514.5,0.0,0.0,0.0,13.2,994.1,107.5
2024-10-30 15:45:00,215.8,636.7,57.6,0.0,0.0,13.2,807.4,71.9
2024-10-30 16:00:00,280.3,545.6,71.2,0.0,0.0,13.2,819.6,32.5
2024-10-30 16:15:00,419.9,415.9,38.4,0.0,0.0,13.2,860.7,126.7
2024-10-30 16:30:00,373.1,439.4,10.8,45.4,0.0,12.5,894.1,102.2
2024-10-30 16:45:00,314.1,393.3,91.3,45.4,2.5,6.7,784.7,50.8
2024-10-30 17:00:00,216.8,371.7,91.3,22.4,2.5,7.2,862.1,50.8
2024-10-30 17:15:00,116.7,191.1,57.4,5.2,2.5,8.6,798.9,75.0
2024-10-30 17:30:00,150.1,207.9,29.3,0.0,2.5,7.1,906.3,37.0
2024-10-30 17:45:00,184.5,223.4,29.3,0.0,2.5,4.0,778.4,84.6
2024-10-30 18:00:00,156.4,365.8,114.9,0.0,2.5,10.4,808.5,84.6
2024-10-30 18:15:00,70.2,374.7,89.0,0.0,2.5,13.1,605.9,114.9
2024-10-30 18:30:00,135.0,326.0,11.1,0.0,2.5,29.5,431.1,49.6
2024-10-30 18:45:00,116.1,206.5,0.0,0.0,2.5,29.5,445.7,30.2
2024-10-30 19:00:00,167.7,94.2,44.0,0.0,2.0,27.5,524.5,13.7
2024-10-30 19:15:00,180.4,135.6,87.5,0.0,0.0,35.7,294.8,27.2
2024-10-30 19:30:00,219.4,166.2,232.0,0.0,0.0,29.4,158.3,66.4
2024-10-30 19:45:00,143.9,113.2,250.2,0.0,0.0,35.1,456.1,103.2
2024-10-30 20:00:00,58.1,214.8,137.1,0.0,0.0,30.9,681.5,33.9
2024-10-30 20:15:00,47.6,178.2,80.9,0.0,0.0,30.7,776.4,26.6
2024-10-30 20:30:00,12.1,192.6,36.3,0.0,0.0,30.7,615.7,69.3
2024-10-30 20:45:00,276.1,161.8,84.5,0.0,0.0,30.7,547.6,17.3
2024-10-30 21:00:00,182.0,256.0,236.6,5.6,0.0,31.9,494.5,0.0
2024-10-30 21:15:00,252.2,286.5,241.3,6.3,0.0,31.2,460.9,44.1
2024-10-30 21:30:00,239.0,427.7,121.4,181.6,0.0,31.2,180.2,154.2
2024-10-30 21:45:00,233.9,476.5,145.8,855.1,17.2,38.1,15.9,188.0
2024-10-30 22:00:00,684.0,1052.0,2272.6,7061.3,27.7,56.3,305.3,531.5
2024-10-30 22:15:00,775.7,1347.6,2181.2,7316.5,27.7,61.4,608.2,532.9
2024-10-30 22:30:00,713.8,1354.3,2258.9,7456.8,27.7,68.5,740.8,530.3
2024-10-30 22:45:00,566.8,1323.8,2856.0,7418.5,27.7,66.9,676.0,230.0
2024-10-30 23:00:00,499.3,1198.9,2749.4,7104.4,27.7,65.1,578.6,215.6
2024-10-30 23:15:00,455.5,1285.9,2415.7,6467.6,27.7,60.6,572.7,220.4
2024-10-30 23:30:00,436.2,1407.0,2286.5,5071.6,27.7,54.6,497.9,256.4
2024-10-30 23:45:00,139.6,740.6,1297.7,2731.3,25.4,24.7,383.2,262.4
2024-10-31 00:00:00,409.6,1855.6,2861.3,4344.7,27.7,61.7,575.6,435.3
2024-10-31 00:15:00,635.1,1966.3,2905.6,4865.4,27.7,64.5,543.7,351.0
2024-10-31 00:30:00,614.3,1922.6,2871.2,5494.2,27.7,63.6,559.2,292.7
2024-10-31 00:45:00,534.1,1700.7,2755.9,6005.7,27.7,61.0,647.3,343.4
2024-10-31 01:00:00,492.3,1321.0,2591.0,6714.4,24.6,61.0,736.5,489.9
2024-10-31 01:15:00,441.4,1197.4,2474.7,6543.3,18.3,61.0,568.6,490.3
2024-10-31 01:30:00,328.6,1095.5,2102.0,6169.5,18.3,61.0,529.5,389.6
2024-10-31 01:45:00,173.3,946.1,1811.5,5240.6,18.3,60.2,551.1,244.3
2024-10-31 02:00:00,158.8,935.9,1210.0,3893.1,18.3,54.1,425.8,189.6
2024-10-31 02:15:00,197.0,843.4,711.1,2878.8,10.9,53.2,524.9,151.1
2024-10-31 02:30:00,249.4,654.7,473.7,1721.0,6.2,47.4,384.1,163.3
2024-10-31 02:45:00,154.8,567.3,225.1,940.1,6.2,47.4,529.3,138.2
2024-10-31 03:00:00,124.6,480.3,105.4,414.9,6.2,47.4,451.8,193.2
2024-10-31 03:15:00,163.0,431.1,26.5,77.2,13.3,46.4,680.3,123.7
2024-10-31 03:30:00,169.6,531.1,9.5,0.0,13.3,44.2,364.5,240.3
2024-10-31 03:45:00,134.2,567.1,34.1,0.0,13.3,31.4,440.0,289.4
2024-10-31 04:00:00,128.8,535.6,50.8,0.0,13.3,24.2,284.9,290.1
2024-10-31 04:15:00,192.1,468.9,161.3,0.0,13.3,24.2,513.1,180.5
2024-10-31 04:30:00,175.7,309.8,131.0,0.0,11.9,23.8,611.6,95.9
2024-10-31 04:45:00,253.0,315.7,77.1,0.0,7.1,20.9,857.3,167.7
2024-10-31 05:00:00,400.5,244.9,24.6,0.0,7.1,18.5,536.9,200.9
2024-10-31 05:15:00,423.1,243.4,98.1,0.0,7.1,13.6,308.4,221.3
2024-10-31 05:30:00,456.5,350.8,94.4,0.0,7.1,10.0,304.9,185.2
2024-10-31 05:45:00,386.9,319.8,31.9,0.0,7.1,10.0,570.7,148.8
2024-10-31 06:00:00,257.5,341.6,0.0,0.0,7.1,8.8,732.6,80.3
2024-10-31 06:15:00,146.1,325.4,0.0,0.0,7.1,6.6,855.3,45.2
2024-10-31 06:30:00,82.6,371.4,0.0,0.0,7.1,6.6,534.4,17.5
2024-10-31 06:45:00,282.9,333.3,0.0,0.0,7.1,6.6,515.8,18.0
2024-10-31 07:00:00,116.6,415.4,0.0,0.0,7.1,6.6,436.5,0.0
2024-10-31 07:15:00,130.3,559.1,0.0,0.0,1.4,6.6,475.2,0.0
2024-10-31 07:30:00,121.7,544.5,0.0,0.0,0.0,6.6,520.3,27.8
2024-10-31 07:45:00,96.9,371.0,0.0,0.0,0.0,4.7,731.9,9.4
2024-10-31 08:00:00,18.8,322.6,0.0,0.0,0.0,13.4,669.2,0.0
2024-10-31 08:15:00,119.2,268.6,0.0,0.0,0.0,23.1,669.1,0.0
2024-10-31 08:30:00,263.3,279.9,39.9,0.0,0.0,23.1,392.1,0.0
2024-10-31 08:45:00,351.9,281.3,39.9,0.0,0.0,26.4,338.7,0.0
2024-10-31 09:00:00,146.0,428.2,39.9,0.0,0.0,26.4,305.7,0.0
2024-10-31 09:15:00,91.9,538.4,6.2,0.0,0.0,25.6,411.2,28.9
2024-10-31 09:30:00,48.6,391.6,0.0,0.0,0.0,19.8,436.4,28.9
2024-10-31 09:45:00,26.4,293.6,52.8,0.0,0.0,17.6,554.1,28.9
2024-10-31 10:00:00,21.1,235.5,52.8,0.0,0.0,17.0,740.7,49.9
2024-10-31 10:15:00,39.0,267.8,44.1,0.0,12.5,17.0,822.6,88.8
2024-10-31 10:30:00,128.2,202.5,0.0,0.0,12.5,17.0,647.4,88.8
2024-10-31 10:45:00,121.7,101.3,0.0,0.0,12.5,16.8,617.6,88.8
2024-10-31 11:00:00,107.1,259.8,117.8,0.0,12.5,8.0,504.1,76.6
2024-10-31 11:15:00,96.5,502.2,95.1,0.0,29.5,7.0,577.6,0.0
2024-10-31 11:30:00,110.6,572.2,178.6,0.0,19.3,13.8,691.7,34.9
2024-10-31 11:45:00,107.6,563.8,199.4,0.0,26.2,13.8,757.2,0.7
2024-10-31 12:00:00,225.4,571.5,278.7,0.0,26.2,13.8,603.7,0.0
2024-10-31 12:15:00,177.4,648.8,283.5,0.0,26.2,7.8,380.5,0.0
2024-10-31 12:30:00,238.1,538.0,158.4,0.0,26.2,6.8,186.8,99.9
2024-10-31 12:45:00,239.5,458.2,110.3,73.0,26.2,6.8,153.2,259.2
2024-10-31 13:00:00,251.9,450.9,58.0,145.5,26.2,6.8,153.2,299.1
2024-10-31 13:15:00,182.2,391.8,0.0,145.5,26.2,6.8,239.8,268.2
2024-10-31 13:30:00,189.1,275.2,0.0,145.5,26.2,6.8,453.8,139.7
2024-10-31 13:45:00,152.5,318.2,0.0,145.5,29.1,6.8,723.2,84.1
2024-10-31 14:00:00,82.4,384.0,0.0,47.9,27.6,9.8,885.6,66.0
2024-10-31 14:15:00,120.4,448.9,40.1,0.0,9.7,9.8,928.2,92.9
2024-10-31 14:30:00,58.9,461.1,40.1,0.4,9.7,9.8,777.0,133.5
2024-10-31 14:45:00,90.6,438.9,4.9,0.0,9.7,9.8,696.1,109.1
2024-10-31 15:00:00,98.4,412.1,0.0,0.0,9.7,9.8,371.3,171.4
2024-10-31 15:15:00,150.9,519.6,0.0,0.0,9.7,16.8,415.9,305.7
2024-10-31 15:30:00,200.7,730.7,0.0,0.0,9.7,16.8,456.4,245.5
2024-10-31 15:45:00,329.7,578.0,37.1,0.0,9.7,10.2,614.7,213.8
2024-10-31 16:00:00,245.2,553.6,37.1,0.0,9.7,3.0,378.1,123.0
2024-10-31 16:15:00,259.1,423.6,6.6,0.0,8.1,3.0,326.8,116.8
2024-10-31 16:30:00,277.7,550.0,0.0,0.0,5.1,3.0,303.1,168.6
2024-10-31 16:45:00,203.6,600.8,0.0,0.0,0.0,3.0,573.9,170.1
2024-10-31 17:00:00,214.5,606.8,92.6,0.0,0.0,4.4,513.3,243.2
2024-10-31 17:15:00,276.0,390.0,156.2,0.0,5.9,8.2,469.3,266.5
2024-10-31 17:30:00,208.4,450.0,110.5,0.0,5.9,8.2,400.1,149.8
2024-10-31 17:45:00,180.6,336.4,66.0,0.0,5.9,11.6,384.5,112.8
2024-10-31 18:00:00,46.7,213.9,20.6,0.0,5.9,11.6,373.8,70.5
2024-10-31 18:15:00,43.4,135.6,15.9,0.0,5.9,11.6,289.0,39.3
2024-10-31 18:30:00,78.7,168.8,95.6,0.0,5.9,14.9,153.5,19.7
2024-10-31 18:45:00,131.9,118.1,139.0,0.0,5.9,18.3,179.3,19.3
2024-10-31 19:00:00,156.2,202.4,164.1,0.0,5.9,35.2,132.3,63.0
2024-10-31 19:15:00,144.7,180.2,207.3,0.0,5.9,39.1,300.9,47.2
2024-10-31 19:30:00,147.1,210.0,196.8,0.0,5.9,36.4,446.5,1.6
2024-10-31 19:45:00,98.2,293.4,136.7,0.0,5.9,39.5,371.0,43.1
2024-10-31 20:00:00,25.9,130.0,103.9,0.0,5.9,38.6,260.5,41.3
2024-10-31 20:15:00,121.4,147.0,119.1,0.0,5.9,31.7,299.7,0.0
2024-10-31 20:30:00,176.4,194.5,104.9,23.8,5.9,31.2,307.8,0.0
2024-10-31 20:45:00,154.7,138.8,168.8,96.8,5.9,31.2,460.5,0.0
2024-10-31 21:00:00,164.2,311.4,146.7,147.9,5.9,34.5,373.9,0.0
2024-10-31 21:15:00,85.0,392.9,126.8,178.0,3.6,34.5,378.7,28.6
2024-10-31 21:30:00,72.6,327.1,107.1,3783.8,0.0,44.2,178.2,92.6
2024-10-31 21:45:00,87.4,471.5,184.3,4824.3,0.0,40.7,307.7,125.2
2024-10-31 22:00:00,350.4,869.9,2276.6,6126.3,24.7,46.5,327.1,238.2
2024-10-31 22:15:00,567.4,993.0,2277.5,6556.4,24.7,43.0,599.0,190.1
2024-10-31 22:30:00,674.7,1175.4,2095.3,6629.2,24.7,45.7,613.1,301.6
2024-10-31 22:45:00,526.1,1256.9,2886.1,6559.4,24.7,43.6,795.3,422.9
2024-10-31 23:00:00,537.0,1235.7,2970.8,5856.5,9.5,39.5,680.8,393.4
2024-10-31 23:15:00,490.7,1033.8,2520.8,5107.8,6.1,36.9,614.9,388.1
2024-10-31 23:30:00,687.8,1271.0,2357.4,4940.4,6.1,36.9,691.8,320.0
2024-10-31 23:45:00,325.0,839.4,1051.8,3029.4,0.5,25.2,464.0,174.4
2024-11-01 00:00:00,524.4,1430.9,2694.6,5724.2,6.1,31.7,1034.8,354.7
2024-11-01 00:15:00,539.1,1470.7,2976.4,5993.9,6.1,27.3,1086.9,380.6
2024-11-01 00:30:00,628.9,1664.8,2965.7,6266.8,6.1,26.0,1011.9,404.7
2024-11-01 00:45:00,527.8,1567.8,2729.2,6128.8,6.1,24.3,860.6,494.2
2024-11-01 01:00:00,565.3,1292.9,2635.2,6260.5,25.9,18.0,819.4,314.9
2024-11-01 01:15:00,510.4,994.0,2408.8,5703.9,25.9,17.0,808.5,243.5
2024-11-01 01:30:00,449.7,913.0,2115.7,4937.5,25.9,11.6,720.2,434.0
2024-11-01 01:45:00,450.9,1024.2,1729.1,4141.0,25.9,9.5,510.2,446.1
2024-11-01 02:00:00,473.1,1051.6,1136.1,3373.3,25.9,3.4,479.2,407.9
2024-11-01 02:15:00,524.7,946.2,664.5,2919.6,9.4,3.4,450.9,214.2
2024-11-01 02:30:00,399.7,801.6,517.1,2399.7,0.0,3.4,592.7,196.6
2024-11-01 02:45:00,265.0,609.7,240.2,1696.0,0.0,3.4,680.8,183.6
2024-11-01 03:00:00,198.9,470.3,103.6,1195.0,0.0,3.4,804.5,233.7
2024-11-01 03:15:00,87.7,447.7,80.8,849.2,0.0,3.4,586.5,267.0
2024-11-01 03:30:00,145.6,313.8,52.4,471.8,0.0,3.4,592.5,181.8
2024-11-01 03:45:00,79.6,377.5,18.3,243.7,0.0,3.4,567.9,90.4
2024-11-01 04:00:00,186.2,304.5,37.5,112.4,0.0,3.4,700.0,85.1
2024-11-01 04:15:00,186.2,216.6,112.9,42.0,0.0,3.4,721.2,70.3
2024-11-01 04:30:00,185.4,177.4,112.9,0.0,0.0,3.4,611.9,134.5
2024-11-01 04:45:00,305.2,204.4,112.9,0.0,0.0,3.4,500.9,210.4
2024-11-01 05:00:00,127.6,286.7,107.3,0.0,0.0,3.4,598.5,163.3
2024-11-01 05:15:00,106.3,353.3,17.4,0.0,0.0,6.7,614.8,99.5
2024-11-01 05:30:00,260.6,325.0,0.0,0.0,0.0,6.0,638.1,102.3
2024-11-01 05:45:00,237.9,215.2,0.0,0.0,0.0,2.9,301.9,1.3
2024-11-01 06:00:00,184.0,169.9,0.0,0.0,0.0,0.0,67.4,35.8
2024-11-01 06:15:00,132.9,134.3,0.0,0.0,0.0,0.0,0.0,35.8
2024-11-01 06:30:00,130.7,221.2,58.8,0.0,0.0,0.0,0.0,51.4
2024-11-01 06:45:00,179.3,264.5,112.2,0.0,0.0,0.0,0.0,43.8
2024-11-01 07:00:00,146.1,308.6,52.2,0.0,0.0,0.0,0.0,3.7
2024-11-01 07:15:00,174.8,344.4,52.2,0.0,0.0,0.0,152.1,23.8
2024-11-01 07:30:00,142.1,223.3,38.6,0.0,0.0,0.0,302.9,23.8
2024-11-01 07:45:00,136.6,125.9,27.0,0.0,0.0,2.7,236.5,2.7
2024-11-01 08:00:00,190.9,85.6,0.0,0.0,0.0,2.7,349.5,0.0
2024-11-01 08:15:00,146.1,153.7,0.0,0.0,0.0,2.7,457.6,0.0
2024-11-01 08:30:00,100.4,174.8,0.0,0.0,0.0,2.7,457.6,14.0
2024-11-01 08:45:00,140.4,266.1,0.0,0.0,0.0,2.7,127.4,14.0
2024-11-01 09:00:00,76.7,218.1,0.0,0.0,0.0,2.7,0.0,17.7
2024-11-01 09:15:00,30.2,216.7,0.0,0.0,0.0,2.7,302.0,20.0
2024-11-01 09:30:00,0.0,289.9,0.0,0.0,0.0,19.3,601.9,20.0
2024-11-01 09:45:00,0.0,295.8,0.0,0.0,0.0,16.8,459.3,5.7
2024-11-01 10:00:00,0.0,210.8,0.0,0.0,0.0,16.8,531.0,0.0
2024-11-01 10:15:00,30.4,179.2,0.0,0.0,0.0,16.8,455.3,0.0
2024-11-01 10:30:00,30.4,157.9,42.0,0.0,0.0,16.8,100.9,0.0
2024-11-01 10:45:00,114.4,211.4,78.5,0.0,0.0,16.8,0.0,0.0
2024-11-01 11:00:00,153.4,308.0,93.1,0.0,0.0,13.9,0.0,33.4
2024-11-01 11:15:00,105.5,391.5,248.9,0.0,0.0,13.6,150.5,102.0
2024-11-01 11:30:00,54.8,646.0,184.3,0.0,0.0,13.6,302.1,142.6
2024-11-01 11:45:00,41.1,941.0,172.2,0.0,0.0,13.6,367.0,190.6
2024-11-01 12:00:00,127.5,826.8,97.8,0.0,0.0,13.6,353.0,196.8
2024-11-01 12:15:00,134.9,586.1,30.2,0.0,0.0,7.7,421.5,179.3
2024-11-01 12:30:00,357.2,443.6,42.3,0.0,0.0,6.7,294.1,226.1
2024-11-01 12:45:00,364.1,369.8,30.5,73.5,0.0,6.7,475.2,180.6
2024-11-01 13:00:00,301.3,491.6,21.0,74.3,0.0,6.7,321.0,199.2
2024-11-01 13:15:00,342.3,653.1,0.0,140.0,0.0,6.7,285.4,220.0
2024-11-01 13:30:00,234.3,657.6,35.7,140.0,0.0,6.7,68.1,159.0
2024-11-01 13:45:00,324.6,741.1,83.4,140.0,0.0,6.7,0.0,120.9
2024-11-01 14:00:00,186.5,564.1,81.2,140.0,0.0,6.7,150.2,121.6
2024-11-01 14:15:00,148.1,390.6,55.8,108.5,0.0,6.7,302.6,152.2
2024-11-01 14:30:00,168.9,581.8,34.9,54.9,0.0,6.7,225.4,140.3
2024-11-01 14:45:00,190.1,649.4,64.8,0.0,0.0,6.7,111.4,186.7
2024-11-01 15:00:00,262.2,850.7,88.6,0.0,0.0,6.7,0.0,198.0
2024-11-01 15:15:00,292.0,926.7,111.9,0.0,0.0,10.1,0.0,180.3
2024-11-01 15:30:00,445.6,878.6,151.5,0.0,0.0,10.1,154.2,160.7
2024-11-01 15:45:00,472.9,749.1,181.5,0.0,0.0,10.1,154.2,62.0
2024-11-01 16:00:00,341.0,731.2,159.8,0.0,0.0,10.5,303.7,0.0
2024-11-01 16:15:00,308.0,585.8,214.8,0.0,0.0,10.1,150.4,196.9
2024-11-01 16:30:00,340.1,480.1,211.2,0.0,0.0,13.4,149.5,218.9
2024-11-01 16:45:00,185.2,332.8,138.8,0.0,0.0,14.3,38.7,132.9
2024-11-01 17:00:00,282.4,198.4,190.0,0.0,0.0,14.3,0.0,32.8
2024-11-01 17:15:00,417.4,243.7,76.7,0.0,0.0,13.0,0.0,58.1
2024-11-01 17:30:00,299.3,267.1,158.0,0.0,0.0,7.5,0.0,112.1
2024-11-01 17:45:00,233.0,179.8,178.7,0.0,0.0,7.5,0.0,121.3
2024-11-01 18:00:00,233.1,158.8,146.3,0.0,0.0,4.9,0.0,97.1
2024-11-01 18:15:00,160.7,196.5,129.3,0.0,0.0,14.4,0.0,74.0
2024-11-01 18:30:00,87.2,226.8,118.5,0.0,0.0,22.7,0.0,45.0
2024-11-01 18:45:00,71.2,184.8,87.2,56.8,0.0,23.0,0.0,29.3
2024-11-01 19:00:00,60.7,172.2,79.7,128.6,0.0,28.1,0.0,46.5
2024-11-01 19:15:00,41.8,168.7,80.7,128.6,0.0,29.8,0.0,46.5
2024-11-01 19:30:00,18.7,206.0,23.6,256.2,1.6,38.9,301.4,46.5
2024-11-01 19:45:00,18.7,236.0,0.0,256.2,0.0,35.8,301.4,41.6
2024-11-01 20:00:00,51.5,205.6,0.0,256.2,0.0,49.5,126.3,6.2
2024-11-01 20:15:00,23.1,211.1,0.0,256.2,0.0,53.9,149.4,56.1
2024-11-01 20:30:00,35.7,241.6,117.7,256.2,0.0,52.9,149.4,163.6
2024-11-01 20:45:00,113.2,248.1,124.0,441.1,0.0,46.7,156.4,84.9
2024-11-01 21:00:00,194.5,394.8,196.9,3374.8,0.0,46.7,133.2,128.5
2024-11-01 21:15:00,168.9,459.3,152.3,4416.9,0.0,53.5,170.8,78.5
2024-11-01 21:30:00,71.9,474.5,134.4,6599.3,0.0,52.7,150.4,43.6
2024-11-01 21:45:00,84.9,492.8,143.4,7027.0,0.0,49.9,301.9,14.0
2024-11-01 22:00:00,396.8,934.2,2092.1,6873.8,18.6,40.2,534.5,131.6
2024-11-01 22:15:00,560.9,1198.3,2237.7,6550.4,18.6,37.5,407.4,213.5
2024-11-01 22:30:00,966.7,1232.5,2313.6,6215.5,18.6,37.5,505.8,296.9
2024-11-01 22:45:00,1008.9,1297.4,2246.5,5350.5,24.2,37.5,459.0,306.0
2024-11-01 23:00:00,789.7,1289.5,2615.6,4498.9,24.2,37.5,702.2,185.9
2024-11-01 23:15:00,410.3,1298.3,2407.5,3521.3,24.2,37.5,582.7,294.5
2024-11-01 23:30:00,326.5,1458.8,2431.1,3878.0,24.2,37.1,683.3,400.0
2024-11-01 23:45:00,97.0,707.5,1357.1,2563.9,17.4,13.7,285.0,117.1
2024-11-02 00:00:00,305.3,1319.7,2868.2,5958.4,24.2,53.1,812.4,255.8
2024-11-02 00:15:00,416.7,1790.8,3238.4,5854.3,24.2,51.3,738.6,233.1
2024-11-02 00:30:00,351.3,1909.2,2870.9,5942.3,24.2,50.3,792.0,252.2
2024-11-02 00:45:00,363.2,1794.9,2675.1,6686.0,24.2,50.3,601.8,328.6
2024-11-02 01:00:00,369.3,1855.4,2498.0,6396.0,24.2,50.3,553.2,361.7
2024-11-02 01:15:00,402.6,1706.7,2396.7,5760.7,17.9,57.1,429.7,277.9
2024-11-02 01:30:00,460.3,1419.0,2171.5,5274.9,14.2,47.5,422.9,200.2
2024-11-02 01:45:00,468.4,1304.9,2010.8,4290.6,9.9,43.7,582.3,187.0
2024-11-02 02:00:00,498.5,927.3,1734.1,3377.7,8.1,43.7,595.2,122.3
2024-11-02 02:15:00,377.2,764.5,1129.1,2481.1,0.0,37.0,528.3,110.0
2024-11-02 02:30:00,196.4,795.9,885.6,1747.6,0.0,31.9,308.3,162.3
2024-11-02 02:45:00,146.9,708.5,555.1,968.3,0.0,29.7,326.9,147.5
2024-11-02 03:00:00,213.4,669.8,261.4,575.9,0.0,29.7,156.2,220.3
2024-11-02 03:15:00,295.9,489.2,129.3,319.5,0.0,29.7,444.0,185.9
2024-11-02 03:30:00,364.1,418.0,61.7,88.6,0.0,24.0,613.6,195.2
2024-11-02 03:45:00,237.5,477.5,0.0,114.3,0.0,22.9,746.5,179.4
2024-11-02 04:00:00,169.3,327.3,0.0,112.4,0.0,22.9,766.1,148.8
2024-11-02 04:15:00,144.2,380.8,47.9,75.4,0.0,22.9,799.4,57.1
2024-11-02 04:30:00,339.9,287.9,47.9,54.0,0.0,20.6,744.0,36.1
2024-11-02 04:45:00,506.5,442.1,47.9,0.0,0.0,16.0,788.6,36.1
2024-11-02 05:00:00,436.2,537.6,47.9,0.0,0.0,16.0,819.6,64.9
2024-11-02 05:15:00,512.1,505.8,42.7,0.0,0.0,16.0,738.7,44.9
2024-11-02 05:30:00,266.7,468.7,36.4,0.0,0.0,16.0,620.3,28.8
2024-11-02 05:45:00,182.7,434.3,36.4,0.0,0.0,16.0,642.6,41.1
2024-11-02 06:00:00,97.1,354.0,130.2,0.0,0.0,16.0,594.9,33.6
2024-11-02 06:15:00,70.3,264.2,140.3,0.0,0.0,15.3,502.0,33.6
2024-11-02 06:30:00,110.4,251.1,80.9,0.0,0.0,13.0,321.8,29.3
2024-11-02 06:45:00,35.8,458.7,53.0,0.0,0.0,14.3,296.1,0.0
2024-11-02 07:00:00,52.5,419.1,13.2,0.0,0.0,17.5,144.3,56.9
2024-11-02 07:15:00,29.0,336.4,17.6,0.0,0.0,11.3,150.5,56.9
2024-11-02 07:30:00,27.3,231.0,0.0,0.0,0.0,10.1,301.4,30.3
2024-11-02 07:45:00,14.6,259.1,0.0,0.0,0.0,9.4,162.5,0.0
2024-11-02 08:00:00,96.3,543.5,0.0,0.0,0.0,18.9,17.9,0.0
2024-11-02 08:15:00,104.1,543.8,0.0,0.0,0.0,31.7,0.0,0.0
2024-11-02 08:30:00,101.2,371.5,40.4,0.0,0.0,36.0,0.0,0.0
2024-11-02 08:45:00,145.9,178.8,38.8,0.0,0.0,32.7,0.0,0.0
2024-11-02 09:00:00,103.2,170.8,6.5,0.0,0.0,41.0,0.0,0.0
2024-11-02 09:15:00,72.6,116.9,0.0,0.0,0.0,39.6,0.0,0.0
2024-11-02 09:30:00,122.9,302.1,3.2,0.0,16.5,48.5,153.3,0.0
2024-11-02 09:45:00,95.5,400.6,0.4,0.0,16.5,44.9,153.3,0.0
2024-11-02 10:00:00,37.0,305.0,0.0,0.0,16.5,45.1,262.2,0.0
2024-11-02 10:15:00,75.2,185.3,62.5,0.0,16.5,51.2,152.3,0.0
2024-11-02 10:30:00,92.9,316.9,39.0,72.8,16.5,51.2,263.8,0.0
2024-11-02 10:45:00,81.5,275.4,86.3,72.8,16.5,49.0,147.7,0.0
2024-11-02 11:00:00,122.4,548.2,110.9,150.6,16.5,54.8,131.0,38.2
2024-11-02 11:15:00,268.3,424.2,120.0,279.0,16.5,58.3,300.4,69.8
2024-11-02 11:30:00,305.1,429.1,126.3,208.3,16.5,58.3,421.0,66.4
2024-11-02 11:45:00,295.7,393.4,121.7,208.3,16.5,56.3,484.9,66.4
2024-11-02 12:00:00,380.7,446.9,187.6,163.4,11.1,50.3,635.0,14.0
2024-11-02 12:15:00,401.8,328.1,243.9,77.8,0.0,47.4,852.8,0.0
2024-11-02 12:30:00,445.9,317.8,91.1,61.4,0.0,47.3,653.4,80.4
2024-11-02 12:45:00,381.8,275.9,169.5,0.0,0.0,47.8,632.7,111.4
2024-11-02 13:00:00,234.4,418.7,123.2,0.0,0.0,44.8,496.2,81.0
2024-11-02 13:15:00,230.5,387.9,67.2,0.0,3.6,37.3,722.6,59.7
2024-11-02 13:30:00,198.7,469.4,55.0,0.0,3.6,43.3,222.2,80.0
2024-11-02 13:45:00,205.3,650.9,90.3,0.0,3.6,36.7,0.0,71.6
2024-11-02 14:00:00,288.0,641.3,59.0,0.0,3.6,35.4,505.5,36.4
2024-11-02 14:15:00,297.7,543.1,73.9,0.0,3.6,37.6,437.1,103.0
2024-11-02 14:30:00,345.6,446.6,57.1,0.0,3.6,29.2,565.9,81.3
2024-11-02 14:45:00,188.7,346.5,59.3,0.0,3.6,29.5,736.2,137.9
2024-11-02 15:00:00,236.5,329.9,49.5,0.0,3.6,29.6,902.6,126.7
2024-11-02 15:15:00,139.3,565.1,69.5,0.0,3.6,30.8,736.4,167.6
2024-11-02 15:30:00,186.0,790.3,122.0,0.0,3.6,23.2,684.7,94.5
2024-11-02 15:45:00,301.2,739.7,185.8,0.0,3.4,23.2,748.3,148.4
2024-11-02 16:00:00,223.0,608.4,172.1,0.0,0.0,23.2,770.5,177.5
2024-11-02 16:15:00,348.5,482.9,111.8,0.0,0.0,23.2,814.0,181.2
2024-11-02 16:30:00,481.5,269.8,125.0,0.0,0.0,23.2,739.8,157.8
2024-11-02 16:45:00,465.5,334.4,12.6,0.0,0.0,26.7,877.3,72.3
2024-11-02 17:00:00,330.7,342.6,0.0,0.0,0.0,27.4,873.8,36.0
2024-11-02 17:15:00,361.5,349.2,0.0,0.0,0.0,19.7,755.6,36.0
2024-11-02 17:30:00,227.1,348.7,0.0,0.0,0.0,19.3,597.6,36.0
2024-11-02 17:45:00,129.7,452.2,0.0,0.0,0.0,14.6,432.6,36.0
2024-11-02 18:00:00,62.9,263.2,0.0,0.0,0.0,9.4,463.5,8.4
2024-11-02 18:15:00,66.0,460.8,0.0,0.0,0.0,12.6,452.8,0.0
2024-11-02 18:30:00,22.3,387.4,0.0,0.0,0.0,12.6,262.4,0.0
2024-11-02 18:45:00,0.0,269.7,0.0,0.0,0.0,12.6,317.6,0.0
2024-11-02 19:00:00,53.2,336.0,0.0,0.0,0.0,12.6,614.5,0.0
2024-11-02 19:15:00,44.4,186.6,28.0,0.0,0.0,16.5,793.0,43.5
2024-11-02 19:30:00,91.9,236.3,122.1,0.0,0.0,15.2,549.8,43.5
2024-11-02 19:45:00,139.3,173.2,124.2,0.0,0.0,25.0,557.1,53.5
2024-11-02 20:00:00,138.0,274.3,76.8,0.0,0.0,24.9,609.3,68.5
2024-11-02 20:15:00,75.2,328.3,98.3,0.0,0.0,28.2,720.2,68.5
2024-11-02 20:30:00,60.1,393.6,80.8,0.0,0.0,31.5,663.5,71.8
2024-11-02 20:45:00,52.1,318.9,48.7,72.9,0.0,31.5,613.0,87.5
2024-11-02 21:00:00,103.4,340.7,116.4,72.9,0.0,27.8,432.5,70.7
2024-11-02 21:15:00,202.1,284.4,129.5,212.1,0.0,25.9,275.7,42.5
2024-11-02 21:30:00,290.8,265.4,158.0,676.4,0.0,36.4,461.4,0.0
2024-11-02 21:45:00,222.5,289.0,119.7,1175.5,0.0,44.3,763.9,0.0
2024-11-02 22:00:00,875.9,888.5,2191.1,5031.7,6.3,51.1,742.8,258.8
2024-11-02 22:15:00,1062.5,1292.4,2232.0,5253.5,24.1,58.0,638.6,295.0
2024-11-02 22:30:00,1024.3,1723.8,2293.8,5401.7,24.1,70.5,681.7,233.1
2024-11-02 22:45:00,700.3,1869.8,3163.6,5340.2,24.1,71.8,588.2,220.1
2024-11-02 23:00:00,452.2,1772.0,2625.0,5391.4,24.1,77.7,615.1,208.1
2024-11-02 23:15:00,299.6,1740.9,2509.2,5003.0,24.1,77.1,509.9,189.0
2024-11-02 23:30:00,206.9,1582.7,2367.4,3923.2,18.8,77.1,310.7,263.3
2024-11-02 23:45:00,138.8,893.8,1061.1,1767.1,5.7,49.9,200.9,70.8
2024-11-03 00:00:00,314.3,2025.2,2322.7,3487.9,13.5,80.2,304.3,133.3
2024-11-03 00:15:00,290.6,1883.7,2566.5,4217.6,18.8,80.2,610.0,114.7
2024-11-03 00:30:00,431.1,1704.9,2279.3,5304.6,18.8,76.9,836.9,90.0
2024-11-03 00:45:00,448.7,1515.4,1778.1,5821.3,18.8,73.6,708.5,153.5
2024-11-03 01:00:00,438.1,1356.8,1420.3,5972.6,18.8,70.6,754.8,175.5
2024-11-03 01:15:00,414.3,1088.3,1284.3,5932.6,18.8,74.5,637.7,381.3
2024-11-03 01:30:00,449.9,1073.0,951.3,5517.9,18.8,72.6,754.0,502.9
2024-11-03 01:45:00,353.0,883.8,652.7,4760.9,18.8,63.8,803.5,450.0
2024-11-03 02:00:00,340.8,734.7,523.2,4009.9,18.8,59.1,805.7,376.0
2024-11-03 02:15:00,313.2,630.5,297.1,3145.3,18.8,53.0,871.9,325.7
2024-11-03 02:30:00,400.5,599.6,170.4,2200.2,18.8,40.2,629.3,194.7
2024-11-03 02:45:00,556.4,518.4,73.6,1344.5,18.8,34.3,657.0,121.9
2024-11-03 03:00:00,480.4,415.1,56.1,798.3,18.8,31.6,641.4,137.3
2024-11-03 03:15:00,358.9,544.1,71.6,376.8,18.8,22.5,767.2,64.0
2024-11-03 03:30:00,176.0,560.2,68.9,97.4,18.8,20.8,964.8,78.1
2024-11-03 03:45:00,272.2,440.6,43.5,14.1,18.8,20.8,789.9,122.3
2024-11-03 04:00:00,327.0,614.3,89.1,0.0,18.8,20.8,764.8,117.7
2024-11-03 04:15:00,298.8,410.2,89.1,0.0,14.7,20.8,781.7,95.7
2024-11-03 04:30:00,284.1,517.5,82.9,0.0,12.4,20.8,690.4,77.9
2024-11-03 04:45:00,216.6,429.4,48.1,0.0,12.4,18.5,771.0,77.9
2024-11-03 05:00:00,303.3,578.8,33.6,0.0,12.4,7.8,774.4,132.7
2024-11-03 05:15:00,188.8,552.1,54.5,0.0,12.4,1.9,808.8,65.6
2024-11-03 05:30:00,210.0,488.2,107.2,0.0,12.4,1.9,866.5,30.0
2024-11-03 05:45:00,361.9,354.0,42.0,0.0,11.3,1.9,785.2,10.8
2024-11-03 06:00:00,387.4,206.5,36.2,0.0,5.2,1.9,627.4,36.0
2024-11-03 06:15:00,290.6,87.6,9.9,0.0,0.1,1.9,296.0,34.4
2024-11-03 06:30:00,175.0,186.9,12.7,0.0,0.0,1.9,98.0,47.6
2024-11-03 06:45:00,116.4,329.9,68.2,0.0,0.0,1.9,304.3,47.6
2024-11-03 07:00:00,215.4,435.2,141.0,0.0,0.0,1.9,610.4,62.2
2024-11-03 07:15:00,116.2,467.5,197.5,0.0,0.0,8.3,638.8,85.6
2024-11-03 07:30:00,36.4,406.0,198.8,0.0,0.0,8.3,374.3,62.0
2024-11-03 07:45:00,18.4,396.8,133.1,0.0,0.0,8.3,86.2,19.0
2024-11-03 08:00:00,5.4,301.6,80.6,0.0,0.0,2.1,151.1,14.6
2024-11-03 08:15:00,0.0,301.6,43.0,0.0,3.3,1.9,304.6,14.6
2024-11-03 08:30:00,0.0,313.3,74.3,0.0,3.3,8.6,403.9,14.6
2024-11-03 08:45:00,35.0,222.1,65.4,0.0,3.3,8.6,573.0,3.1
2024-11-03 09:00:00,35.0,160.8,16.6,0.0,1.3,8.6,451.2,0.0
2024-11-03 09:15:00,120.1,196.2,0.8,0.0,0.0,14.0,300.7,0.0
2024-11-03 09:30:00,80.6,275.1,17.8,0.0,0.0,14.0,167.0,34.5
2024-11-03 09:45:00,16.1,223.0,13.3,0.0,0.0,17.3,462.4,34.5
2024-11-03 10:00:00,0.0,108.1,0.8,0.0,0.0,16.5,617.0,29.8
2024-11-03 10:15:00,0.0,301.9,0.8,0.0,0.0,14.0,647.9,0.0
2024-11-03 10:30:00,62.5,258.3,0.8,0.0,0.0,12.3,663.2,0.0
2024-11-03 10:45:00,62.5,312.9,0.8,0.0,0.0,12.3,817.0,43.0
2024-11-03 11:00:00,45.8,384.0,29.2,0.0,0.0,16.1,858.2,43.0
2024-11-03 11:15:00,50.4,325.0,87.1,0.0,0.0,29.2,788.1,63.8
2024-11-03 11:30:00,271.4,345.4,112.1,0.0,0.0,29.2,796.5,52.4
2024-11-03 11:45:00,483.6,491.0,47.2,214.1,0.0,32.0,800.4,9.9
2024-11-03 12:00:00,362.8,372.2,73.2,214.1,0.0,32.0,820.2,24.1
2024-11-03 12:15:00,282.8,209.0,73.2,214.1,0.0,40.9,789.5,138.3
2024-11-03 12:30:00,210.0,111.2,42.4,214.1,0.0,44.9,666.3,105.5
2024-11-03 12:45:00,154.5,292.1,11.2,214.1,5.0,42.0,689.0,102.9
2024-11-03 13:00:00,238.6,309.5,0.8,110.1,5.0,38.2,759.7,91.9
2024-11-03 13:15:00,200.6,322.2,0.8,0.0,7.4,32.9,840.4,115.8
2024-11-03 13:30:00,214.8,399.8,12.3,0.0,7.4,32.9,741.7,102.8
2024-11-03 13:45:00,259.4,436.8,68.9,0.0,7.4,30.2,763.1,53.8
2024-11-03 14:00:00,254.4,331.0,68.9,0.0,19.4,30.1,533.1,48.7
2024-11-03 14:15:00,246.4,337.7,117.0,0.0,19.4,28.2,626.9,72.3
2024-11-03 14:30:00,237.9,347.3,103.4,0.0,19.4,23.5,496.5,131.7
2024-11-03 14:45:00,299.7,465.3,127.6,0.0,19.4,23.4,761.1,110.5
2024-11-03 15:00:00,341.3,493.3,73.2,0.0,19.4,16.8,781.7,86.7
2024-11-03 15:15:00,244.7,551.2,123.2,0.0,17.6,16.8,808.1,92.8
2024-11-03 15:30:00,198.1,530.1,101.6,0.0,13.5,16.8,911.8,73.4
2024-11-03 15:45:00,166.7,545.7,145.5,6.4,12.0,16.8,795.2,99.2
2024-11-03 16:00:00,150.3,537.2,126.4,0.0,12.0,25.5,805.7,104.1
2024-11-03 16:15:00,309.4,513.3,76.8,0.0,12.0,29.4,794.3,125.8
2024-11-03 16:30:00,180.4,385.9,58.3,40.2,12.0,29.4,946.7,80.6
2024-11-03 16:45:00,168.8,378.4,88.7,51.8,12.0,28.3,959.5,100.5
2024-11-03 17:00:00,267.7,376.4,62.0,0.0,12.0,25.5,809.2,26.7
2024-11-03 17:15:00,428.9,308.7,128.4,0.0,5.7,21.0,903.9,0.0
2024-11-03 17:30:00,452.3,156.0,68.5,0.0,11.7,24.3,796.2,52.9
2024-11-03 17:45:00,325.4,155.3,88.3,0.0,11.7,23.7,828.0,52.9
2024-11-03 18:00:00,116.5,209.2,88.6,0.0,11.7,18.4,420.2,83.6
2024-11-03 18:15:00,52.6,300.2,181.2,0.0,11.7,18.4,169.0,61.0
2024-11-03 18:30:00,38.6,211.9,108.6,0.0,11.7,31.2,0.0,30.7
2024-11-03 18:45:00,57.1,134.5,56.8,0.0,11.7,26.1,303.2,30.7
2024-11-03 19:00:00,38.1,93.2,87.1,0.0,11.7,26.1,303.2,27.2
2024-11-03 19:15:00,162.6,261.0,21.1,4.8,11.7,23.7,118.8,0.0
2024-11-03 19:30:00,148.1,172.8,34.8,29.5,11.7,20.8,153.9,0.0
2024-11-03 19:45:00,123.5,155.8,34.8,295.4,11.7,18.1,153.9,0.0
2024-11-03 20:00:00,151.9,180.8,42.9,270.2,11.7,17.2,307.6,35.3
2024-11-03 20:15:00,136.6,182.6,73.2,270.6,11.7,21.0,476.2,99.0
2024-11-03 20:30:00,114.0,116.8,97.3,267.0,11.7,21.0,729.8,54.8
2024-11-03 20:45:00,116.0,243.7,67.5,304.9,11.7,27.6,716.7,7.3
2024-11-03 21:00:00,139.2,519.9,130.7,357.7,11.7,33.3,860.7,0.0
2024-11-03 21:15:00,342.1,536.5,157.0,325.6,11.7,28.9,735.6,0.0
2024-11-03 21:30:00,351.0,450.4,218.5,874.7,11.7,35.7,870.1,37.2
2024-11-03 21:45:00,421.7,337.4,215.0,2175.2,11.7,35.7,751.2,78.1
2024-11-03 22:00:00,763.6,860.0,2314.0,4513.2,42.4,55.5,909.8,177.5
2024-11-03 22:15:00,667.9,931.5,2426.2,4881.0,48.8,68.0,845.0,199.6
2024-11-03 22:30:00,731.5,978.5,2515.9,5123.7,55.1,63.8,607.0,202.9
2024-11-03 22:45:00,617.2,1003.6,2909.2,5236.6,55.1,63.7,477.5,181.2
2024-11-03 23:00:00,704.8,1207.4,2163.6,4890.1,55.1,63.7,569.1,144.2
2024-11-03 23:15:00,578.1,1344.9,2124.9,4255.4,49.6,57.8,677.1,139.6
2024-11-03 23:30:00,492.5,1202.4,2312.3,3848.9,29.4,60.2,659.0,129.3
2024-11-03 23:45:00,327.4,677.5,1189.1,2343.5,11.0,40.0,216.4,36.8
2024-11-04 00:00:00,802.7,1703.7,2384.8,5599.5,23.6,52.3,683.0,65.8
2024-11-04 00:15:00,637.3,1840.2,2693.5,5481.4,23.6,50.7,824.7,163.3
2024-11-04 00:30:00,558.3,1768.8,2441.1,5329.4,23.6,48.8,741.2,180.9
2024-11-04 00:45:00,434.8,1675.1,2187.8,5848.0,23.6,47.2,541.0,246.7
2024-11-04 01:00:00,393.9,1624.8,1856.3,6105.5,21.2,47.2,417.6,395.7
2024-11-04 01:15:00,480.6,1477.5,1521.4,5693.0,18.0,46.7,474.6,452.0
2024-11-04 01:30:00,302.7,1058.6,1100.7,4898.9,18.0,39.3,523.1,478.1
2024-11-04 01:45:00,292.4,997.6,872.1,3790.3,18.0,38.4,473.4,437.4
2024-11-04 02:00:00,262.6,696.7,452.2,2606.8,18.0,38.4,496.2,304.8
2024-11-04 02:15:00,214.4,620.8,277.1,1678.0,18.0,38.4,416.0,266.6
2024-11-04 02:30:00,210.5,507.9,148.8,1090.8,18.0,38.1,420.7,146.6
2024-11-04 02:45:00,181.1,412.2,119.2,557.1,18.0,25.1,379.1,80.0
2024-11-04 03:00:00,170.4,422.4,66.0,329.8,18.0,24.1,455.7,38.5
2024-11-04 03:15:00,177.2,374.2,48.2,148.2,18.0,24.1,252.5,109.0
2024-11-04 03:30:00,191.4,404.4,34.5,135.6,18.0,24.1,242.4,155.1
2024-11-04 03:45:00,133.6,268.5,14.3,57.1,16.1,30.9,306.0,155.1
2024-11-04 04:00:00,130.3,383.1,51.3,23.7,11.7,30.0,409.9,33.8
2024-11-04 04:15:00,136.3,441.5,49.1,0.0,4.4,24.4,362.7,26.1
2024-11-04 04:30:00,114.4,334.4,0.0,0.0,0.0,24.4,253.7,19.3
2024-11-04 04:45:00,63.7,342.4,0.0,0.0,0.0,21.9,305.7,0.0
2024-11-04 05:00:00,186.2,343.3,0.0,0.0,0.0,17.7,566.7,27.6
2024-11-04 05:15:00,309.9,296.4,81.3,0.0,0.0,22.2,644.8,27.6
2024-11-04 05:30:00,299.4,221.3,81.3,0.0,0.0,21.3,703.7,24.0
2024-11-04 05:45:00,246.2,174.6,108.6,0.0,0.0,21.3,616.5,0.0
2024-11-04 06:00:00,102.0,243.6,125.3,0.0,0.0,13.0,457.8,0.0
2024-11-04 06:15:00,73.8,349.6,59.9,0.0,0.0,10.9,376.1,4.6
2024-11-04 06:30:00,32.0,371.8,18.2,0.0,0.0,14.3,108.9,60.0
2024-11-04 06:45:00,63.6,312.5,38.4,0.0,0.0,14.3,303.8,60.0
2024-11-04 07:00:00,79.9,339.0,7.0,0.0,0.0,12.0,574.5,91.3
2024-11-04 07:15:00,132.3,286.8,0.0,0.0,0.0,7.3,599.1,52.9
2024-11-04 07:30:00,107.0,151.6,0.0,0.0,0.0,7.3,469.7,0.0
2024-11-04 07:45:00,63.9,100.8,35.7,0.0,0.0,13.8,607.3,0.0
2024-11-04 08:00:00,40.3,133.2,35.7,0.0,0.0,20.6,612.5,0.0
2024-11-04 08:15:00,2.7,164.1,7.5,0.0,0.0,23.4,572.0,17.9
2024-11-04 08:30:00,0.0,186.1,0.0,0.0,0.0,20.0,530.0,12.1
2024-11-04 08:45:00,0.0,323.3,0.0,0.0,0.0,20.0,434.9,24.7
2024-11-04 09:00:00,20.7,316.6,0.0,0.0,0.0,20.0,591.4,24.7
2024-11-04 09:15:00,20.7,296.3,18.8,0.0,6.4,20.0,338.8,29.9
2024-11-04 09:30:00,20.7,256.1,1.2,0.0,6.4,20.0,302.2,24.5
2024-11-04 09:45:00,1.4,289.0,3.6,0.0,6.4,20.0,439.3,67.0
2024-11-04 10:00:00,0.0,183.6,24.0,70.4,6.4,33.4,579.1,54.8
2024-11-04 10:15:00,23.7,82.0,0.0,70.4,6.4,31.5,392.4,41.9
2024-11-04 10:30:00,6.3,224.1,0.0,70.4,6.4,31.5,410.2,41.9
2024-11-04 10:45:00,23.6,207.2,0.0,70.4,9.2,31.5,460.5,31.0
2024-11-04 11:00:00,243.1,584.3,68.1,59.7,9.2,38.0,683.3,31.5
2024-11-04 11:15:00,292.8,753.2,47.5,73.1,7.4,34.9,755.0,155.4
2024-11-04 11:30:00,413.3,846.3,39.2,73.1,2.8,34.4,748.3,104.5
2024-11-04 11:45:00,435.2,798.3,38.8,73.1,2.8,34.4,761.5,157.4
2024-11-04 12:00:00,345.4,822.9,214.0,73.1,2.8,31.6,713.0,98.4
2024-11-04 12:15:00,427.4,794.6,175.1,73.1,2.8,31.3,902.9,242.4
2024-11-04 12:30:00,483.9,768.9,189.8,0.2,2.8,34.1,857.6,168.7
2024-11-04 12:45:00,406.0,421.0,189.8,72.3,2.8,34.1,778.4,183.9
2024-11-04 13:00:00,300.2,315.3,82.3,72.3,2.0,34.1,792.6,157.1
2024-11-04 13:15:00,356.7,443.8,19.1,72.3,0.0,32.3,621.9,97.0
2024-11-04 13:30:00,280.8,404.8,36.4,63.2,0.0,27.6,770.3,108.3
2024-11-04 13:45:00,230.7,337.0,38.8,0.0,0.0,24.5,718.6,150.2
2024-11-04 14:00:00,293.1,477.9,38.8,0.0,0.0,18.4,472.3,135.1
2024-11-04 14:15:00,233.1,553.8,29.0,0.0,0.0,14.3,584.8,138.8
2024-11-04 14:30:00,228.5,759.6,10.8,0.0,0.0,12.5,710.8,78.5
2024-11-04 14:45:00,351.8,723.4,98.7,0.0,0.0,11.5,759.0,89.7
2024-11-04 15:00:00,291.3,712.9,146.4,0.0,0.0,11.5,757.8,54.0
2024-11-04 15:15:00,297.6,675.8,80.8,0.0,0.0,11.5,599.3,90.2
2024-11-04 15:30:00,178.4,566.0,176.9,0.0,19.4,11.5,408.5,148.6
2024-11-04 15:45:00,210.1,584.4,197.9,0.0,19.4,9.2,292.2,180.5
2024-11-04 16:00:00,246.4,515.3,180.5,0.0,19.4,10.7,457.3,151.4
2024-11-04 16:15:00,261.2,579.1,154.8,0.0,19.4,10.4,567.4,212.9
2024-11-04 16:30:00,193.8,284.1,86.9,0.0,19.4,15.4,382.3,157.6
2024-11-04 16:45:00,294.6,272.3,127.3,0.0,19.4,15.2,269.0,45.9
2024-11-04 17:00:00,245.0,261.6,115.0,0.0,19.4,12.2,305.6,33.4
2024-11-04 17:15:00,137.4,216.8,68.4,0.0,19.4,15.3,590.2,25.3
2024-11-04 17:30:00,68.1,119.2,26.8,0.0,1.7,15.3,522.9,28.1
2024-11-04 17:45:00,54.3,121.0,26.8,0.0,0.0,14.7,675.7,28.1
2024-11-04 18:00:00,19.7,121.6,26.8,0.0,0.0,22.9,636.0,28.1
2024-11-04 18:15:00,104.7,136.0,16.8,0.0,0.0,26.3,593.7,72.1
2024-11-04 18:30:00,11.7,136.0,0.0,0.0,1.2,42.4,417.1,12.3
2024-11-04 18:45:00,0.0,177.9,98.5,0.0,0.0,43.6,439.4,32.8
2024-11-04 19:00:00,36.9,201.8,145.0,0.0,0.0,48.9,743.9,32.8
2024-11-04 19:15:00,103.9,306.7,123.1,0.0,0.0,48.9,666.7,16.9
2024-11-04 19:30:00,166.8,237.1,118.4,0.0,0.0,46.1,433.9,9.2
2024-11-04 19:45:00,60.7,321.3,69.6,0.0,0.0,43.4,609.3,42.9
2024-11-04 20:00:00,56.4,283.9,56.2,0.0,0.0,40.4,571.4,37.9
2024-11-04 20:15:00,54.6,378.7,176.6,0.0,0.0,33.7,545.2,33.6
2024-11-04 20:30:00,89.7,284.5,87.7,0.0,0.0,22.4,292.3,45.4
2024-11-04 20:45:00,24.1,341.4,32.0,40.4,0.0,24.9,461.5,51.5
2024-11-04 21:00:00,214.3,403.7,101.3,141.4,2.5,24.1,487.3,79.8
2024-11-04 21:15:00,249.6,465.6,88.9,347.8,2.5,27.0,563.3,112.3
2024-11-04 21:30:00,174.5,438.6,95.2,453.0,2.5,27.0,489.2,76.2
2024-11-04 21:45:00,179.9,383.1,72.5,1655.5,2.5,34.1,331.4,214.1
2024-11-04 22:00:00,526.3,1094.1,2437.1,6990.5,26.0,71.3,168.5,307.2
2024-11-04 22:15:00,635.2,1309.4,2411.1,7149.6,26.0,78.2,153.2,385.4
2024-11-04 22:30:00,685.9,1625.7,2379.7,7222.6,26.0,81.6,307.2,348.9
2024-11-04 22:45:00,896.2,1548.6,2955.5,7151.2,31.3,84.6,461.4,246.6
2024-11-04 23:00:00,940.3,1264.9,2591.6,6696.6,31.3,79.5,496.9,228.6
2024-11-04 23:15:00,769.3,1045.6,2385.7,5775.3,31.3,77.7,631.3,250.0
2024-11-04 23:30:00,769.8,1150.1,2228.2,4339.7,29.5,76.3,785.4,267.8
2024-11-04 23:45:00,326.0,613.7,1254.1,2533.2,27.0,46.6,262.4,92.1
2024-11-05 00:00:00,596.2,1681.8,2927.4,4683.0,28.8,72.4,945.9,253.7
2024-11-05 00:15:00,363.7,1505.5,2844.0,4944.2,20.6,70.1,863.2,199.9
2024-11-05 00:30:00,395.3,1505.2,2919.0,4900.2,18.8,67.2,827.1,200.7
2024-11-05 00:45:00,386.4,1623.4,2686.8,6027.8,18.8,64.7,479.5,252.0
2024-11-05 01:00:00,398.2,1566.6,2215.2,6825.1,18.8,54.2,584.1,222.7
2024-11-05 01:15:00,430.0,1452.9,1735.5,6483.7,18.8,51.0,823.5,158.8
2024-11-05 01:30:00,316.6,1236.8,1393.4,6010.4,18.8,47.5,782.5,184.7
2024-11-05 01:45:00,359.0,1165.9,1072.7,4799.8,18.8,47.5,598.0,213.1
2024-11-05 02:00:00,347.8,952.4,547.4,3917.4,15.8,47.5,640.2,298.0
2024-11-05 02:15:00,300.1,719.8,266.4,3195.6,5.3,47.5,640.7,321.1
2024-11-05 02:30:00,274.5,808.8,283.1,2565.9,5.3,44.2,614.3,298.0
2024-11-05 02:45:00,373.5,613.9,222.3,1656.5,5.3,40.8,500.0,242.9
2024-11-05 03:00:00,292.0,544.1,92.0,1035.5,5.3,39.3,513.5,145.5
2024-11-05 03:15:00,300.3,549.6,89.8,530.1,5.3,33.8,719.6,107.8
2024-11-05 03:30:00,224.9,494.1,39.4,171.8,5.3,33.8,836.5,25.7
2024-11-05 03:45:00,167.0,358.2,34.8,191.9,5.3,33.8,686.2,20.7
2024-11-05 04:00:00,135.4,247.1,62.2,87.0,5.3,33.7,783.4,20.7
2024-11-05 04:15:00,189.2,177.2,29.9,65.3,4.8,26.8,812.1,20.7
2024-11-05 04:30:00,184.1,192.4,27.4,58.4,0.0,26.8,782.9,20.7
2024-11-05 04:45:00,254.8,272.1,3.7,0.0,0.0,26.8,652.4,20.7
2024-11-05 05:00:00,217.9,292.5,0.0,0.0,0.0,25.3,768.9,20.7
2024-11-05 05:15:00,251.7,275.0,0.0,0.0,0.0,19.8,759.9,9.3
2024-11-05 05:30:00,349.0,169.4,0.0,0.0,0.0,19.4,812.0,0.0
2024-11-05 05:45:00,361.6,151.0,0.0,0.0,0.0,16.8,653.1,0.0
2024-11-05 06:00:00,339.8,201.9,0.0,0.0,0.0,8.4,801.8,0.0
2024-11-05 06:15:00,270.5,219.9,0.0,0.0,0.0,3.4,773.1,0.0
2024-11-05 06:30:00,283.4,217.5,0.0,0.0,0.0,1.9,699.5,0.0
2024-11-05 06:45:00,85.9,225.1,34.4,0.0,0.0,0.0,682.7,0.0
2024-11-05 07:00:00,28.6,284.2,34.4,0.0,0.0,0.0,554.3,0.0
2024-11-05 07:15:00,1.9,385.5,17.9,0.0,0.0,0.0,286.8,55.6
2024-11-05 07:30:00,0.0,398.0,0.0,0.0,0.0,0.0,252.8,44.0
2024-11-05 07:45:00,103.0,277.2,0.0,0.0,0.0,9.5,152.6,2.7
2024-11-05 08:00:00,119.1,225.6,0.0,0.0,0.0,9.5,150.8,0.0
2024-11-05 08:15:00,41.5,189.9,0.0,0.0,0.0,12.2,0.0,0.0
2024-11-05 08:30:00,43.7,180.8,0.0,0.0,0.0,12.2,153.7,0.0
2024-11-05 08:45:00,40.5,251.9,0.0,0.0,0.0,12.2,461.3,0.0
2024-11-05 09:00:00,38.9,181.1,0.0,0.0,0.0,19.0,461.3,37.7
2024-11-05 09:15:00,35.9,210.4,0.0,0.0,0.0,19.0,501.8,34.3
2024-11-05 09:30:00,22.9,293.8,26.8,0.0,0.0,19.0,551.1,60.1
2024-11-05 09:45:00,13.8,133.1,0.0,0.0,0.0,14.2,595.0,5.1
2024-11-05 10:00:00,65.0,122.6,0.0,0.0,0.0,5.3,453.4,0.0
2024-11-05 10:15:00,145.6,309.4,0.0,0.0,0.0,3.0,312.0,29.4
2024-11-05 10:30:00,162.7,363.1,0.0,0.0,2.4,3.0,340.6,40.7
2024-11-05 10:45:00,115.0,415.8,9.6,0.0,2.4,3.0,574.2,22.8
2024-11-05 11:00:00,147.7,482.1,39.4,0.0,2.4,3.0,769.6,101.7
2024-11-05 11:15:00,126.3,447.7,162.0,0.0,2.4,6.8,927.5,131.2
2024-11-05 11:30:00,200.0,740.7,180.8,0.0,2.4,10.2,706.3,112.3
2024-11-05 11:45:00,191.8,810.0,140.1,0.0,2.4,10.2,743.8,64.7
2024-11-05 12:00:00,311.0,851.1,105.4,0.0,2.4,10.2,707.3,81.8
2024-11-05 12:15:00,230.0,766.3,94.0,0.0,2.4,10.2,767.4,120.1
2024-11-05 12:30:00,213.7,791.7,56.4,0.0,2.4,13.4,695.6,46.4
2024-11-05 12:45:00,165.4,714.4,66.3,0.0,1.8,13.4,766.5,20.8
2024-11-05 13:00:00,191.7,406.6,94.3,73.2,0.0,10.1,812.2,57.0
2024-11-05 13:15:00,235.4,310.5,94.3,145.8,0.0,14.3,784.7,45.6
2024-11-05 13:30:00,247.3,378.6,53.4,145.8,0.0,13.2,704.8,33.7
2024-11-05 13:45:00,236.2,291.4,64.0,145.8,0.0,13.2,662.7,29.8
2024-11-05 14:00:00,96.2,289.4,169.3,141.2,0.0,13.2,760.2,0.0
2024-11-05 14:15:00,20.6,372.0,70.8,17.4,0.0,13.2,714.1,49.3
2024-11-05 14:30:00,186.6,375.6,54.5,0.0,0.0,20.1,732.8,91.7
2024-11-05 14:45:00,416.0,447.0,38.8,0.0,0.0,20.1,768.7,112.3
2024-11-05 15:00:00,360.4,586.8,82.6,0.0,0.0,20.1,749.3,166.8
2024-11-05 15:15:00,332.6,767.2,78.1,0.0,0.0,19.6,779.6,161.1
2024-11-05 15:30:00,441.6,667.5,21.7,0.0,0.0,14.2,629.1,180.0
2024-11-05 15:45:00,456.0,589.8,37.0,0.0,0.0,13.9,734.5,183.2
2024-11-05 16:00:00,215.7,660.2,51.5,0.0,0.0,13.9,655.1,133.6
2024-11-05 16:15:00,265.9,568.4,29.8,0.0,2.2,20.7,673.4,93.5
2024-11-05 16:30:00,272.5,553.2,86.1,50.2,2.2,23.8,664.5,66.1
2024-11-05 16:45:00,284.6,505.1,214.8,31.4,2.2,25.0,643.7,130.3
2024-11-05 17:00:00,315.7,451.5,180.8,38.2,2.2,25.0,757.6,190.2
2024-11-05 17:15:00,322.3,296.4,119.3,9.4,2.2,28.1,655.8,145.8
2024-11-05 17:30:00,359.9,147.4,70.3,50.5,2.2,25.6,539.5,63.2
2024-11-05 17:45:00,246.5,283.9,68.4,19.1,1.7,24.4,314.9,6.9
2024-11-05 18:00:00,122.1,221.6,112.8,2.0,0.0,22.0,47.3,0.0
2024-11-05 18:15:00,66.9,221.4,39.0,0.0,0.0,20.4,304.1,0.0
2024-11-05 18:30:00,113.1,104.1,25.8,0.0,0.0,21.4,304.1,0.0
2024-11-05 18:45:00,104.2,326.8,44.0,0.0,0.0,27.2,452.2,9.4
2024-11-05 19:00:00,67.6,371.2,44.0,0.0,0.0,23.6,611.6,47.4
2024-11-05 19:15:00,48.1,283.2,110.5,0.0,0.0,30.3,632.2,33.2
2024-11-05 19:30:00,43.2,175.0,110.5,0.0,0.0,33.7,391.0,0.0
2024-11-05 19:45:00,14.1,75.6,92.4,0.0,0.0,37.0,430.9,0.0
2024-11-05 20:00:00,0.0,0.0,111.1,0.0,0.0,34.1,426.6,35.6
2024-11-05 20:15:00,35.1,124.4,99.8,0.0,0.0,37.4,306.7,35.6
2024-11-05 20:30:00,92.0,153.0,33.3,0.0,0.0,29.2,293.8,24.0
2024-11-05 20:45:00,127.1,144.4,31.9,36.3,0.0,27.9,306.7,0.0
2024-11-05 21:00:00,85.9,242.1,195.7,71.1,0.0,22.4,605.1,0.0
2024-11-05 21:15:00,136.2,257.0,136.2,71.1,2.4,19.4,608.4,71.6
2024-11-05 21:30:00,261.6,230.5,201.7,231.3,2.4,19.9,769.3,45.5
2024-11-05 21:45:00,310.8,258.1,217.9,861.4,2.4,17.3,667.8,30.3
2024-11-05 22:00:00,428.7,845.2,2440.2,6957.2,27.2,26.7,604.3,64.3
2024-11-05 22:15:00,551.1,958.3,2350.8,7404.0,27.2,49.7,612.4,130.7
2024-11-05 22:30:00,553.2,1420.1,2265.0,7514.7,27.2,49.7,614.3,190.3
2024-11-05 22:45:00,607.2,1438.7,2788.4,7438.4,27.2,49.7,810.8,167.8
2024-11-05 23:00:00,777.6,1492.6,2639.9,7307.7,16.3,49.7,628.2,202.5
2024-11-05 23:15:00,749.7,1473.4,2475.8,6748.3,8.5,49.7,595.6,176.0
2024-11-05 23:30:00,954.9,1498.6,2323.6,5369.6,8.5,43.8,626.5,138.3
2024-11-05 23:45:00,468.4,712.6,1271.4,2570.7,1.1,16.6,506.9,75.4
2024-11-06 00:00:00,756.2,1775.6,2876.8,4819.3,14.5,40.3,931.3,123.3
2024-11-06 00:15:00,541.0,1750.3,2840.8,5130.6,14.5,40.3,956.5,89.2
2024-11-06 00:30:00,483.5,1796.5,2876.4,5732.8,14.5,40.3,811.9,51.6
2024-11-06 00:45:00,396.8,1679.6,2726.7,6494.5,14.5,34.6,437.2,160.2
2024-11-06 01:00:00,378.4,1484.2,2354.5,6908.8,14.5,27.4,465.5,251.8
2024-11-06 01:15:00,268.8,1429.7,2094.2,6662.3,14.5,25.4,467.5,367.9
2024-11-06 01:30:00,234.8,1402.5,1908.7,6269.6,14.5,21.6,770.1,578.4
2024-11-06 01:45:00,209.4,1121.7,1578.9,4869.8,14.5,16.5,664.3,497.6
2024-11-06 02:00:00,127.1,815.9,1033.5,3481.2,14.5,16.5,755.4,480.2
2024-11-06 02:15:00,102.8,589.6,505.6,2652.3,14.5,16.5,780.8,344.7
2024-11-06 02:30:00,168.7,493.1,166.1,1844.0,14.5,16.5,941.0,237.3
2024-11-06 02:45:00,298.9,424.5,94.6,1044.4,14.5,16.2,837.1,242.8
2024-11-06 03:00:00,319.9,395.7,179.1,544.6,13.7,10.4,653.7,215.9
2024-11-06 03:15:00,243.2,409.3,115.1,254.7,8.4,10.4,724.5,155.2
2024-11-06 03:30:00,233.5,395.0,97.6,145.9,8.4,10.4,807.9,173.2
2024-11-06 03:45:00,203.1,398.0,51.5,110.5,8.4,10.4,779.5,138.8
2024-11-06 04:00:00,215.7,495.4,6.6,59.5,8.4,4.7,694.0,91.2
2024-11-06 04:15:00,304.7,396.2,0.0,59.5,6.7,3.3,661.3,12.5
2024-11-06 04:30:00,234.6,290.8,35.4,40.6,2.4,3.3,615.7,0.0
2024-11-06 04:45:00,379.6,253.0,35.4,0.0,2.4,3.3,784.4,0.0
2024-11-06 05:00:00,546.2,359.4,96.6,0.0,2.4,3.3,633.9,21.4
2024-11-06 05:15:00,536.0,375.0,96.6,0.0,2.4,3.3,792.9,47.5
2024-11-06 05:30:00,541.9,333.4,71.2,0.0,2.4,3.3,655.7,79.3
2024-11-06 05:45:00,457.3,267.2,37.6,0.0,2.4,3.3,781.0,67.7
2024-11-06 06:00:00,217.2,276.4,1.8,0.0,0.7,3.3,685.2,108.1
2024-11-06 06:15:00,118.5,254.1,0.0,0.0,0.0,3.3,629.2,92.0
2024-11-06 06:30:00,58.2,289.7,33.6,0.0,0.0,3.3,466.5,71.6
2024-11-06 06:45:00,200.2,261.2,33.6,0.0,0.0,4.8,629.1,17.2
2024-11-06 07:00:00,183.6,259.7,74.7,0.0,0.0,4.8,653.6,0.0
2024-11-06 07:15:00,130.5,211.1,86.1,0.0,0.0,4.7,368.8,23.1
2024-11-06 07:30:00,24.9,318.6,53.9,0.0,0.0,10.4,224.7,23.1
2024-11-06 07:45:00,0.0,290.1,33.6,0.0,0.0,10.4,461.0,2.2
2024-11-06 08:00:00,42.1,257.3,13.3,0.0,0.0,13.2,612.7,0.0
2024-11-06 08:15:00,39.3,397.7,0.0,0.0,0.0,16.5,591.7,0.0
2024-11-06 08:30:00,133.3,230.2,0.0,0.0,0.0,14.3,544.4,29.5
2024-11-06 08:45:00,114.6,205.8,0.0,0.0,0.0,13.2,758.0,48.0
2024-11-06 09:00:00,78.2,184.9,0.0,0.0,0.0,13.2,686.1,70.8
2024-11-06 09:15:00,138.6,177.0,0.0,0.0,0.0,20.0,712.6,56.5
2024-11-06 09:30:00,134.3,76.0,0.0,0.0,0.0,14.5,767.2,22.4
2024-11-06 09:45:00,111.4,57.6,0.0,0.0,0.0,12.7,727.6,19.6
2024-11-06 10:00:00,45.3,137.3,0.0,0.0,0.0,7.6,720.6,0.0
2024-11-06 10:15:00,60.1,210.1,28.1,0.0,0.0,6.8,460.5,0.0
2024-11-06 10:30:00,117.7,96.0,57.7,0.0,0.0,6.8,406.7,0.0
2024-11-06 10:45:00,164.4,146.7,67.0,0.0,0.0,4.6,460.4,0.0
2024-11-06 11:00:00,348.0,246.2,107.6,0.0,0.0,0.4,440.6,21.5
2024-11-06 11:15:00,304.2,476.9,74.5,0.0,0.0,0.0,174.1,42.6
2024-11-06 11:30:00,401.9,772.0,25.9,0.0,0.0,0.0,13.4,42.6
2024-11-06 11:45:00,289.1,899.2,0.0,0.0,0.0,0.0,0.0,42.6
2024-11-06 12:00:00,229.0,961.1,17.3,0.0,0.0,6.9,0.0,32.1
2024-11-06 12:15:00,227.7,721.9,32.7,0.0,0.0,6.9,154.3,21.1
2024-11-06 12:30:00,278.9,623.0,80.3,146.4,0.0,6.9,307.7,21.1
2024-11-06 12:45:00,344.9,495.7,99.8,182.1,0.0,10.1,461.0,122.3
2024-11-06 13:00:00,246.4,277.4,99.8,182.1,0.0,13.4,633.2,113.1
2024-11-06 13:15:00,279.0,372.2,66.3,182.1,0.0,19.2,787.4,110.6
2024-11-06 13:30:00,210.8,473.2,26.5,46.5,0.0,19.2,778.0,63.7
2024-11-06 13:45:00,184.6,594.7,0.0,8.4,0.0,24.6,786.9,125.0
2024-11-06 14:00:00,135.0,606.7,0.0,0.0,0.0,23.0,798.9,98.5
2024-11-06 14:15:00,259.3,830.4,18.0,0.0,0.0,23.0,902.3,109.5
2024-11-06 14:30:00,268.8,775.6,95.9,0.0,0.0,21.6,578.6,96.5
2024-11-06 14:45:00,173.0,635.0,118.5,0.0,17.5,20.4,611.4,126.9
2024-11-06 15:00:00,273.8,686.1,157.5,0.0,17.5,17.2,513.5,162.1
2024-11-06 15:15:00,382.3,538.5,137.2,0.0,13.4,20.5,767.3,172.3
2024-11-06 15:30:00,426.3,570.6,40.1,0.0,0.0,20.5,796.7,179.6
2024-11-06 15:45:00,538.1,733.9,19.6,0.0,0.0,20.5,634.3,163.3
2024-11-06 16:00:00,512.2,705.6,44.5,0.0,2.5,22.8,697.5,149.3
2024-11-06 16:15:00,307.0,552.2,44.5,0.0,2.5,14.4,613.8,125.6
2024-11-06 16:30:00,312.1,512.5,44.5,0.0,9.1,16.7,755.9,133.3
2024-11-06 16:45:00,313.1,460.4,44.5,0.0,9.1,23.5,633.1,90.6
2024-11-06 17:00:00,294.3,413.1,24.6,0.0,9.1,23.5,747.0,44.8
2024-11-06 17:15:00,277.2,218.4,46.5,0.0,9.1,23.5,613.0,29.0
2024-11-06 17:30:00,293.2,214.6,159.5,0.0,15.0,22.9,788.3,41.1
2024-11-06 17:45:00,165.7,153.5,118.7,0.0,15.0,20.2,526.3,51.6
2024-11-06 18:00:00,139.5,224.1,57.3,0.0,15.0,20.2,698.1,142.4
2024-11-06 18:15:00,177.7,368.2,0.1,0.0,15.0,19.5,458.2,159.3
2024-11-06 18:30:00,77.1,348.8,0.0,0.0,12.9,32.1,450.4,154.3
2024-11-06 18:45:00,200.1,235.0,87.1,0.0,12.4,38.6,460.4,97.6
2024-11-06 19:00:00,159.1,121.0,140.7,0.0,12.4,36.9,750.3,28.4
2024-11-06 19:15:00,46.6,85.1,143.5,0.0,12.4,41.5,603.5,52.5
2024-11-06 19:30:00,31.1,196.8,135.5,0.0,12.4,41.5,426.3,34.9
2024-11-06 19:45:00,11.1,352.3,68.5,0.0,12.4,41.5,306.6,0.0
2024-11-06 20:00:00,25.9,338.9,67.5,0.0,12.4,41.0,229.2,0.0
2024-11-06 20:15:00,40.0,350.9,85.5,0.0,10.6,41.6,154.5,22.5
2024-11-06 20:30:00,160.5,204.8,88.4,0.0,5.9,46.3,306.7,22.5
2024-11-06 20:45:00,131.4,163.6,59.1,0.0,5.9,41.7,306.7,22.5
2024-11-06 21:00:00,125.6,277.0,88.1,0.0,5.9,41.7,222.2,138.7
2024-11-06 21:15:00,100.9,444.7,70.6,2.8,1.0,41.6,154.5,158.8
2024-11-06 21:30:00,74.2,445.0,70.6,49.5,0.0,41.5,142.2,177.0
2024-11-06 21:45:00,195.0,594.5,150.0,1149.8,0.0,48.1,154.0,137.0
2024-11-06 22:00:00,643.8,1193.0,2006.6,7332.8,24.2,81.8,307.4,123.5
2024-11-06 22:15:00,929.3,1339.2,2415.7,7548.8,24.2,81.2,614.9,136.6
2024-11-06 22:30:00,814.5,1456.9,2276.9,7680.4,24.2,91.0,872.4,123.7
2024-11-06 22:45:00,585.0,1829.8,2534.7,7468.4,24.2,89.0,661.9,324.1
2024-11-06 23:00:00,495.0,1677.6,2575.0,6942.7,24.2,85.8,399.1,188.2
2024-11-06 23:15:00,397.4,1476.9,2482.0,6135.9,24.2,80.8,262.9,236.9
2024-11-06 23:30:00,444.3,1203.0,2316.2,5383.2,24.2,71.1,307.8,262.5
2024-11-06 23:45:00,237.9,812.4,1349.3,2993.5,22.3,38.4,156.6,113.5
2024-11-07 00:00:00,738.9,1622.4,3235.2,5812.6,24.2,65.3,764.4,484.3
2024-11-07 00:15:00,521.2,1772.4,2992.5,5474.1,6.0,58.5,878.9,410.2
2024-11-07 00:30:00,577.8,1852.6,2886.8,6227.7,5.6,54.0,800.9,450.6
2024-11-07 00:45:00,588.3,1574.9,2770.9,6359.6,5.6,54.0,913.0,342.8
2024-11-07 01:00:00,659.8,1617.1,2547.5,7006.8,5.6,54.0,813.7,359.2
2024-11-07 01:15:00,561.4,1405.2,2459.2,6608.8,5.6,54.0,841.1,321.5
2024-11-07 01:30:00,283.1,1020.7,2126.6,5317.9,4.5,54.0,875.3,325.7
2024-11-07 01:45:00,178.4,1022.3,1891.9,4179.1,3.2,48.2,770.9,375.6
2024-11-07 02:00:00,73.2,855.8,1415.2,3187.0,3.2,35.0,730.8,502.8
2024-11-07 02:15:00,93.0,804.4,871.7,2543.5,3.2,34.4,808.5,499.1
2024-11-07 02:30:00,63.6,639.3,173.5,1986.4,2.3,34.4,958.4,410.0
2024-11-07 02:45:00,177.6,627.8,29.4,920.6,0.0,32.3,786.7,271.6
2024-11-07 03:00:00,137.7,562.1,83.3,286.3,0.0,27.6,747.6,135.8
2024-11-07 03:15:00,193.7,399.0,83.3,146.1,0.0,27.6,826.8,103.7
2024-11-07 03:30:00,236.7,222.8,43.7,0.0,0.0,27.6,785.8,205.2
2024-11-07 03:45:00,261.1,253.1,35.4,0.0,0.0,24.9,755.2,170.9
2024-11-07 04:00:00,280.1,222.6,33.0,0.0,0.0,21.0,769.9,170.9
2024-11-07 04:15:00,281.5,178.0,14.3,0.0,0.0,21.0,901.4,127.9
2024-11-07 04:30:00,291.7,266.7,14.3,0.0,0.0,21.0,773.8,58.4
2024-11-07 04:45:00,286.3,320.6,14.3,0.0,0.0,21.0,777.9,43.5
2024-11-07 05:00:00,324.9,382.9,41.0,0.0,0.0,21.0,855.7,63.2
2024-11-07 05:15:00,288.6,357.1,106.7,0.0,0.0,16.8,817.6,90.1
2024-11-07 05:30:00,320.8,254.8,165.7,0.0,0.0,14.3,799.8,90.1
2024-11-07 05:45:00,277.8,173.4,137.6,0.0,0.0,8.5,832.3,76.5
2024-11-07 06:00:00,280.6,106.7,46.9,0.0,0.0,6.2,679.6,7.3
2024-11-07 06:15:00,178.3,107.1,46.8,0.0,0.0,0.0,512.0,59.2
2024-11-07 06:30:00,194.5,187.9,1.6,0.0,0.0,0.0,182.3,0.0
2024-11-07 06:45:00,156.6,299.7,0.0,0.0,0.0,0.0,307.4,0.0
2024-11-07 07:00:00,79.8,320.0,32.4,0.0,19.7,0.0,479.3,23.6
2024-11-07 07:15:00,4.5,361.0,32.4,0.0,19.7,0.0,652.9,23.6
2024-11-07 07:30:00,29.5,241.1,13.3,0.0,19.7,0.0,612.6,2.8
2024-11-07 07:45:00,53.5,196.3,0.0,0.0,19.7,0.0,329.2,0.0
2024-11-07 08:00:00,29.5,133.4,0.0,0.0,19.7,0.0,126.1,0.0
2024-11-07 08:15:00,21.6,269.9,0.0,0.0,15.0,0.0,308.3,0.0
2024-11-07 08:30:00,46.2,224.2,60.0,0.0,0.0,0.0,615.6,0.0
2024-11-07 08:45:00,31.6,211.1,60.0,0.0,0.0,1.9,916.2,0.0
2024-11-07 09:00:00,65.5,313.7,11.1,0.0,0.0,1.9,816.7,0.0
2024-11-07 09:15:00,51.9,313.6,0.0,0.0,0.0,8.6,752.3,0.0
2024-11-07 09:30:00,151.5,126.4,0.0,0.0,0.0,8.6,784.4,0.0
2024-11-07 09:45:00,194.2,127.7,0.0,0.0,0.0,8.6,784.4,0.0
2024-11-07 10:00:00,220.3,153.8,92.2,0.0,0.0,8.6,664.9,0.0
2024-11-07 10:15:00,201.2,191.2,92.2,0.0,0.0,8.6,699.8,0.0
2024-11-07 10:30:00,238.8,119.1,92.2,0.0,0.0,8.6,634.4,48.8
2024-11-07 10:45:00,107.7,168.3,124.6,0.0,0.0,8.6,730.0,48.8
2024-11-07 11:00:00,26.9,357.5,211.9,0.0,0.0,8.6,644.4,97.3
2024-11-07 11:15:00,49.0,356.7,194.8,0.0,0.0,8.6,808.4,85.9
2024-11-07 11:30:00,107.0,329.5,136.2,0.0,0.0,8.6,806.1,52.7
2024-11-07 11:45:00,142.0,474.3,97.8,0.0,0.0,8.6,729.6,73.4
2024-11-07 12:00:00,212.6,540.7,75.4,0.0,0.0,11.6,812.7,85.4
2024-11-07 12:15:00,225.2,721.8,173.5,0.0,0.0,11.6,699.7,85.4
2024-11-07 12:30:00,373.8,690.8,159.2,0.0,0.0,11.6,641.0,121.2
2024-11-07 12:45:00,270.3,539.5,115.4,142.7,0.0,11.6,544.4,102.9
2024-11-07 13:00:00,155.2,341.6,54.9,142.7,0.0,11.0,639.4,144.3
2024-11-07 13:15:00,212.1,349.7,128.9,142.7,0.0,9.7,775.7,120.6
2024-11-07 13:30:00,183.7,334.6,160.4,142.7,0.0,9.7,757.7,85.8
2024-11-07 13:45:00,183.1,550.8,138.5,142.7,0.0,16.6,584.7,135.0
2024-11-07 14:00:00,131.5,530.3,72.8,56.9,0.0,16.6,661.9,120.7
2024-11-07 14:15:00,99.1,700.1,0.0,0.0,0.0,16.6,769.4,75.3
2024-11-07 14:30:00,259.7,649.8,40.5,0.0,0.0,19.4,867.0,67.1
2024-11-07 14:45:00,228.5,637.4,84.2,0.0,0.0,19.4,815.2,71.2
2024-11-07 15:00:00,284.5,496.9,91.6,0.0,0.0,19.9,721.8,159.2
2024-11-07 15:15:00,326.2,566.9,64.3,0.0,6.0,19.9,525.6,179.8
2024-11-07 15:30:00,500.7,779.2,14.1,0.0,6.0,19.9,589.6,168.2
2024-11-07 15:45:00,571.0,722.3,0.0,0.0,6.0,19.9,722.2,143.0
2024-11-07 16:00:00,602.8,520.7,17.5,0.0,6.0,19.9,842.3,240.6
2024-11-07 16:15:00,535.8,494.5,9.7,0.0,6.0,19.9,800.5,252.6
2024-11-07 16:30:00,303.5,553.2,0.0,74.3,6.0,26.9,611.4,215.5
2024-11-07 16:45:00,190.4,449.5,38.3,74.3,8.4,24.2,586.2,110.0
2024-11-07 17:00:00,257.1,260.8,61.5,74.3,14.9,22.4,676.4,15.7
2024-11-07 17:15:00,280.2,282.6,27.8,64.4,14.9,25.8,766.1,0.0
2024-11-07 17:30:00,195.7,382.6,133.8,0.0,14.9,25.8,766.2,0.0
2024-11-07 17:45:00,229.6,481.2,111.9,0.0,33.4,20.1,610.1,15.2
2024-11-07 18:00:00,108.9,273.2,66.0,0.0,33.4,22.7,340.3,0.0
2024-11-07 18:15:00,152.5,246.8,0.0,0.0,33.4,18.6,287.8,25.5
2024-11-07 18:30:00,169.1,202.6,6.0,0.0,33.4,26.1,151.1,23.3
2024-11-07 18:45:00,174.9,210.1,23.0,0.0,33.4,32.1,355.5,0.0
2024-11-07 19:00:00,171.3,330.1,50.0,0.0,33.4,35.3,615.0,69.5
2024-11-07 19:15:00,152.4,231.6,129.8,0.0,27.3,38.6,686.0,64.5
2024-11-07 19:30:00,214.3,291.0,109.4,0.0,25.0,43.8,637.5,0.0
2024-11-07 19:45:00,179.0,254.7,121.1,0.0,25.0,37.0,743.3,33.5
2024-11-07 20:00:00,139.7,192.3,121.1,0.0,18.0,35.1,569.3,6.5
2024-11-07 20:15:00,180.3,106.0,93.0,0.0,6.5,31.9,526.3,30.4
2024-11-07 20:30:00,70.8,222.5,72.8,0.0,6.5,28.2,305.9,0.0
2024-11-07 20:45:00,128.4,89.0,161.8,0.0,6.5,29.0,536.8,0.0
2024-11-07 21:00:00,229.3,291.1,192.8,5.4,6.5,27.8,464.4,165.0
2024-11-07 21:15:00,97.1,458.6,161.8,1.8,6.5,27.8,735.3,151.4
2024-11-07 21:30:00,104.3,474.6,85.3,100.1,6.5,30.3,759.9,90.5
2024-11-07 21:45:00,200.0,458.8,40.4,964.2,6.5,22.1,823.8,84.9
2024-11-07 22:00:00,686.0,1072.5,2221.8,7822.6,31.4,43.3,553.3,305.4
2024-11-07 22:15:00,714.7,1508.0,2287.8,7885.0,31.4,40.3,547.6,283.1
2024-11-07 22:30:00,844.5,1601.1,2290.3,7832.1,31.4,37.9,615.6,266.4
2024-11-07 22:45:00,596.6,1614.1,2191.7,7756.7,31.4,37.9,604.1,150.1
2024-11-07 23:00:00,492.4,1343.4,2562.5,7566.2,37.2,37.9,379.4,138.8
2024-11-07 23:15:00,336.3,1327.0,2542.4,7096.3,37.2,36.7,306.0,90.3
2024-11-07 23:30:00,274.9,1331.7,2435.4,5970.1,25.8,34.6,608.2,88.2
2024-11-07 23:45:00,267.6,683.8,1351.2,3446.5,12.6,17.9,424.3,92.6
2024-11-08 00:00:00,633.7,1473.3,2956.9,5817.0,18.7,34.7,836.7,281.7
2024-11-08 00:15:00,692.5,1623.3,3164.4,6184.9,18.7,34.5,940.6,327.7
2024-11-08 00:30:00,735.1,1939.6,2909.0,6274.5,18.7,33.5,773.1,309.3
2024-11-08 00:45:00,697.4,2002.0,2716.9,6841.8,18.7,31.5,753.7,272.9
2024-11-08 01:00:00,526.2,1938.5,2435.6,6992.2,12.8,31.5,786.2,207.6
2024-11-08 01:15:00,400.9,1951.7,2046.2,6242.8,12.2,27.6,753.7,173.8
2024-11-08 01:30:00,263.1,1538.3,1787.4,5251.4,12.2,23.5,705.1,174.0
2024-11-08 01:45:00,303.9,1157.3,1543.5,3837.1,12.2,18.2,732.1,190.6
2024-11-08 02:00:00,321.5,989.9,1150.4,2649.0,12.2,17.6,901.9,192.3
2024-11-08 02:15:00,239.4,820.8,632.1,1928.2,12.2,16.6,797.6,161.4
2024-11-08 02:30:00,286.3,637.5,298.0,1245.8,12.2,16.6,619.6,69.4
2024-11-08 02:45:00,363.3,523.8,90.1,480.3,12.2,16.6,499.8,136.9
2024-11-08 03:00:00,373.0,533.5,129.7,103.6,8.9,16.6,591.0,92.4
2024-11-08 03:15:00,315.5,462.8,83.9,54.2,4.4,16.6,565.0,184.0
2024-11-08 03:30:00,274.5,459.4,67.8,37.0,0.0,16.6,723.4,171.1
2024-11-08 03:45:00,276.8,364.3,68.9,0.0,0.0,14.0,614.0,126.0
2024-11-08 04:00:00,315.0,250.2,71.9,6.0,0.0,8.0,679.8,131.1
2024-11-08 04:15:00,281.1,202.7,52.1,0.0,0.0,3.6,613.8,148.9
2024-11-08 04:30:00,205.1,319.5,52.1,0.0,0.0,3.5,856.0,107.5
2024-11-08 04:45:00,170.9,370.3,44.7,0.0,0.0,3.5,552.9,96.2
2024-11-08 05:00:00,173.4,411.3,63.8,0.0,0.0,3.5,691.8,89.7
2024-11-08 05:15:00,249.3,399.7,63.8,0.0,0.0,3.5,564.0,55.8
2024-11-08 05:30:00,251.8,357.1,63.8,0.0,0.0,3.5,645.7,69.7
2024-11-08 05:45:00,256.0,282.5,56.7,0.0,0.0,2.5,571.4,69.7
2024-11-08 06:00:00,264.3,237.9,4.7,0.0,0.0,0.5,455.7,55.0
2024-11-08 06:15:00,123.2,201.9,0.0,0.0,0.0,0.5,414.5,10.6
2024-11-08 06:30:00,73.5,192.6,18.8,0.0,0.0,0.5,284.3,19.5
2024-11-08 06:45:00,169.5,147.1,44.3,0.0,0.0,0.5,128.4,19.5
2024-11-08 07:00:00,185.0,482.3,52.4,0.0,0.0,0.5,152.8,39.3
2024-11-08 07:15:00,144.1,622.7,31.1,0.0,0.0,3.4,306.1,39.3
2024-11-08 07:30:00,56.5,432.8,10.6,0.0,0.0,3.4,426.4,51.6
2024-11-08 07:45:00,0.0,270.7,0.0,0.0,0.0,9.5,296.1,24.0
2024-11-08 08:00:00,16.6,177.8,33.1,0.0,0.0,22.5,309.3,2.0
2024-11-08 08:15:00,7.8,218.6,33.1,0.0,0.0,36.2,326.8,0.0
2024-11-08 08:30:00,82.5,285.2,12.2,0.0,17.8,36.2,461.1,0.0
2024-11-08 08:45:00,30.5,443.4,0.0,0.0,17.8,31.9,613.9,0.0
2024-11-08 09:00:00,4.5,432.3,44.5,0.0,17.8,28.2,466.4,0.0
2024-11-08 09:15:00,29.2,434.2,44.5,0.0,17.8,26.6,468.4,0.0
2024-11-08 09:30:00,44.1,194.4,27.3,71.0,17.8,26.6,346.5,0.0
2024-11-08 09:45:00,44.1,175.4,7.7,71.0,17.8,26.6,435.6,0.0
2024-11-08 10:00:00,44.1,154.0,0.0,71.0,17.8,26.6,283.3,0.0
2024-11-08 10:15:00,144.3,117.6,0.0,71.0,6.8,26.6,248.0,0.0
2024-11-08 10:30:00,32.9,120.3,0.0,53.8,0.0,26.5,301.1,22.6
2024-11-08 10:45:00,69.2,189.6,0.0,0.0,0.0,26.1,440.7,126.4
2024-11-08 11:00:00,199.6,480.2,113.9,0.0,0.0,26.1,449.4,156.4
2024-11-08 11:15:00,250.4,639.2,164.0,0.0,0.0,26.5,597.2,126.4
2024-11-08 11:30:00,340.9,725.6,173.1,0.0,0.0,24.1,618.3,82.6
2024-11-08 11:45:00,442.0,840.9,188.8,0.0,0.0,23.1,648.4,36.9
2024-11-08 12:00:00,276.0,799.0,148.2,0.0,0.0,17.3,631.9,0.6
2024-11-08 12:15:00,258.3,767.2,126.3,0.0,0.0,16.2,791.3,50.5
2024-11-08 12:30:00,337.0,619.8,75.9,0.0,0.0,16.7,951.9,81.4
2024-11-08 12:45:00,316.1,386.6,38.7,0.0,0.0,16.0,777.4,88.6
2024-11-08 13:00:00,325.6,355.0,39.3,143.8,0.0,16.6,788.2,180.3
2024-11-08 13:15:00,367.7,419.0,68.9,143.8,0.0,23.5,666.3,169.5
2024-11-08 13:30:00,357.2,586.0,68.9,143.8,0.0,21.7,665.0,228.6
2024-11-08 13:45:00,288.5,557.9,61.8,143.8,0.0,14.3,689.6,223.0
2024-11-08 14:00:00,301.5,621.2,119.5,143.8,0.0,14.3,619.0,169.4
2024-11-08 14:15:00,339.9,735.9,96.6,78.8,0.0,14.3,730.8,215.2
2024-11-08 14:30:00,268.1,675.3,96.6,0.0,0.0,14.3,627.8,207.2
2024-11-08 14:45:00,230.4,568.9,74.1,0.0,0.0,17.0,750.6,163.7
2024-11-08 15:00:00,172.4,443.4,46.1,0.0,0.0,13.9,766.0,180.3
2024-11-08 15:15:00,282.5,352.5,13.0,0.0,0.0,13.1,926.6,252.6
2024-11-08 15:30:00,379.4,663.7,77.4,0.0,0.0,13.1,772.6,126.9
2024-11-08 15:45:00,420.1,603.9,107.3,0.0,0.0,13.1,727.0,110.4
2024-11-08 16:00:00,502.9,503.3,132.8,0.0,0.0,19.9,613.4,97.6
2024-11-08 16:15:00,381.8,364.0,97.5,0.0,2.4,16.6,682.6,208.6
2024-11-08 16:30:00,296.4,240.1,44.1,0.0,2.4,13.0,530.0,210.2
2024-11-08 16:45:00,249.0,272.9,107.6,0.0,2.4,19.1,622.5,280.4
2024-11-08 17:00:00,278.9,559.0,96.6,0.0,2.4,22.2,632.0,155.6
2024-11-08 17:15:00,168.6,338.7,197.9,0.0,2.4,20.2,768.8,115.1
2024-11-08 17:30:00,311.3,206.4,167.4,0.0,2.4,20.2,752.5,106.0
2024-11-08 17:45:00,231.5,326.6,107.3,0.0,2.4,20.2,721.3,78.9
2024-11-08 18:00:00,282.7,339.5,66.4,0.0,2.4,15.0,566.5,24.8
2024-11-08 18:15:00,114.7,274.1,52.9,0.0,2.4,21.0,375.1,10.3
2024-11-08 18:30:00,43.5,236.2,88.3,0.0,2.4,21.9,206.2,0.0
2024-11-08 18:45:00,37.5,193.3,110.2,0.0,2.4,28.6,392.1,0.0
2024-11-08 19:00:00,109.9,189.5,105.0,0.0,0.7,28.6,608.0,0.0
2024-11-08 19:15:00,32.7,109.7,193.2,0.0,0.0,32.6,623.6,0.0
2024-11-08 19:30:00,11.7,212.7,251.1,0.0,1.2,43.0,431.7,61.3
2024-11-08 19:45:00,110.5,183.4,219.1,0.0,0.0,43.0,190.7,103.7
2024-11-08 20:00:00,188.2,100.8,200.2,0.0,0.0,36.2,313.0,134.7
2024-11-08 20:15:00,98.6,179.7,265.3,0.0,0.0,33.1,458.2,104.5
2024-11-08 20:30:00,38.9,113.1,273.6,0.0,0.0,38.1,756.0,48.9
2024-11-08 20:45:00,59.9,264.8,168.8,0.0,0.0,36.7,768.1,28.5
2024-11-08 21:00:00,120.7,339.5,182.0,0.0,0.0,43.3,713.9,158.5
2024-11-08 21:15:00,94.3,339.1,200.0,0.0,0.0,38.6,762.2,160.6
2024-11-08 21:30:00,141.9,265.8,122.5,0.0,0.0,37.2,745.8,187.6
2024-11-08 21:45:00,134.9,497.8,194.8,856.0,0.0,39.6,527.4,257.7
2024-11-08 22:00:00,738.2,992.0,2381.8,7523.5,17.6,59.3,431.8,519.3
2024-11-08 22:15:00,979.9,1210.9,2294.7,7684.0,29.1,62.9,153.8,455.3
2024-11-08 22:30:00,1067.1,1275.1,2217.9,7703.6,29.1,62.9,162.2,430.4
2024-11-08 22:45:00,886.6,1167.5,2782.3,7734.2,29.1,59.3,311.0,307.1
2024-11-08 23:00:00,627.1,1225.7,2534.1,7538.0,29.1,58.8,447.5,226.4
2024-11-08 23:15:00,734.1,1313.9,2779.4,6543.2,29.1,62.2,391.4,183.5
2024-11-08 23:30:00,591.7,1608.3,2469.1,4839.8,29.1,59.9,461.0,209.8
2024-11-08 23:45:00,254.3,952.9,1119.1,2394.5,21.3,40.8,373.0,200.8
2024-11-09 00:00:00,550.5,1742.5,2831.2,4054.9,29.1,54.6,811.2,600.5
2024-11-09 00:15:00,442.2,1637.0,2943.8,4303.3,29.1,57.9,882.0,560.3
2024-11-09 00:30:00,350.3,1622.2,2849.8,4529.4,29.1,57.5,880.2,556.1
2024-11-09 00:45:00,500.2,1662.2,2639.5,5845.1,29.1,52.6,873.3,600.6
2024-11-09 01:00:00,509.0,1860.1,2305.0,7175.9,24.4,50.9,693.5,499.8
2024-11-09 01:15:00,498.2,1835.4,2046.0,6773.1,33.8,49.5,613.4,431.7
2024-11-09 01:30:00,444.4,1428.2,1644.2,6208.7,30.0,48.1,675.9,382.4
2024-11-09 01:45:00,349.0,1353.5,1250.0,5247.4,28.4,45.9,920.6,495.1
2024-11-09 02:00:00,293.3,1097.8,915.0,4123.6,28.4,39.1,838.2,398.7
2024-11-09 02:15:00,313.3,826.6,595.0,3517.1,28.4,29.0,661.7,334.6
2024-11-09 02:30:00,318.4,1013.9,224.2,2575.5,20.7,16.5,516.0,305.0
2024-11-09 02:45:00,354.3,842.6,225.3,1530.7,18.9,12.6,768.3,393.0
2024-11-09 03:00:00,411.2,602.1,217.4,825.7,14.1,12.6,771.8,346.4
2024-11-09 03:15:00,307.4,437.9,171.8,344.8,14.1,12.6,820.1,283.4
2024-11-09 03:30:00,248.9,326.6,119.7,138.7,14.1,9.0,550.2,371.5
2024-11-09 03:45:00,258.0,324.7,83.1,0.0,14.1,5.9,767.5,391.1
2024-11-09 04:00:00,274.4,359.9,36.2,0.0,11.4,5.9,855.8,314.0
2024-11-09 04:15:00,367.6,447.0,12.2,0.0,0.0,5.9,755.7,354.7
2024-11-09 04:30:00,520.6,365.7,34.7,0.0,0.0,4.1,786.8,442.4
2024-11-09 04:45:00,451.4,466.6,34.7,0.0,0.0,2.5,670.2,435.7
2024-11-09 05:00:00,530.3,510.1,34.7,0.0,0.0,2.5,612.9,362.3
2024-11-09 05:15:00,438.0,422.7,34.7,0.0,0.0,2.5,559.1,210.6
2024-11-09 05:30:00,414.7,363.0,54.3,0.0,0.0,2.5,765.9,175.0
2024-11-09 05:45:00,334.5,288.2,46.2,0.0,0.0,2.5,757.7,112.3
2024-11-09 06:00:00,309.4,291.7,46.2,0.0,0.0,2.5,567.9,112.3
2024-11-09 06:15:00,255.4,350.9,18.9,0.0,0.0,2.5,382.0,61.5
2024-11-09 06:30:00,282.2,341.9,109.8,0.0,0.0,2.5,233.7,33.7
2024-11-09 06:45:00,348.8,392.7,109.8,0.0,0.0,2.5,417.7,6.0
2024-11-09 07:00:00,244.4,458.0,40.3,0.0,0.0,3.8,607.0,15.8
2024-11-09 07:15:00,130.3,370.5,0.0,0.0,0.0,3.8,585.4,56.7
2024-11-09 07:30:00,128.9,452.7,0.0,0.0,0.0,3.8,465.9,48.2
2024-11-09 07:45:00,92.1,436.0,101.1,0.0,0.0,3.3,400.1,19.8
2024-11-09 08:00:00,47.3,268.8,137.6,0.0,0.0,9.0,155.9,15.8
2024-11-09 08:15:00,0.0,130.5,106.4,0.0,0.0,9.0,0.0,15.8
2024-11-09 08:30:00,0.0,86.7,128.4,0.0,0.0,9.0,0.0,15.8
2024-11-09 08:45:00,0.0,121.5,16.5,0.0,0.0,6.7,151.0,3.6
2024-11-09 09:00:00,115.6,197.5,0.0,0.0,0.0,6.6,151.0,0.0
2024-11-09 09:15:00,119.6,260.7,0.0,0.0,0.0,13.2,157.4,0.0
2024-11-09 09:30:00,15.2,221.2,0.0,0.0,0.0,18.4,462.5,0.0
2024-11-09 09:45:00,0.0,148.3,0.0,0.0,0.0,13.2,462.5,0.0
2024-11-09 10:00:00,82.8,250.4,0.0,0.0,0.0,18.6,314.2,0.0
2024-11-09 10:15:00,27.6,433.4,0.0,0.0,0.0,18.6,47.7,39.2
2024-11-09 10:30:00,224.6,318.4,0.0,0.0,0.0,25.5,152.2,2.4
2024-11-09 10:45:00,197.1,217.1,92.9,0.0,0.0,27.8,152.2,0.0
2024-11-09 11:00:00,193.6,315.9,49.3,0.0,0.0,29.2,410.5,34.6
2024-11-09 11:15:00,190.5,443.7,16.7,0.0,0.0,26.5,615.3,34.6
2024-11-09 11:30:00,262.3,438.2,0.0,0.0,0.0,29.3,769.6,34.6
2024-11-09 11:45:00,228.9,281.9,20.2,0.0,0.0,25.9,695.3,34.6
2024-11-09 12:00:00,273.9,358.7,48.0,0.0,0.0,19.0,497.6,17.8
2024-11-09 12:15:00,259.3,279.2,56.2,0.0,0.0,15.0,626.3,33.3
2024-11-09 12:30:00,175.7,379.9,55.3,0.0,0.0,12.3,665.8,85.6
2024-11-09 12:45:00,293.7,374.2,70.9,0.0,0.0,18.3,650.9,85.6
2024-11-09 13:00:00,194.7,568.5,58.7,144.8,0.0,17.1,638.1,85.6
2024-11-09 13:15:00,136.6,582.1,2.7,144.8,0.0,15.6,714.4,57.9
2024-11-09 13:30:00,284.1,518.9,0.0,144.8,0.0,15.6,780.2,41.1
2024-11-09 13:45:00,237.1,310.1,31.5,144.8,0.0,16.9,670.8,4.2
2024-11-09 14:00:00,179.9,393.8,31.1,144.8,0.0,15.9,617.9,68.5
2024-11-09 14:15:00,152.4,264.9,31.1,13.2,17.8,15.7,811.1,84.5
2024-11-09 14:30:00,148.4,263.4,20.7,0.0,17.8,21.7,793.7,88.9
2024-11-09 14:45:00,252.6,245.8,76.1,0.0,24.2,21.7,774.4,171.5
2024-11-09 15:00:00,369.8,352.3,78.9,0.0,24.2,21.7,733.7,116.7
2024-11-09 15:15:00,376.8,464.8,106.2,0.0,24.2,24.1,652.3,115.1
2024-11-09 15:30:00,331.9,484.1,110.3,0.0,24.2,15.3,815.2,261.5
2024-11-09 15:45:00,352.1,672.9,110.8,0.0,24.2,21.8,799.8,305.8
2024-11-09 16:00:00,470.0,514.9,138.4,0.0,15.5,25.1,825.0,189.2
2024-11-09 16:15:00,298.8,404.1,161.1,0.0,6.4,25.1,816.3,154.4
2024-11-09 16:30:00,245.4,403.5,218.4,0.0,5.7,30.1,764.0,205.6
2024-11-09 16:45:00,168.6,309.3,186.7,0.0,0.0,27.4,863.3,215.3
2024-11-09 17:00:00,146.1,468.9,116.1,0.0,0.0,22.3,712.9,220.5
2024-11-09 17:15:00,147.3,548.2,51.2,0.0,0.0,22.3,731.3,194.6
2024-11-09 17:30:00,187.9,606.6,53.9,0.0,0.0,26.1,759.8,149.4
2024-11-09 17:45:00,170.6,454.6,40.8,0.0,0.0,25.7,833.9,71.0
2024-11-09 18:00:00,87.3,198.7,11.5,0.0,0.0,29.0,764.9,10.3
2024-11-09 18:15:00,54.8,145.6,0.0,0.0,0.0,27.2,496.6,14.7
2024-11-09 18:30:00,40.4,121.5,0.0,0.0,0.0,24.1,171.8,14.7
2024-11-09 18:45:00,39.9,134.6,13.5,0.0,0.0,24.4,305.4,14.7
2024-11-09 19:00:00,87.3,172.8,73.5,0.0,0.0,24.4,305.4,0.2
2024-11-09 19:15:00,60.5,141.6,71.3,0.0,0.0,25.4,250.7,65.6
2024-11-09 19:30:00,97.3,132.9,40.1,0.0,0.0,24.1,304.9,0.0
2024-11-09 19:45:00,78.9,97.0,36.4,0.0,0.0,26.7,586.1,0.0
2024-11-09 20:00:00,201.5,347.7,22.8,0.0,0.0,24.3,595.1,0.0
2024-11-09 20:15:00,166.5,435.5,135.6,0.0,0.0,27.9,374.6,17.9
2024-11-09 20:30:00,304.4,278.4,124.5,0.0,0.0,26.2,426.2,17.9
2024-11-09 20:45:00,196.3,260.4,182.8,47.3,0.0,28.7,305.1,73.7
2024-11-09 21:00:00,289.6,280.4,283.1,47.3,0.0,30.8,234.2,108.8
2024-11-09 21:15:00,462.5,277.9,197.6,78.3,0.0,31.4,0.0,56.2
2024-11-09 21:30:00,342.4,292.0,118.5,114.9,0.0,29.4,152.9,122.8
2024-11-09 21:45:00,293.3,303.2,104.0,916.2,0.0,31.3,152.9,158.5
2024-11-09 22:00:00,440.9,842.4,2250.6,5777.2,0.0,39.8,95.8,514.1
2024-11-09 22:15:00,667.1,1270.6,2462.2,6202.5,17.9,45.2,153.1,647.8
2024-11-09 22:30:00,912.2,1477.3,2437.0,6345.3,17.9,45.2,305.8,518.3
2024-11-09 22:45:00,759.0,1538.5,3066.1,5965.8,17.9,51.9,613.1,363.2
2024-11-09 23:00:00,598.6,1258.4,2465.6,5710.0,17.9,51.9,434.6,173.0
2024-11-09 23:15:00,293.0,877.4,2283.3,5239.9,17.9,51.9,403.4,247.6
2024-11-09 23:30:00,372.7,894.5,2474.3,3984.0,17.9,51.9,307.5,439.0
2024-11-09 23:45:00,368.4,655.4,1337.9,1919.2,10.5,27.4,398.1,170.3
2024-11-10 00:00:00,646.6,1398.8,2509.5,3902.1,17.9,51.9,623.8,502.5
2024-11-10 00:15:00,637.2,1449.4,2370.5,5292.5,17.9,51.9,753.0,370.6
2024-11-10 00:30:00,486.8,1344.1,2133.6,6110.8,17.9,45.6,886.6,413.2
2024-11-10 00:45:00,415.5,1193.4,1966.7,6810.0,17.9,48.4,784.8,398.1
2024-11-10 01:00:00,318.0,972.9,1669.8,6643.1,7.4,47.5,685.9,608.2
2024-11-10 01:15:00,255.9,1058.9,1592.0,6238.1,0.0,46.9,669.2,759.8
2024-11-10 01:30:00,155.6,1060.5,1430.3,5307.4,0.0,46.9,622.6,636.7
2024-11-10 01:45:00,284.9,798.6,1071.3,4338.0,0.0,46.9,625.5,818.7
2024-11-10 02:00:00,231.4,888.2,622.6,3262.7,0.0,46.9,677.7,919.0
2024-11-10 02:15:00,221.8,743.6,380.8,1914.7,0.0,33.3,768.1,868.0
2024-11-10 02:30:00,102.1,770.1,241.5,800.5,0.0,33.3,810.2,641.4
2024-11-10 02:45:00,287.3,768.4,91.8,243.3,0.0,33.3,824.4,674.3
2024-11-10 03:00:00,293.4,758.4,32.0,173.0,0.0,28.5,721.9,569.9
2024-11-10 03:15:00,200.7,501.9,112.9,149.6,0.0,19.9,809.5,478.5
2024-11-10 03:30:00,218.2,439.3,93.8,41.0,0.0,15.2,820.5,369.2
2024-11-10 03:45:00,169.5,439.1,68.8,0.0,0.0,13.2,837.7,362.4
2024-11-10 04:00:00,98.2,500.7,63.8,0.0,0.0,13.2,740.3,485.1
2024-11-10 04:15:00,104.8,432.1,59.2,0.0,0.0,13.2,723.9,449.3
2024-11-10 04:30:00,170.7,388.0,18.5,0.0,14.6,13.2,696.6,443.9
2024-11-10 04:45:00,243.7,362.2,46.4,0.0,14.6,13.2,807.7,237.4
2024-11-10 05:00:00,313.1,378.9,95.6,0.0,14.6,13.2,717.0,313.4
2024-11-10 05:15:00,234.2,346.8,100.8,0.0,14.6,13.2,586.3,389.7
2024-11-10 05:30:00,363.1,258.2,84.4,0.0,14.6,13.2,639.3,281.1
2024-11-10 05:45:00,361.6,335.9,34.3,0.0,14.6,13.2,691.0,263.0
2024-11-10 06:00:00,272.8,374.3,0.0,0.0,14.6,13.2,910.3,127.5
2024-11-10 06:15:00,130.7,407.6,67.1,0.0,14.6,13.2,611.4,130.9
2024-11-10 06:30:00,193.9,346.4,125.8,0.0,1.9,13.2,362.4,42.4
2024-11-10 06:45:00,245.2,418.0,56.5,0.0,0.0,13.1,304.1,36.2
2024-11-10 07:00:00,147.3,399.0,69.5,0.0,0.0,7.0,454.7,2.3
2024-11-10 07:15:00,88.9,409.0,46.9,0.0,0.0,13.8,428.4,81.2
2024-11-10 07:30:00,6.0,273.5,46.9,0.0,0.0,13.8,460.3,81.2
2024-11-10 07:45:00,31.3,320.6,22.9,0.0,0.0,11.3,751.1,77.2
2024-11-10 08:00:00,31.3,314.9,0.0,0.0,0.0,10.5,807.5,84.4
2024-11-10 08:15:00,48.0,214.8,0.0,0.0,3.3,13.4,372.6,46.7
2024-11-10 08:30:00,70.9,236.4,0.0,0.0,3.3,12.7,391.1,46.7
2024-11-10 08:45:00,133.4,185.1,0.0,0.0,3.3,12.7,457.1,14.2
2024-11-10 09:00:00,104.3,200.0,90.9,0.0,1.7,12.7,452.8,0.0
2024-11-10 09:15:00,79.9,263.8,65.3,0.0,0.0,12.7,353.1,0.0
2024-11-10 09:30:00,53.2,147.4,55.2,0.0,0.0,10.2,507.1,0.0
2024-11-10 09:45:00,75.2,105.6,16.1,0.0,0.0,2.9,363.6,0.0
2024-11-10 10:00:00,91.3,149.6,0.0,0.0,0.0,2.9,109.4,0.0
2024-11-10 10:15:00,113.3,82.6,0.0,0.0,0.0,2.9,152.8,63.0
2024-11-10 10:30:00,69.6,106.7,0.0,0.0,0.0,2.9,304.6,63.0
2024-11-10 10:45:00,87.5,182.7,0.0,0.0,0.0,2.9,393.9,75.3
2024-11-10 11:00:00,108.8,265.3,52.6,0.0,0.0,2.9,257.6,47.3
2024-11-10 11:15:00,131.5,316.3,70.9,0.0,0.0,0.7,278.5,76.7
2024-11-10 11:30:00,166.9,262.9,167.5,0.0,0.0,0.0,460.5,49.2
2024-11-10 11:45:00,83.3,263.6,125.7,0.0,0.0,6.5,748.3,82.2
2024-11-10 12:00:00,80.5,229.3,180.5,0.0,0.0,6.5,839.8,106.0
2024-11-10 12:15:00,161.3,166.1,121.5,71.3,0.0,6.5,885.9,96.0
2024-11-10 12:30:00,94.6,96.9,124.5,71.3,0.0,13.3,655.5,53.8
2024-11-10 12:45:00,210.1,85.0,110.1,212.9,0.0,16.7,584.4,35.2
2024-11-10 13:00:00,370.8,117.3,31.9,212.9,0.0,16.7,593.3,41.3
2024-11-10 13:15:00,349.1,235.3,12.8,212.9,7.0,16.7,595.6,162.5
2024-11-10 13:30:00,249.2,411.5,0.0,170.4,7.0,16.7,761.0,206.0
2024-11-10 13:45:00,357.9,465.6,23.5,141.5,9.5,19.7,575.2,219.1
2024-11-10 14:00:00,283.4,534.1,23.5,32.4,9.5,19.7,713.2,210.4
2024-11-10 14:15:00,254.9,434.6,23.5,0.0,9.5,29.8,713.8,193.2
2024-11-10 14:30:00,216.6,310.0,9.9,0.0,9.5,29.8,852.6,132.8
2024-11-10 14:45:00,167.9,236.7,40.3,0.0,9.5,29.8,829.7,98.2
2024-11-10 15:00:00,208.1,379.9,40.3,0.0,9.5,32.1,695.6,98.2
2024-11-10 15:15:00,274.5,359.9,39.4,0.0,9.5,29.5,782.7,97.0
2024-11-10 15:30:00,408.2,447.5,42.4,0.0,7.4,29.5,727.2,94.2
2024-11-10 15:45:00,327.1,553.5,42.4,0.0,2.5,30.1,867.1,136.3
2024-11-10 16:00:00,271.2,590.8,93.9,0.0,2.5,27.0,763.2,77.0
2024-11-10 16:15:00,243.0,526.1,113.4,0.0,2.3,31.2,752.0,98.5
2024-11-10 16:30:00,313.1,492.4,142.3,0.0,0.0,28.9,575.8,108.1
2024-11-10 16:45:00,332.2,494.0,112.7,0.0,0.0,30.3,772.1,96.7
2024-11-10 17:00:00,238.0,395.4,140.8,0.0,0.0,30.3,804.1,61.9
2024-11-10 17:15:00,203.7,215.2,121.5,0.0,0.0,30.3,765.7,132.3
2024-11-10 17:30:00,177.8,264.5,72.4,0.0,0.0,27.1,747.1,184.2
2024-11-10 17:45:00,135.3,276.7,42.2,0.0,0.0,24.4,643.0,117.4
2024-11-10 18:00:00,35.9,149.4,42.2,0.0,0.0,25.6,800.6,97.7
2024-11-10 18:15:00,9.2,111.8,21.7,0.0,0.0,28.3,664.9,96.1
2024-11-10 18:30:00,0.0,125.3,10.5,0.0,0.0,21.4,470.5,116.9
2024-11-10 18:45:00,0.0,186.9,0.0,0.0,0.0,20.5,316.8,156.6
2024-11-10 19:00:00,0.0,192.9,0.0,0.0,0.0,20.5,457.0,125.6
2024-11-10 19:15:00,0.0,253.0,84.9,0.0,0.0,17.7,531.8,50.8
2024-11-10 19:30:00,75.3,207.4,84.9,0.0,0.0,19.0,578.8,12.2
2024-11-10 19:45:00,68.1,151.5,115.8,0.0,0.0,13.9,305.8,0.0
2024-11-10 20:00:00,72.8,152.1,55.7,0.0,0.0,13.9,363.5,0.0
2024-11-10 20:15:00,56.1,283.1,87.9,0.0,0.0,13.9,304.3,49.0
2024-11-10 20:30:00,21.2,339.1,53.6,0.0,0.0,13.9,412.3,49.0
2024-11-10 20:45:00,62.3,261.0,86.5,0.0,0.0,12.4,285.4,30.0
2024-11-10 21:00:00,168.1,375.6,71.4,0.0,0.0,17.2,300.9,77.3
2024-11-10 21:15:00,379.4,233.5,127.4,0.0,0.0,17.2,308.6,77.3
2024-11-10 21:30:00,369.0,431.1,109.3,0.0,0.0,17.2,308.6,109.3
2024-11-10 21:45:00,247.2,576.8,73.1,896.9,0.0,18.8,312.1,124.0
2024-11-10 22:00:00,758.5,1056.8,2337.0,5099.3,17.7,25.7,173.6,600.3
2024-11-10 22:15:00,821.8,1392.5,2416.1,5637.0,17.7,24.4,154.7,716.9
2024-11-10 22:30:00,788.0,1406.7,2448.4,5821.5,17.7,22.3,155.3,650.3
2024-11-10 22:45:00,1019.9,1273.4,3192.2,5852.5,16.8,29.4,459.6,422.4
2024-11-10 23:00:00,887.8,1061.2,2564.3,5724.8,9.0,29.4,614.5,326.6
2024-11-10 23:15:00,599.7,863.3,2388.2,5073.6,19.3,25.8,668.5,439.9
2024-11-10 23:30:00,647.6,1133.7,2538.7,4650.0,19.3,24.1,506.0,402.1
2024-11-10 23:45:00,310.0,630.4,1127.9,2913.9,13.9,21.3,196.5,185.2
2024-11-11 00:00:00,574.8,1643.4,2395.6,5668.1,27.9,27.1,610.4,535.2
2024-11-11 00:15:00,479.8,2005.2,2248.5,5893.4,25.6,27.1,666.1,450.6
2024-11-11 00:30:00,507.9,1870.3,2206.7,6059.1,25.6,30.2,753.8,594.6
2024-11-11 00:45:00,446.3,1679.0,1844.1,6222.6,25.6,30.2,727.1,663.5
2024-11-11 01:00:00,563.3,1588.0,1599.1,6010.5,25.6,30.2,728.9,663.5
2024-11-11 01:15:00,499.4,1460.3,1328.1,5361.4,25.6,30.2,740.1,672.5
2024-11-11 01:30:00,334.6,1411.1,1076.3,4353.3,25.6,30.2,735.0,635.3
2024-11-11 01:45:00,245.0,936.0,875.1,3492.0,25.6,30.2,803.8,512.2
2024-11-11 02:00:00,188.5,838.9,281.7,2520.3,25.6,30.2,857.5,604.6
2024-11-11 02:15:00,212.8,577.6,93.4,1582.6,25.6,30.2,843.9,504.9
2024-11-11 02:30:00,273.3,550.1,1.9,640.7,25.6,27.8,780.9,367.1
2024-11-11 02:45:00,228.1,562.0,0.0,210.6,20.5,26.9,628.9,307.4
2024-11-11 03:00:00,182.4,438.6,0.0,172.7,17.4,26.9,778.3,279.4
2024-11-11 03:15:00,110.5,471.3,0.0,53.6,7.3,26.9,700.5,302.7
2024-11-11 03:30:00,95.4,400.6,0.0,0.0,7.0,26.9,646.6,337.2
2024-11-11 03:45:00,38.5,330.8,0.0,0.0,7.0,26.9,673.4,326.0
2024-11-11 04:00:00,156.9,193.9,28.2,5.2,7.0,26.9,758.3,227.5
2024-11-11 04:15:00,139.0,216.5,57.4,0.0,7.0,25.7,870.3,172.3
2024-11-11 04:30:00,294.2,288.7,57.4,0.0,7.0,22.9,773.9,206.8
2024-11-11 04:45:00,340.1,309.8,57.4,0.0,7.0,22.9,840.7,202.9
2024-11-11 05:00:00,357.1,410.9,40.9,0.0,7.0,19.3,610.9,320.9
2024-11-11 05:15:00,396.7,373.9,21.2,0.0,7.0,14.3,716.0,332.5
2024-11-11 05:30:00,383.8,301.9,47.8,0.0,7.0,11.3,748.9,323.6
2024-11-11 05:45:00,283.4,239.6,44.4,0.0,7.0,11.1,610.2,238.3
2024-11-11 06:00:00,210.9,167.2,26.5,0.0,0.0,2.6,720.3,145.2
2024-11-11 06:15:00,260.9,172.5,189.2,0.0,0.0,1.2,630.2,62.2
2024-11-11 06:30:00,204.1,380.1,137.9,0.0,0.0,1.2,340.9,64.5
2024-11-11 06:45:00,170.3,335.7,137.9,0.0,0.0,1.2,302.4,53.5
2024-11-11 07:00:00,88.1,388.7,170.6,0.0,0.0,1.2,456.8,49.2
2024-11-11 07:15:00,73.5,411.2,115.3,0.0,0.0,1.2,528.2,33.3
2024-11-11 07:30:00,25.3,319.7,35.7,0.0,0.0,1.1,254.6,23.0
2024-11-11 07:45:00,20.2,112.7,50.6,0.0,0.0,0.5,44.7,28.2
2024-11-11 08:00:00,0.0,175.2,16.6,0.0,0.0,7.0,0.0,25.8
2024-11-11 08:15:00,0.0,166.0,16.6,0.0,0.0,6.9,153.3,0.0
2024-11-11 08:30:00,42.4,182.8,6.4,0.0,0.0,6.9,306.2,0.0
2024-11-11 08:45:00,12.9,118.6,0.0,0.0,0.0,10.4,306.2,0.0
2024-11-11 09:00:00,55.1,142.5,0.0,0.0,0.0,10.4,282.0,0.0
2024-11-11 09:15:00,128.3,189.8,0.0,0.0,0.0,10.4,154.0,0.0
2024-11-11 09:30:00,115.2,258.9,1.2,0.0,0.0,16.2,102.3,0.0
2024-11-11 09:45:00,47.2,269.7,176.8,0.0,0.0,16.2,307.7,0.0
2024-11-11 10:00:00,81.6,240.7,242.5,0.0,0.0,15.7,461.4,0.0
2024-11-11 10:15:00,60.7,337.0,273.7,0.0,0.0,12.7,461.4,10.1
2024-11-11 10:30:00,158.1,459.1,214.5,50.1,0.0,12.7,368.7,34.2
2024-11-11 10:45:00,134.3,428.2,79.1,50.1,0.0,12.7,330.6,109.0
2024-11-11 11:00:00,198.6,411.5,33.4,50.1,0.0,12.7,615.7,192.5
2024-11-11 11:15:00,201.4,552.6,77.8,50.1,0.0,12.6,457.6,207.0
2024-11-11 11:30:00,246.2,704.2,104.8,50.1,0.0,7.5,614.5,188.3
2024-11-11 11:45:00,297.1,659.8,112.8,50.1,0.0,3.2,371.1,238.3
2024-11-11 12:00:00,326.4,808.1,117.5,9.6,0.0,6.4,614.2,175.9
2024-11-11 12:15:00,205.2,796.1,87.8,0.0,0.0,6.4,571.4,194.5
2024-11-11 12:30:00,171.2,632.2,122.2,0.0,0.0,5.1,749.2,133.0
2024-11-11 12:45:00,235.6,454.8,114.7,142.8,0.0,3.2,714.6,170.3
2024-11-11 13:00:00,144.0,665.5,48.3,142.8,0.0,3.2,749.6,147.6
2024-11-11 13:15:00,87.9,542.7,33.3,142.8,0.0,0.6,715.3,187.0
2024-11-11 13:30:00,202.7,652.5,62.2,142.8,0.0,0.0,809.3,153.5
2024-11-11 13:45:00,149.3,574.2,76.8,142.8,0.0,0.0,680.6,68.4
2024-11-11 14:00:00,164.7,794.9,102.8,51.9,0.0,6.8,335.5,206.7
2024-11-11 14:15:00,244.1,679.0,87.9,0.0,0.0,6.8,328.1,362.6
2024-11-11 14:30:00,278.4,417.7,58.3,0.0,0.0,6.8,544.5,350.0
2024-11-11 14:45:00,329.6,368.9,167.1,0.0,0.0,13.3,646.7,290.5
2024-11-11 15:00:00,448.0,496.3,108.8,0.0,0.0,13.3,921.4,295.3
2024-11-11 15:15:00,496.7,454.6,97.3,0.0,0.0,13.3,807.3,301.3
2024-11-11 15:30:00,324.8,328.7,21.0,0.0,0.0,13.3,710.4,313.8
2024-11-11 15:45:00,268.0,300.8,62.8,0.0,6.9,13.3,661.4,272.5
2024-11-11 16:00:00,197.6,448.9,82.3,0.0,6.9,13.3,731.5,116.6
2024-11-11 16:15:00,298.4,441.0,79.1,0.0,6.9,13.3,923.8,192.8
2024-11-11 16:30:00,338.4,373.2,71.6,0.0,6.9,19.8,790.6,103.6
2024-11-11 16:45:00,320.8,461.1,198.8,0.0,6.9,23.9,690.8,77.0
2024-11-11 17:00:00,271.0,442.3,142.5,0.0,6.9,23.9,650.3,113.4
2024-11-11 17:15:00,282.8,581.0,114.9,0.0,6.9,27.2,828.1,86.8
2024-11-11 17:30:00,231.4,526.0,25.9,0.0,6.9,33.6,809.5,34.6
2024-11-11 17:45:00,264.9,296.4,70.1,0.0,13.8,27.7,740.9,38.1
2024-11-11 18:00:00,243.0,98.7,33.7,0.0,30.9,34.6,672.7,80.6
2024-11-11 18:15:00,77.6,111.7,0.0,0.0,30.9,37.1,753.7,40.0
2024-11-11 18:30:00,47.0,81.6,0.0,0.0,30.9,44.1,767.1,34.5
2024-11-11 18:45:00,34.9,138.7,37.7,0.0,30.9,50.7,664.3,0.0
2024-11-11 19:00:00,90.3,196.5,165.3,0.0,30.9,43.8,662.3,29.6
2024-11-11 19:15:00,119.3,214.7,148.7,0.0,30.9,43.8,543.0,109.9
2024-11-11 19:30:00,75.3,238.8,246.0,0.0,30.9,43.8,242.5,109.8
2024-11-11 19:45:00,50.3,181.0,265.6,0.0,30.9,40.8,152.6,59.3
2024-11-11 20:00:00,29.4,143.0,193.3,0.0,30.9,41.2,306.8,47.8
2024-11-11 20:15:00,24.2,125.6,132.6,0.0,30.9,39.7,429.4,17.6
2024-11-11 20:30:00,88.5,79.4,119.3,0.0,30.1,40.0,592.7,48.8
2024-11-11 20:45:00,75.6,141.3,84.2,0.0,13.8,36.3,429.5,77.1
2024-11-11 21:00:00,274.1,200.2,111.4,0.0,13.8,33.6,488.7,74.1
2024-11-11 21:15:00,234.9,241.0,67.9,71.1,9.4,40.2,435.8,148.9
2024-11-11 21:30:00,146.0,241.1,110.6,71.1,0.0,43.1,511.3,186.5
2024-11-11 21:45:00,265.3,281.6,132.4,784.1,5.8,49.0,403.7,156.5
2024-11-11 22:00:00,823.0,754.3,2531.5,7307.6,35.9,54.3,408.4,442.4
2024-11-11 22:15:00,1023.5,1022.1,2477.0,7382.1,35.9,48.9,715.4,584.5
2024-11-11 22:30:00,854.7,1128.7,2338.0,7566.0,48.2,42.2,703.2,805.2
2024-11-11 22:45:00,613.4,1354.3,2809.1,7439.8,42.3,42.8,787.9,776.0
2024-11-11 23:00:00,344.2,1675.6,2261.1,7088.4,33.8,43.3,554.1,796.5
2024-11-11 23:15:00,214.3,1622.8,2416.8,6111.4,29.0,43.3,523.9,717.0
2024-11-11 23:30:00,189.9,1411.7,2577.8,4681.4,29.0,41.6,529.5,533.9
2024-11-11 23:45:00,144.0,776.2,1176.9,2621.4,22.6,21.7,448.3,139.0
2024-11-12 00:00:00,287.0,1516.0,2633.3,5508.5,35.1,43.4,715.4,515.3
2024-11-12 00:15:00,319.6,1698.9,2689.9,5624.2,35.1,38.9,559.4,547.2
2024-11-12 00:30:00,307.7,1735.5,2626.0,6180.8,35.1,38.9,638.4,591.6
2024-11-12 00:45:00,208.4,1754.8,2541.3,6729.0,35.1,38.1,535.3,531.5
2024-11-12 01:00:00,268.8,1586.4,2401.3,6596.6,35.1,32.8,686.9,479.3
2024-11-12 01:15:00,270.1,1534.8,2219.5,5903.9,35.1,31.9,571.1,473.4
2024-11-12 01:30:00,240.2,1401.4,1761.4,4954.9,31.2,26.0,525.6,359.2
2024-11-12 01:45:00,112.4,874.6,1225.3,3611.4,29.3,23.1,397.2,441.4
2024-11-12 02:00:00,97.4,805.1,823.4,2495.6,25.6,23.1,450.5,384.8
2024-11-12 02:15:00,152.8,775.4,329.1,1905.4,23.9,23.1,560.0,454.7
2024-11-12 02:30:00,174.4,514.7,131.2,613.5,23.9,18.9,581.3,662.0
2024-11-12 02:45:00,289.9,333.5,105.8,138.4,20.9,16.2,357.1,667.7
2024-11-12 03:00:00,240.3,330.0,75.8,58.1,17.8,16.2,461.4,648.7
2024-11-12 03:15:00,157.8,392.5,20.7,58.1,17.8,16.2,308.4,588.5
2024-11-12 03:30:00,77.7,351.3,0.0,56.8,14.0,16.2,600.7,596.3
2024-11-12 03:45:00,115.3,398.2,0.0,0.0,11.8,16.2,631.7,463.3
2024-11-12 04:00:00,84.1,513.7,54.8,0.0,11.8,16.2,905.7,373.6
2024-11-12 04:15:00,168.5,582.2,42.8,0.0,11.8,15.0,759.8,195.6
2024-11-12 04:30:00,317.6,635.5,42.8,0.0,7.1,8.9,518.0,74.0
2024-11-12 04:45:00,208.4,550.6,102.1,0.0,5.7,1.9,459.4,65.8
2024-11-12 05:00:00,210.9,390.5,99.6,0.0,5.7,1.9,751.4,80.1
2024-11-12 05:15:00,372.4,357.2,94.4,0.0,5.7,1.9,742.6,198.0
2024-11-12 05:30:00,444.6,269.7,142.8,0.0,5.7,1.9,590.0,130.9
2024-11-12 05:45:00,382.6,235.1,25.8,0.0,5.7,1.9,597.2,117.8
2024-11-12 06:00:00,296.1,268.6,30.7,0.0,5.7,1.9,592.7,75.2
2024-11-12 06:15:00,159.9,283.7,188.2,0.0,4.5,1.9,439.0,43.3
2024-11-12 06:30:00,77.4,230.9,168.6,0.0,0.0,3.5,133.1,55.7
2024-11-12 06:45:00,80.7,195.9,141.3,0.0,0.0,3.5,306.2,49.8
2024-11-12 07:00:00,78.2,263.0,47.6,0.0,0.0,3.3,609.5,34.3
2024-11-12 07:15:00,43.8,261.7,31.6,0.0,0.0,1.9,534.9,42.1
2024-11-12 07:30:00,52.1,243.0,4.8,0.0,0.0,1.9,152.6,32.3
2024-11-12 07:45:00,52.1,140.6,0.0,0.0,0.0,5.4,0.0,3.1
2024-11-12 08:00:00,111.2,241.0,0.0,0.0,0.0,5.1,152.9,0.0
2024-11-12 08:15:00,80.7,259.5,0.0,0.0,0.0,6.5,458.4,0.0
2024-11-12 08:30:00,71.9,383.6,0.0,0.0,0.0,6.3,589.7,0.0
2024-11-12 08:45:00,164.9,284.5,0.0,0.0,0.0,4.0,715.7,0.0
2024-11-12 09:00:00,195.3,195.9,0.0,0.0,0.0,2.8,592.9,0.0
2024-11-12 09:15:00,49.3,236.3,0.0,0.0,0.0,2.8,584.8,0.0
2024-11-12 09:30:00,0.0,214.0,0.0,0.0,0.0,6.0,308.0,0.0
2024-11-12 09:45:00,28.0,241.2,0.0,0.0,0.0,4.6,446.8,0.0
2024-11-12 10:00:00,16.8,117.9,17.4,0.0,0.0,3.3,306.3,0.0
2024-11-12 10:15:00,0.0,132.5,17.4,0.0,0.0,3.3,591.4,0.0
2024-11-12 10:30:00,78.3,224.4,94.7,0.0,0.0,3.3,472.2,0.0
2024-11-12 10:45:00,152.2,269.3,76.5,0.0,0.0,3.3,764.7,0.0
2024-11-12 11:00:00,53.0,478.1,64.2,0.0,0.0,3.3,651.2,77.7
2024-11-12 11:15:00,70.1,492.6,133.1,0.0,0.0,0.7,748.7,62.6
2024-11-12 11:30:00,234.3,689.5,82.7,0.0,0.0,3.2,607.4,118.8
2024-11-12 11:45:00,191.4,717.5,19.6,0.0,0.0,3.2,586.5,189.5
2024-11-12 12:00:00,157.6,673.0,85.1,0.0,0.0,3.2,576.0,162.7
2024-11-12 12:15:00,74.1,510.9,37.1,0.0,0.0,6.4,649.4,155.7
2024-11-12 12:30:00,237.7,443.7,20.5,0.0,0.0,6.4,815.0,55.8
2024-11-12 12:45:00,319.0,268.6,54.9,145.5,0.0,6.4,748.9,104.1
2024-11-12 13:00:00,258.1,90.2,61.7,145.5,0.0,6.4,674.4,133.7
2024-11-12 13:15:00,335.4,242.8,24.7,145.5,0.0,6.4,533.6,287.0
2024-11-12 13:30:00,269.6,343.3,0.0,145.5,0.0,5.8,607.3,242.0
2024-11-12 13:45:00,153.2,447.7,15.5,132.7,0.0,3.2,612.0,108.4
2024-11-12 14:00:00,101.2,493.5,15.5,73.1,0.0,3.2,763.0,77.6
2024-11-12 14:15:00,158.5,700.7,13.1,33.0,0.0,3.2,467.6,36.5
2024-11-12 14:30:00,218.5,929.3,77.9,0.0,0.0,2.0,527.6,152.7
2024-11-12 14:45:00,355.7,603.1,77.9,0.0,0.0,0.0,497.2,187.5
2024-11-12 15:00:00,422.8,402.0,105.3,0.0,0.0,5.7,629.3,135.5
2024-11-12 15:15:00,366.5,477.4,37.2,0.0,0.0,5.7,759.4,104.0
2024-11-12 15:30:00,346.9,549.0,16.5,0.0,0.0,5.7,842.1,142.6
2024-11-12 15:45:00,228.4,557.4,17.3,0.0,0.0,5.7,779.9,210.4
2024-11-12 16:00:00,198.6,498.1,72.8,0.0,0.0,5.7,761.1,262.0
2024-11-12 16:15:00,351.8,501.4,157.1,0.0,0.0,5.7,818.7,225.9
2024-11-12 16:30:00,383.9,528.3,149.6,0.0,0.0,5.7,749.0,110.8
2024-11-12 16:45:00,235.7,540.3,112.1,0.0,0.0,9.0,812.2,195.6
2024-11-12 17:00:00,198.9,504.8,51.5,0.0,0.0,9.0,565.8,202.4
2024-11-12 17:15:00,209.2,618.6,28.3,0.0,0.0,11.2,608.9,112.1
2024-11-12 17:30:00,169.2,451.4,110.5,0.0,0.0,15.5,673.9,126.5
2024-11-12 17:45:00,144.4,276.2,110.7,0.0,0.0,15.5,779.5,60.0
2024-11-12 18:00:00,79.5,92.7,89.0,0.0,0.0,15.5,843.9,13.2
2024-11-12 18:15:00,71.7,58.9,75.4,0.0,0.0,13.9,698.2,0.0
2024-11-12 18:30:00,74.1,54.8,111.6,0.0,0.0,13.1,453.5,0.0
2024-11-12 18:45:00,36.5,298.3,114.6,0.0,0.0,19.7,154.4,33.7
2024-11-12 19:00:00,23.3,322.1,115.9,0.0,0.0,16.6,307.6,33.7
2024-11-12 19:15:00,0.0,312.3,136.0,0.0,0.0,16.4,462.7,48.3
2024-11-12 19:30:00,79.0,359.1,136.0,0.0,0.0,20.0,574.7,102.6
2024-11-12 19:45:00,212.4,263.9,78.8,0.0,0.0,20.0,350.7,63.0
2024-11-12 20:00:00,212.4,366.9,149.5,0.0,9.7,20.0,99.6,28.7
2024-11-12 20:15:00,166.9,230.1,149.5,0.0,9.7,26.3,154.1,0.0
2024-11-12 20:30:00,32.9,269.9,196.6,0.0,9.7,26.3,154.1,76.8
2024-11-12 20:45:00,90.1,311.0,102.6,0.0,9.7,24.8,137.7,76.8
2024-11-12 21:00:00,163.2,535.7,163.1,0.0,16.1,19.4,305.4,155.4
2024-11-12 21:15:00,186.7,529.2,238.7,58.4,9.7,25.3,305.4,90.2
2024-11-12 21:30:00,267.1,427.8,191.9,102.8,9.7,25.3,305.4,103.0
2024-11-12 21:45:00,237.1,528.0,129.5,461.7,9.7,21.7,195.5,223.7
2024-11-12 22:00:00,593.0,1115.3,2122.9,7323.2,23.7,45.6,154.8,317.2
2024-11-12 22:15:00,849.6,1445.8,2234.6,7435.0,29.1,45.1,307.9,505.3
2024-11-12 22:30:00,744.5,1349.9,2234.9,7388.5,42.2,51.9,195.9,584.0
2024-11-12 22:45:00,824.4,1155.2,2664.3,7605.2,42.2,59.2,460.5,521.0
2024-11-12 23:00:00,656.6,1092.0,2804.0,7242.8,38.4,57.0,469.6,426.2
2024-11-12 23:15:00,619.1,1220.9,2445.7,6507.3,29.1,60.1,455.0,336.2
2024-11-12 23:30:00,598.8,1300.1,2474.8,4950.5,29.1,59.6,373.9,384.3
2024-11-12 23:45:00,322.8,905.7,1347.3,2716.1,20.0,41.6,134.0,271.3
2024-11-13 00:00:00,599.0,1733.7,2678.8,5049.0,22.6,55.3,448.2,445.2
2024-11-13 00:15:00,514.9,1498.3,2699.6,5865.3,15.1,54.0,590.6,655.8
2024-11-13 00:30:00,438.2,1198.7,2693.6,6038.1,15.1,51.2,758.1,703.1
2024-11-13 00:45:00,394.8,1258.3,2656.7,6862.9,15.1,51.2,585.3,824.8
2024-11-13 01:00:00,361.4,1265.5,2494.6,6806.6,15.1,51.2,612.1,749.0
2024-11-13 01:15:00,275.9,1185.3,2316.3,6267.8,15.1,47.4,607.5,671.5
2024-11-13 01:30:00,324.6,917.8,2093.5,5332.2,15.1,38.6,730.1,614.9
2024-11-13 01:45:00,208.8,640.1,1706.4,4118.6,15.1,38.6,669.9,768.8
2024-11-13 02:00:00,177.9,539.1,1296.5,2719.3,15.1,38.6,822.8,733.9
2024-11-13 02:15:00,192.3,463.7,801.4,1850.3,15.1,38.6,753.4,619.4
2024-11-13 02:30:00,109.3,426.8,417.9,1075.8,15.1,38.6,911.7,358.3
2024-11-13 02:45:00,152.6,373.3,313.3,491.8,15.1,38.6,819.1,236.9
2024-11-13 03:00:00,231.0,275.8,157.2,140.8,12.5,38.6,639.0,241.6
2024-11-13 03:15:00,197.8,215.9,62.0,0.0,8.6,36.7,689.5,203.6
2024-11-13 03:30:00,240.0,152.2,72.2,0.0,8.6,35.2,781.3,122.4
2024-11-13 03:45:00,298.6,195.9,49.0,0.0,8.6,29.2,796.0,113.2
2024-11-13 04:00:00,221.5,335.5,49.0,0.0,8.6,17.3,805.6,112.0
2024-11-13 04:15:00,435.8,545.9,49.0,0.0,3.3,14.4,692.1,119.6
2024-11-13 04:30:00,317.7,751.3,90.6,0.0,3.2,14.4,795.6,144.9
2024-11-13 04:45:00,241.6,602.8,47.2,0.0,3.2,14.4,859.4,172.3
2024-11-13 05:00:00,221.0,500.1,64.8,0.0,3.2,14.4,794.2,187.7
2024-11-13 05:15:00,138.3,509.5,62.4,0.0,3.2,9.1,738.3,235.0
2024-11-13 05:30:00,173.6,235.5,79.8,0.0,3.2,1.6,644.1,157.4
2024-11-13 05:45:00,242.2,171.0,53.0,0.0,1.2,0.9,789.7,98.0
2024-11-13 06:00:00,275.0,101.6,64.9,0.0,0.0,0.9,779.0,49.8
2024-11-13 06:15:00,225.0,103.2,68.8,0.0,0.0,0.9,761.2,1.6
2024-11-13 06:30:00,129.4,289.4,20.8,0.0,0.0,0.9,614.2,0.0
2024-11-13 06:45:00,119.5,434.7,32.7,0.0,0.0,0.9,767.9,18.7
2024-11-13 07:00:00,63.0,515.1,32.7,0.0,0.0,0.9,834.1,18.7
2024-11-13 07:15:00,149.4,541.2,6.3,0.0,0.0,0.9,526.5,18.7
2024-11-13 07:30:00,172.4,501.5,0.0,0.0,0.0,0.9,266.9,18.7
2024-11-13 07:45:00,110.2,302.4,0.0,0.0,0.0,0.9,48.5,18.7
2024-11-13 08:00:00,1.5,233.2,0.0,0.0,0.0,0.9,0.0,18.7
2024-11-13 08:15:00,0.0,255.3,0.0,0.0,0.0,3.2,0.0,18.7
2024-11-13 08:30:00,0.0,194.3,0.0,0.0,0.0,2.7,0.0,16.0
2024-11-13 08:45:00,43.8,250.7,0.0,0.0,0.0,4.5,130.8,29.1
2024-11-13 09:00:00,43.8,166.3,0.0,0.0,0.0,17.8,130.8,29.1
2024-11-13 09:15:00,43.8,162.2,0.0,0.0,0.0,17.8,126.3,6.6
2024-11-13 09:30:00,20.5,242.0,0.0,0.0,0.0,17.8,153.8,0.0
2024-11-13 09:45:00,0.0,119.5,0.0,0.0,0.0,17.8,456.4,0.0
2024-11-13 10:00:00,0.0,124.5,0.0,43.3,0.0,16.6,611.4,0.0
2024-11-13 10:15:00,0.0,249.0,0.0,43.3,0.0,15.2,324.5,0.0
2024-11-13 10:30:00,0.0,153.3,0.0,43.3,18.4,15.2,308.2,0.0
2024-11-13 10:45:00,0.0,252.4,32.9,43.3,21.9,18.3,347.9,37.1
2024-11-13 11:00:00,165.4,520.0,32.9,36.4,10.2,18.3,407.6,130.9
2024-11-13 11:15:00,374.8,740.4,46.4,63.8,0.0,20.8,248.3,183.1
2024-11-13 11:30:00,357.5,887.8,39.1,63.8,0.0,18.6,455.6,113.7
2024-11-13 11:45:00,240.8,1107.9,28.3,63.8,16.6,25.4,492.5,101.2
2024-11-13 12:00:00,322.3,834.5,47.2,63.8,16.6,25.4,593.5,190.0
2024-11-13 12:15:00,240.1,608.1,42.3,63.8,16.6,25.4,504.5,168.7
2024-11-13 12:30:00,238.6,354.5,40.6,2.3,16.6,25.4,641.5,152.3
2024-11-13 12:45:00,528.7,290.2,34.0,144.9,16.6,25.4,644.2,109.7
2024-11-13 13:00:00,491.4,390.2,15.5,144.9,16.6,32.2,806.0,169.1
2024-11-13 13:15:00,539.1,325.6,15.5,144.9,16.6,30.6,949.0,146.6
2024-11-13 13:30:00,594.9,443.3,15.5,21.3,16.6,30.3,744.1,150.9
2024-11-13 13:45:00,321.7,423.5,54.9,0.0,29.5,30.3,543.3,86.5
2024-11-13 14:00:00,255.5,560.3,69.1,0.0,29.5,35.9,529.7,65.9
2024-11-13 14:15:00,126.0,699.4,56.7,0.0,26.0,33.9,770.4,110.0
2024-11-13 14:30:00,242.8,642.1,22.4,0.0,19.2,33.9,821.6,67.5
2024-11-13 14:45:00,179.5,646.7,0.0,0.0,19.2,28.9,726.5,69.3
2024-11-13 15:00:00,298.8,797.4,85.0,0.0,7.0,27.1,666.3,115.9
2024-11-13 15:15:00,346.9,837.3,12.6,0.0,2.6,30.6,769.5,45.3
2024-11-13 15:30:00,358.7,732.5,17.6,0.0,2.6,30.6,947.8,175.8
2024-11-13 15:45:00,374.7,617.1,68.8,0.0,2.6,30.3,865.6,254.5
2024-11-13 16:00:00,458.2,637.9,58.4,0.0,2.6,17.3,667.6,236.4
2024-11-13 16:15:00,218.7,739.3,58.4,0.0,2.6,17.2,681.1,180.2
2024-11-13 16:30:00,270.9,602.6,93.4,0.0,2.6,14.9,765.5,339.9
2024-11-13 16:45:00,386.7,613.2,149.7,0.0,2.6,11.6,770.4,339.1
2024-11-13 17:00:00,215.0,745.0,133.4,0.0,1.6,11.6,816.0,215.4
2024-11-13 17:15:00,134.1,778.2,96.4,0.0,0.4,12.0,745.8,197.0
2024-11-13 17:30:00,135.0,623.7,46.2,0.0,0.0,15.0,767.6,170.7
2024-11-13 17:45:00,177.8,380.7,40.3,0.0,0.0,14.1,886.1,131.6
2024-11-13 18:00:00,95.8,278.5,30.5,0.0,0.0,8.0,855.0,80.1
2024-11-13 18:15:00,147.5,208.8,0.0,0.0,0.0,18.1,619.7,21.9
2024-11-13 18:30:00,98.4,244.4,0.0,0.0,0.0,24.4,666.5,35.2
2024-11-13 18:45:00,75.9,195.3,43.3,0.0,19.7,24.4,582.7,21.2
2024-11-13 19:00:00,67.8,276.1,56.5,9.6,19.7,30.3,749.3,34.1
2024-11-13 19:15:00,67.8,120.7,110.7,4.8,19.7,27.1,726.2,58.1
2024-11-13 19:30:00,78.8,215.6,134.2,11.2,19.7,26.8,705.2,39.8
2024-11-13 19:45:00,71.3,336.4,163.9,42.5,19.7,21.9,638.8,173.3
2024-11-13 20:00:00,27.5,250.6,168.1,36.3,19.7,30.9,493.4,112.8
2024-11-13 20:15:00,20.5,117.4,162.6,0.0,19.7,26.0,613.9,45.8
2024-11-13 20:30:00,44.0,139.8,80.6,0.0,19.7,20.6,328.7,14.1
2024-11-13 20:45:00,41.5,164.1,56.9,0.0,5.3,20.6,305.9,0.0
2024-11-13 21:00:00,203.2,447.3,139.0,0.0,0.0,27.7,463.8,79.0
2024-11-13 21:15:00,249.9,461.1,109.8,54.7,0.0,27.7,418.9,234.7
2024-11-13 21:30:00,259.7,318.3,90.3,90.5,6.2,41.3,236.3,198.7
2024-11-13 21:45:00,216.5,407.0,81.3,416.9,6.2,48.3,0.0,111.5
2024-11-13 22:00:00,848.9,1036.5,2245.4,7812.3,30.5,75.9,0.0,435.1
2024-11-13 22:15:00,1128.8,1226.4,2236.6,7998.1,37.0,78.1,305.7,527.8
2024-11-13 22:30:00,1073.4,1339.6,2191.4,7954.2,37.0,74.9,608.0,500.1
2024-11-13 22:45:00,745.4,1283.2,2547.3,7742.5,37.0,72.6,518.0,279.7
2024-11-13 23:00:00,611.2,1231.9,2479.5,7379.4,37.0,68.5,361.1,219.8
2024-11-13 23:15:00,445.5,1202.2,2515.1,6788.6,37.0,62.4,306.2,319.2
2024-11-13 23:30:00,395.2,1048.9,2346.5,5213.1,37.0,65.7,737.7,562.0
2024-11-13 23:45:00,249.1,650.0,1047.3,2683.7,19.4,41.7,316.7,412.2
2024-11-14 00:00:00,415.4,1723.2,2844.2,4549.2,19.0,62.6,576.7,809.5
2024-11-14 00:15:00,578.6,1813.6,2835.4,5625.0,19.0,62.2,607.5,787.7
2024-11-14 00:30:00,468.6,1767.7,2832.6,5793.4,19.0,64.0,461.5,745.4
2024-11-14 00:45:00,448.9,1592.9,2662.2,6176.7,19.0,59.7,568.8,621.2
2024-11-14 01:00:00,549.2,1529.8,2488.6,6450.7,19.0,53.3,307.3,506.4
2024-11-14 01:15:00,499.3,1507.7,2257.1,6264.3,19.0,49.8,404.1,487.0
2024-11-14 01:30:00,391.8,1138.9,2011.9,5505.8,19.0,49.8,305.8,605.5
2024-11-14 01:45:00,425.7,921.3,1514.7,4054.5,19.0,49.8,443.1,723.8
2024-11-14 02:00:00,371.0,955.9,1144.7,2736.5,19.0,43.3,435.0,557.8
2024-11-14 02:15:00,293.9,805.5,707.9,1869.8,15.1,41.7,605.0,548.3
2024-11-14 02:30:00,202.5,622.2,361.0,1069.1,12.9,41.5,458.2,504.7
2024-11-14 02:45:00,194.8,627.4,215.1,439.1,12.9,38.3,579.9,332.4
2024-11-14 03:00:00,239.3,356.4,94.7,33.2,12.9,38.2,481.6,318.7
2024-11-14 03:15:00,248.7,270.0,72.7,0.0,12.9,31.3,770.7,273.5
2024-11-14 03:30:00,162.0,250.6,65.0,0.0,12.9,30.7,649.7,325.5
2024-11-14 03:45:00,237.1,264.3,51.4,0.0,9.1,18.5,619.4,239.2
2024-11-14 04:00:00,317.5,388.1,51.4,0.0,6.4,17.3,656.9,298.1
2024-11-14 04:15:00,253.5,613.4,51.4,0.0,6.4,17.3,635.7,341.6
2024-11-14 04:30:00,360.8,636.6,45.0,0.0,6.4,17.3,916.0,221.0
2024-11-14 04:45:00,248.6,730.2,84.3,0.0,6.4,17.3,823.3,359.4
2024-11-14 05:00:00,259.7,490.9,135.6,0.0,6.4,17.3,806.6,410.0
2024-11-14 05:15:00,218.2,405.2,135.6,0.0,6.4,17.3,663.8,317.1
2024-11-14 05:30:00,214.4,258.6,73.8,0.0,6.4,17.3,729.1,242.2
2024-11-14 05:45:00,256.1,163.3,40.8,0.0,6.4,12.5,903.9,211.1
2024-11-14 06:00:00,239.9,65.7,49.0,0.0,6.4,10.5,926.6,105.7
2024-11-14 06:15:00,227.3,172.5,18.6,0.0,6.4,10.5,962.1,27.7
2024-11-14 06:30:00,265.7,223.5,32.2,0.0,6.4,13.5,624.7,49.4
2024-11-14 06:45:00,156.6,361.4,25.0,0.0,3.1,13.5,467.5,24.0
2024-11-14 07:00:00,115.8,320.0,0.0,0.0,0.0,13.5,390.7,0.0
2024-11-14 07:15:00,91.6,233.9,20.9,0.0,0.0,13.5,309.4,0.0
2024-11-14 07:30:00,46.8,232.9,20.9,0.0,0.0,13.5,454.6,26.6
2024-11-14 07:45:00,3.9,151.1,1.1,0.0,0.0,20.5,651.9,52.6
2024-11-14 08:00:00,25.0,255.8,20.8,0.0,0.0,20.5,878.3,37.2
2024-11-14 08:15:00,82.5,222.0,20.8,0.0,0.0,29.6,725.6,37.2
2024-11-14 08:30:00,128.8,230.0,20.8,0.0,0.0,29.6,733.7,7.6
2024-11-14 08:45:00,65.8,209.3,15.5,0.0,0.0,29.6,531.4,24.5
2024-11-14 09:00:00,80.4,205.1,18.8,0.0,0.0,29.6,614.7,24.5
2024-11-14 09:15:00,70.2,118.8,20.8,74.3,0.0,29.0,688.3,24.5
2024-11-14 09:30:00,45.8,89.3,20.8,52.9,0.0,22.8,719.0,24.5
2024-11-14 09:45:00,41.7,49.8,1.7,0.0,0.0,21.9,645.7,24.5
2024-11-14 10:00:00,41.7,117.8,0.0,0.0,0.0,17.0,604.5,24.5
2024-11-14 10:15:00,127.1,83.1,0.0,0.0,0.0,16.8,441.2,24.5
2024-11-14 10:30:00,58.7,53.3,0.0,0.0,0.0,16.8,282.4,11.9
2024-11-14 10:45:00,212.2,75.1,27.8,0.0,0.0,16.8,153.9,0.0
2024-11-14 11:00:00,190.3,321.0,27.8,0.0,0.0,16.8,153.9,41.0
2024-11-14 11:15:00,80.3,598.4,48.2,0.0,0.0,16.5,69.6,88.3
2024-11-14 11:30:00,141.1,772.9,65.6,0.0,0.0,17.0,152.4,146.1
2024-11-14 11:45:00,222.4,760.9,56.4,0.0,0.0,20.0,305.6,158.3
2024-11-14 12:00:00,205.1,612.9,34.0,0.0,0.0,20.0,410.6,79.4
2024-11-14 12:15:00,193.6,617.0,102.3,0.0,0.0,17.7,420.0,109.6
2024-11-14 12:30:00,145.3,473.2,160.8,0.0,0.0,17.0,419.6,59.8
2024-11-14 12:45:00,400.2,392.3,125.9,73.2,0.0,17.0,451.4,55.5
2024-11-14 13:00:00,331.5,397.4,125.9,145.9,0.0,17.0,585.2,99.9
2024-11-14 13:15:00,266.4,341.0,107.8,145.9,0.0,17.0,443.0,214.7
2024-11-14 13:30:00,130.0,301.7,38.4,118.6,0.0,17.0,269.7,243.0
2024-11-14 13:45:00,137.2,435.0,26.1,33.6,0.0,17.0,232.4,107.6
2024-11-14 14:00:00,223.2,551.8,60.1,0.0,6.8,13.2,305.4,164.3
2024-11-14 14:15:00,268.2,514.3,100.4,0.0,0.0,10.0,611.0,121.0
2024-11-14 14:30:00,299.0,431.5,66.2,0.0,0.0,10.0,780.2,163.0
2024-11-14 14:45:00,438.4,467.3,46.1,0.0,2.4,16.9,890.2,284.5
2024-11-14 15:00:00,424.5,506.9,87.7,0.0,2.4,16.9,695.7,445.9
2024-11-14 15:15:00,483.9,603.3,153.7,0.0,2.4,22.3,743.4,342.8
2024-11-14 15:30:00,322.2,784.9,165.8,0.0,2.4,18.8,775.9,235.7
2024-11-14 15:45:00,278.7,687.2,161.7,0.0,2.4,18.8,736.1,184.9
2024-11-14 16:00:00,269.6,477.9,140.9,0.0,2.4,18.8,750.7,89.7
2024-11-14 16:15:00,278.6,445.7,104.8,0.0,2.4,16.3,768.9,79.7
2024-11-14 16:30:00,142.2,517.9,107.2,0.0,2.4,18.9,772.9,72.4
2024-11-14 16:45:00,186.8,265.4,150.3,0.0,2.4,17.9,649.5,41.1
2024-11-14 17:00:00,322.0,165.3,133.3,0.0,2.4,16.0,653.4,70.1
2024-11-14 17:15:00,331.9,258.1,145.0,0.0,2.1,19.2,784.9,55.5
2024-11-14 17:30:00,331.8,294.7,79.3,0.0,0.0,19.0,800.3,115.9
2024-11-14 17:45:00,150.2,208.5,41.0,0.0,0.0,14.3,799.3,101.9
2024-11-14 18:00:00,100.8,102.3,17.9,0.0,0.0,17.4,791.2,10.9
2024-11-14 18:15:00,23.3,89.9,72.0,0.0,0.0,15.5,890.6,40.0
2024-11-14 18:30:00,59.4,121.0,55.9,0.0,0.0,16.5,645.4,40.0
2024-11-14 18:45:00,32.6,164.8,55.9,0.0,0.0,20.0,732.0,24.0
2024-11-14 19:00:00,48.2,313.7,90.2,0.0,0.0,26.8,816.7,0.0
2024-11-14 19:15:00,48.2,326.2,45.0,0.0,0.0,26.8,692.2,0.0
2024-11-14 19:30:00,121.1,413.0,87.1,0.0,0.0,24.7,739.2,36.4
2024-11-14 19:45:00,155.5,470.9,87.1,0.0,0.0,30.0,597.3,36.4
2024-11-14 20:00:00,67.8,547.4,116.0,0.0,0.0,28.8,701.3,36.4
2024-11-14 20:15:00,21.5,439.7,117.3,33.8,0.0,28.0,458.3,38.8
2024-11-14 20:30:00,52.0,299.7,233.2,43.4,0.0,34.6,274.2,30.6
2024-11-14 20:45:00,155.9,215.0,98.8,43.4,0.0,34.6,21.3,153.5
2024-11-14 21:00:00,320.6,178.8,107.2,43.4,0.0,34.6,152.5,352.5
2024-11-14 21:15:00,311.7,231.9,144.9,52.4,0.0,34.6,459.2,207.5
2024-11-14 21:30:00,301.1,288.4,205.9,52.4,0.0,32.2,584.8,321.7
2024-11-14 21:45:00,404.4,369.7,186.9,864.7,6.4,26.4,672.7,354.4
2024-11-14 22:00:00,761.8,878.0,2329.0,6693.7,25.7,45.0,526.9,442.5
2024-11-14 22:15:00,786.2,1267.2,2459.6,6690.3,25.7,47.6,462.1,499.3
2024-11-14 22:30:00,719.1,1478.0,2407.8,6868.7,25.7,47.6,253.3,421.4
2024-11-14 22:45:00,608.1,1625.1,2732.4,6960.3,25.7,47.6,300.6,468.9
2024-11-14 23:00:00,623.5,1476.5,2591.6,6309.8,25.7,47.6,153.1,424.1
2024-11-14 23:15:00,564.0,1296.8,2435.3,5305.4,25.7,47.6,153.1,348.8
2024-11-14 23:30:00,395.7,1376.9,2598.5,4527.7,15.7,47.6,3.2,380.3
2024-11-14 23:45:00,277.3,576.2,1406.6,3020.3,1.9,30.3,88.8,294.1
2024-11-15 00:00:00,520.8,1876.4,2885.4,5650.3,6.4,47.6,307.5,613.1
2024-11-15 00:15:00,511.6,1979.0,2896.0,6615.4,6.4,45.4,609.9,691.5
2024-11-15 00:30:00,461.8,1959.6,2772.2,6387.0,6.4,45.1,649.3,733.7
2024-11-15 00:45:00,430.6,1761.7,2525.1,6993.9,6.4,47.5,602.4,643.8
2024-11-15 01:00:00,374.2,1702.9,2388.5,7116.7,6.4,45.2,587.0,465.4
2024-11-15 01:15:00,557.0,1538.1,2227.4,6718.9,6.4,45.2,368.5,490.7
2024-11-15 01:30:00,636.4,1295.3,1910.1,5689.3,6.4,45.2,449.5,606.6
2024-11-15 01:45:00,581.8,1120.1,1383.2,4073.0,6.4,44.0,449.9,767.2
2024-11-15 02:00:00,442.9,964.8,824.1,3021.9,6.4,32.8,733.6,738.1
2024-11-15 02:15:00,449.0,843.5,450.4,1994.0,6.4,29.0,498.9,554.1
2024-11-15 02:30:00,302.0,608.3,210.1,1108.4,6.4,26.6,614.8,386.4
2024-11-15 02:45:00,326.2,457.2,129.9,582.6,6.4,22.1,758.8,321.2
2024-11-15 03:00:00,367.0,368.2,29.1,218.9,6.4,22.1,702.6,334.3
2024-11-15 03:15:00,326.9,337.3,0.0,47.0,6.4,22.1,796.4,324.8
2024-11-15 03:30:00,284.4,365.8,32.8,1.2,6.4,22.1,616.6,357.5
2024-11-15 03:45:00,199.1,278.4,32.8,27.6,6.4,22.1,761.5,221.2
2024-11-15 04:00:00,165.4,354.0,61.4,0.0,0.6,22.1,677.5,179.6
2024-11-15 04:15:00,141.9,380.1,61.4,0.0,0.0,22.1,764.2,201.1
2024-11-15 04:30:00,143.7,496.5,81.3,0.0,0.0,17.2,693.4,253.0
2024-11-15 04:45:00,218.5,394.4,120.9,0.0,0.0,16.4,764.4,267.2
2024-11-15 05:00:00,388.9,372.4,167.1,0.0,0.0,11.8,750.3,228.7
2024-11-15 05:15:00,400.8,335.5,130.5,0.0,0.0,9.8,617.1,145.8
2024-11-15 05:30:00,345.8,274.2,99.4,0.0,0.0,8.6,818.9,107.3
2024-11-15 05:45:00,301.8,153.2,122.3,0.0,0.0,6.8,803.4,94.3
2024-11-15 06:00:00,237.0,181.1,96.4,0.0,0.0,0.9,753.8,109.3
2024-11-15 06:15:00,214.6,151.9,75.6,0.0,0.0,0.0,767.7,125.3
2024-11-15 06:30:00,111.1,183.4,30.5,0.0,0.0,0.0,468.5,85.0
2024-11-15 06:45:00,92.2,293.3,0.0,0.0,0.0,0.0,243.4,68.9
2024-11-15 07:00:00,171.7,410.0,0.0,0.0,0.0,0.0,158.3,94.0
2024-11-15 07:15:00,185.7,378.9,0.0,0.0,0.0,0.0,153.0,143.7
2024-11-15 07:30:00,185.7,355.6,0.0,0.0,0.0,0.0,297.3,121.9
2024-11-15 07:45:00,104.4,296.6,0.0,0.0,0.0,0.0,152.5,78.6
2024-11-15 08:00:00,15.5,203.9,0.0,0.0,0.0,0.0,306.8,8.4
2024-11-15 08:15:00,0.0,187.3,0.0,0.0,0.0,2.6,343.5,0.0
2024-11-15 08:30:00,0.0,148.4,0.0,0.0,0.0,2.6,599.0,56.7
2024-11-15 08:45:00,121.1,198.4,0.0,0.0,0.0,9.5,406.4,56.7
2024-11-15 09:00:00,91.5,285.0,0.0,0.0,0.0,9.5,458.3,73.9
2024-11-15 09:15:00,36.6,380.7,0.0,0.0,0.0,9.5,220.3,29.4
2024-11-15 09:30:00,25.2,309.4,0.0,0.0,0.0,9.5,243.6,0.0
2024-11-15 09:45:00,151.9,175.5,0.0,0.0,0.0,9.5,304.2,29.1
2024-11-15 10:00:00,178.1,271.3,22.2,0.0,0.0,7.1,611.8,29.1
2024-11-15 10:15:00,275.3,221.8,22.2,0.0,0.0,9.9,670.6,18.9
2024-11-15 10:30:00,266.7,272.4,18.9,0.0,2.2,9.9,744.4,0.0
2024-11-15 10:45:00,135.9,245.0,36.9,0.0,2.2,9.9,748.8,0.0
2024-11-15 11:00:00,144.0,352.4,60.0,0.0,5.5,9.9,776.0,0.0
2024-11-15 11:15:00,191.6,484.5,163.9,0.0,4.8,9.9,813.5,0.0
2024-11-15 11:30:00,232.9,807.3,104.2,0.0,2.2,9.9,791.4,22.3
2024-11-15 11:45:00,241.7,954.4,135.7,0.0,2.2,9.9,805.5,22.3
2024-11-15 12:00:00,269.2,921.7,238.7,0.0,2.2,16.9,781.2,56.7
2024-11-15 12:15:00,327.1,1098.8,229.7,0.0,2.2,16.9,733.8,40.3
2024-11-15 12:30:00,234.9,808.1,215.3,0.0,2.2,23.9,837.6,16.8
2024-11-15 12:45:00,243.8,544.8,153.7,0.0,2.2,23.9,665.9,87.4
2024-11-15 13:00:00,244.9,427.1,83.9,73.4,2.2,23.9,648.1,140.5
2024-11-15 13:15:00,153.7,401.3,66.0,144.9,2.2,23.9,754.2,207.0
2024-11-15 13:30:00,178.4,588.3,34.8,144.9,2.2,23.9,641.2,170.8
2024-11-15 13:45:00,124.3,609.0,24.0,89.6,2.2,23.9,609.8,171.8
2024-11-15 14:00:00,176.3,522.9,8.0,0.0,2.2,20.5,692.4,142.9
2024-11-15 14:15:00,234.7,541.3,116.3,0.0,2.2,11.3,710.0,202.3
2024-11-15 14:30:00,153.5,665.8,116.3,0.0,2.2,9.9,819.3,144.8
2024-11-15 14:45:00,365.6,640.5,203.1,0.0,2.2,9.9,713.2,91.2
2024-11-15 15:00:00,356.9,629.4,254.3,0.0,2.2,9.9,749.3,146.4
2024-11-15 15:15:00,318.5,628.2,234.5,0.0,2.2,9.9,519.6,221.1
2024-11-15 15:30:00,414.5,526.3,176.1,0.0,2.2,9.9,308.7,257.1
2024-11-15 15:45:00,463.8,568.1,126.5,0.0,2.2,9.9,257.3,142.9
2024-11-15 16:00:00,366.3,688.6,60.2,0.0,2.2,9.9,151.5,224.1
2024-11-15 16:15:00,294.8,639.4,107.7,0.0,2.2,9.9,360.7,147.2
2024-11-15 16:30:00,389.0,594.8,112.6,0.0,2.2,9.9,601.7,147.1
2024-11-15 16:45:00,382.2,544.1,162.4,0.0,2.2,17.0,371.3,104.9
2024-11-15 17:00:00,249.7,543.9,114.1,0.0,2.2,19.8,152.5,149.3
2024-11-15 17:15:00,69.4,417.0,154.2,0.0,2.2,19.8,305.4,118.8
2024-11-15 17:30:00,67.6,239.3,157.7,0.0,2.2,23.1,235.4,46.7
2024-11-15 17:45:00,29.0,352.3,87.2,0.0,2.2,29.9,385.4,11.6
2024-11-15 18:00:00,184.0,314.8,50.3,0.0,2.2,34.5,605.6,11.6
2024-11-15 18:15:00,139.4,234.3,40.8,0.0,2.2,40.8,498.0,37.2
2024-11-15 18:30:00,129.6,269.9,60.8,0.0,2.2,44.7,367.9,9.6
2024-11-15 18:45:00,51.7,206.7,104.2,0.0,2.2,48.4,151.8,66.2
2024-11-15 19:00:00,61.7,231.0,159.9,0.0,2.2,48.4,360.0,25.0
2024-11-15 19:15:00,53.7,156.1,192.2,0.0,8.3,45.0,458.4,25.6
2024-11-15 19:30:00,137.9,145.8,126.5,0.0,9.1,40.4,382.7,73.1
2024-11-15 19:45:00,126.3,196.8,161.3,0.0,8.3,45.8,302.8,73.1
2024-11-15 20:00:00,35.7,372.1,129.2,0.0,8.3,46.2,318.3,38.9
2024-11-15 20:15:00,25.2,414.8,121.9,0.0,8.3,41.3,430.0,0.0
2024-11-15 20:30:00,66.8,256.6,211.2,0.0,8.3,43.1,601.5,0.0
2024-11-15 20:45:00,135.9,292.3,111.8,0.0,8.3,42.2,421.1,23.3
2024-11-15 21:00:00,179.1,401.8,170.2,49.3,8.3,39.6,319.9,164.1
2024-11-15 21:15:00,167.2,371.9,224.2,81.2,8.3,39.6,456.9,180.1
2024-11-15 21:30:00,264.2,321.3,154.5,83.6,8.3,36.4,593.5,134.3
2024-11-15 21:45:00,212.0,367.4,67.5,358.2,8.3,38.4,572.4,257.9
2024-11-15 22:00:00,616.3,912.9,2274.2,7098.1,30.4,71.2,579.1,524.0
2024-11-15 22:15:00,794.1,1116.4,2457.0,7317.8,30.4,80.2,744.8,619.2
2024-11-15 22:30:00,769.0,1166.4,2375.5,7302.4,30.4,69.3,877.8,697.9
2024-11-15 22:45:00,735.7,1281.3,2908.4,7243.9,30.4,66.2,745.4,648.9
2024-11-15 23:00:00,512.9,1217.4,2594.5,6929.7,30.4,62.0,582.5,447.4
2024-11-15 23:15:00,496.6,948.4,2550.8,6118.8,35.5,63.1,712.4,385.9
2024-11-15 23:30:00,619.7,1098.4,2682.1,4611.5,35.5,61.7,788.7,420.1
2024-11-15 23:45:00,308.4,722.1,1587.4,2394.5,17.6,40.9,428.2,225.7
2024-11-16 00:00:00,484.8,1491.5,2720.7,5345.6,35.5,61.7,707.0,862.1
2024-11-16 00:15:00,363.7,1774.2,2657.7,5899.4,30.7,61.4,615.8,940.1
2024-11-16 00:30:00,200.7,1683.5,2539.3,5917.9,26.5,58.5,408.7,1061.8
2024-11-16 00:45:00,296.6,1718.7,2419.2,5864.1,26.5,56.3,599.3,986.3
2024-11-16 01:00:00,253.2,1514.4,2182.0,6507.9,26.5,50.4,755.3,816.2
2024-11-16 01:15:00,327.7,1399.4,1956.7,6038.2,26.5,49.3,863.9,616.7
2024-11-16 01:30:00,243.6,1643.6,1553.5,5072.9,26.5,47.4,673.5,734.1
2024-11-16 01:45:00,225.8,1366.2,1171.2,3797.6,26.5,46.8,556.5,746.3
2024-11-16 02:00:00,254.0,1124.6,971.6,2568.7,26.5,46.8,615.0,715.5
2024-11-16 02:15:00,188.5,741.2,554.8,1879.6,26.5,39.2,844.1,614.9
2024-11-16 02:30:00,78.5,608.0,255.2,1140.5,26.5,33.3,739.3,523.0
2024-11-16 02:45:00,73.8,497.0,231.5,697.7,26.5,33.3,674.4,519.5
2024-11-16 03:00:00,201.2,532.3,195.3,122.8,25.3,33.3,585.7,454.3
2024-11-16 03:15:00,336.6,502.5,155.8,48.7,20.4,33.3,384.4,478.3
2024-11-16 03:30:00,327.4,405.3,131.4,30.2,20.4,30.5,286.6,695.5
2024-11-16 03:45:00,532.5,350.9,74.5,0.0,20.4,18.0,458.9,630.1
2024-11-16 04:00:00,425.7,398.5,42.1,0.0,20.9,9.7,540.5,417.8
2024-11-16 04:15:00,366.4,329.3,13.7,0.0,20.4,6.4,728.7,404.0
2024-11-16 04:30:00,347.2,251.5,0.0,0.0,15.8,6.4,559.1,267.3
2024-11-16 04:45:00,371.6,412.3,0.0,0.0,14.4,6.4,380.9,190.7
2024-11-16 05:00:00,298.2,511.5,46.2,0.0,14.4,6.4,404.3,157.1
2024-11-16 05:15:00,388.6,396.7,173.3,0.0,14.4,6.3,612.4,222.0
2024-11-16 05:30:00,337.4,437.2,291.6,0.0,14.4,3.0,711.4,186.6
2024-11-16 05:45:00,300.2,374.1,216.1,0.0,6.6,3.0,498.1,186.4
2024-11-16 06:00:00,203.7,378.9,173.8,0.0,5.2,3.0,250.4,75.6
2024-11-16 06:15:00,210.9,393.2,109.6,0.0,5.2,3.0,109.4,37.6
2024-11-16 06:30:00,175.4,418.9,42.8,0.0,5.2,3.0,0.0,37.6
2024-11-16 06:45:00,201.9,441.6,115.5,0.0,5.2,3.8,151.6,66.3
2024-11-16 07:00:00,114.5,351.8,127.2,0.0,5.2,3.0,452.0,59.6
2024-11-16 07:15:00,169.1,422.8,36.8,0.0,5.2,6.4,591.8,44.2
2024-11-16 07:30:00,77.1,328.9,17.4,0.0,5.2,6.4,653.5,74.8
2024-11-16 07:45:00,18.2,325.6,0.0,0.0,5.2,6.4,423.2,72.0
2024-11-16 08:00:00,0.0,215.5,0.0,0.0,5.2,6.4,437.7,53.8
2024-11-16 08:15:00,45.6,98.9,0.0,0.0,5.2,6.4,312.0,0.0
2024-11-16 08:30:00,55.2,262.2,0.0,0.0,5.2,6.4,613.4,17.1
2024-11-16 08:45:00,37.2,266.3,7.2,0.0,24.0,6.4,671.5,17.1
2024-11-16 09:00:00,0.0,295.1,0.0,0.0,23.7,6.4,540.1,17.1
2024-11-16 09:15:00,22.4,184.1,0.0,0.0,1.9,12.6,458.9,82.1
2024-11-16 09:30:00,22.4,79.4,0.0,0.0,0.0,16.6,612.2,88.1
2024-11-16 09:45:00,6.0,44.4,84.9,0.0,0.0,16.6,472.8,53.7
2024-11-16 10:00:00,0.0,127.5,40.7,0.0,0.0,18.1,647.8,19.9
2024-11-16 10:15:00,0.0,206.2,26.2,0.0,0.0,16.7,698.2,7.4
2024-11-16 10:30:00,0.0,92.7,26.2,0.0,0.0,10.2,922.2,0.0
2024-11-16 10:45:00,0.0,169.1,4.4,0.0,0.0,9.9,747.0,126.0
2024-11-16 11:00:00,171.8,463.5,0.0,0.0,18.1,16.9,801.9,108.2
2024-11-16 11:15:00,97.6,545.7,56.2,0.0,18.1,16.9,648.9,81.1
2024-11-16 11:30:00,143.2,520.9,100.9,0.0,18.1,20.2,783.2,185.1
2024-11-16 11:45:00,177.4,386.4,114.9,0.0,18.1,31.3,709.4,190.2
2024-11-16 12:00:00,283.4,345.1,165.2,0.0,18.1,29.9,774.6,150.7
2024-11-16 12:15:00,117.8,396.2,119.9,0.0,18.1,25.9,652.5,65.4
2024-11-16 12:30:00,103.4,465.7,106.6,134.5,7.5,23.2,769.6,24.3
2024-11-16 12:45:00,51.2,428.0,108.7,134.5,6.3,23.2,817.9,62.2
2024-11-16 13:00:00,172.1,529.0,125.0,134.5,6.3,23.2,754.7,62.2
2024-11-16 13:15:00,188.7,474.2,175.8,134.5,6.3,21.9,827.3,75.8
2024-11-16 13:30:00,122.4,424.9,214.7,63.3,6.3,19.9,708.0,25.8
2024-11-16 13:45:00,36.4,393.3,160.3,0.0,6.3,26.6,811.9,70.9
2024-11-16 14:00:00,166.7,408.2,31.4,0.0,6.3,30.1,724.1,70.9
2024-11-16 14:15:00,198.9,414.1,27.9,0.0,6.3,26.0,810.1,88.6
2024-11-16 14:30:00,278.1,601.0,43.4,0.0,6.3,23.2,658.4,128.0
2024-11-16 14:45:00,435.5,594.7,42.6,0.0,6.3,21.9,799.5,120.4
2024-11-16 15:00:00,492.9,464.0,120.6,0.0,6.3,19.8,798.3,84.9
2024-11-16 15:15:00,418.1,423.4,131.6,0.0,6.3,26.6,780.3,200.4
2024-11-16 15:30:00,401.4,328.3,255.2,0.0,6.3,26.6,831.5,209.8
2024-11-16 15:45:00,406.8,685.3,335.2,0.0,6.3,24.3,694.4,177.1
2024-11-16 16:00:00,314.4,558.6,330.2,0.0,6.3,25.4,835.7,179.9
2024-11-16 16:15:00,206.2,770.7,376.3,0.0,6.3,18.7,826.6,135.1
2024-11-16 16:30:00,279.2,644.8,379.9,0.0,6.3,16.8,824.0,107.2
2024-11-16 16:45:00,264.1,542.4,304.3,0.0,8.6,24.6,824.7,106.0
2024-11-16 17:00:00,438.7,560.5,280.9,0.0,8.6,24.6,424.6,148.1
2024-11-16 17:15:00,417.0,298.2,101.1,0.0,8.6,27.8,607.2,144.4
2024-11-16 17:30:00,264.7,239.6,96.7,0.0,8.6,29.8,471.8,98.1
2024-11-16 17:45:00,158.8,225.7,48.6,0.0,8.6,26.4,745.7,99.3
2024-11-16 18:00:00,87.6,225.1,31.6,0.0,8.6,30.7,574.0,48.2
2024-11-16 18:15:00,34.1,121.6,56.3,0.0,3.4,38.0,441.9,39.8
2024-11-16 18:30:00,115.7,166.2,66.0,0.0,2.4,38.0,139.4,191.2
2024-11-16 18:45:00,54.1,275.6,66.0,0.0,2.4,38.0,299.6,210.7
2024-11-16 19:00:00,46.9,297.3,66.0,0.0,2.3,37.6,450.1,136.9
2024-11-16 19:15:00,17.2,258.7,52.2,0.0,5.0,37.1,487.6,123.2
2024-11-16 19:30:00,17.2,155.3,3.9,0.0,5.0,40.9,336.8,78.2
2024-11-16 19:45:00,104.8,102.2,0.0,0.0,5.0,39.2,569.1,58.5
2024-11-16 20:00:00,68.0,82.8,0.0,0.0,5.0,44.4,576.2,29.3
2024-11-16 20:15:00,62.8,103.1,0.0,0.0,5.0,42.1,690.0,55.8
2024-11-16 20:30:00,100.4,199.7,93.6,0.0,5.0,40.8,613.8,44.4
2024-11-16 20:45:00,109.5,152.6,75.5,0.0,5.0,47.7,762.1,15.6
2024-11-16 21:00:00,147.2,220.7,140.5,0.0,5.0,50.6,768.9,122.5
2024-11-16 21:15:00,148.6,216.8,126.3,29.7,5.0,48.2,774.5,208.9
2024-11-16 21:30:00,148.6,167.4,89.5,29.1,5.0,41.6,786.5,156.5
2024-11-16 21:45:00,221.5,305.7,71.9,408.5,5.0,43.8,521.4,79.3
2024-11-16 22:00:00,405.6,944.7,2318.9,5298.7,23.6,53.4,672.4,391.8
2024-11-16 22:15:00,698.7,1336.6,2378.8,5579.2,23.6,53.7,800.2,422.1
2024-11-16 22:30:00,860.2,1466.7,2314.8,5538.8,23.6,51.4,627.8,405.1
2024-11-16 22:45:00,906.3,1338.4,3037.7,5452.4,23.6,51.4,508.6,316.9
2024-11-16 23:00:00,782.0,1142.8,2731.3,5568.1,23.6,48.4,552.0,444.0
2024-11-16 23:15:00,498.1,1069.9,2348.9,4881.1,23.6,44.4,768.7,404.0
2024-11-16 23:30:00,235.6,1211.6,2579.0,3695.8,23.3,47.5,689.4,409.4
2024-11-16 23:45:00,146.6,690.2,1449.8,2319.9,3.0,19.9,178.8,287.8
2024-11-17 00:00:00,469.5,1477.2,2478.4,5087.6,10.4,44.2,748.8,657.1
2024-11-17 00:15:00,550.5,1509.8,2317.0,5238.0,10.4,38.1,651.3,501.9
2024-11-17 00:30:00,426.2,1514.3,2334.1,5679.8,17.4,37.7,843.0,534.9
2024-11-17 00:45:00,545.3,1398.7,2245.4,5924.6,17.4,37.7,650.4,551.6
2024-11-17 01:00:00,532.3,1259.6,2037.3,6178.6,17.4,37.7,616.2,581.1
2024-11-17 01:15:00,396.6,1207.0,1783.1,5813.9,17.4,37.1,703.1,664.9
2024-11-17 01:30:00,426.6,996.3,1136.8,4663.1,17.4,36.5,806.6,604.8
2024-11-17 01:45:00,360.0,896.8,826.8,3129.1,17.4,36.5,581.0,531.8
2024-11-17 02:00:00,234.6,729.6,384.7,2281.1,13.2,36.5,633.8,309.3
2024-11-17 02:15:00,232.6,633.2,198.8,1620.0,12.4,35.0,517.3,246.6
2024-11-17 02:30:00,213.9,642.1,224.2,996.2,12.4,33.5,759.9,345.5
2024-11-17 02:45:00,200.0,488.5,200.7,407.1,12.4,33.5,410.9,319.2
2024-11-17 03:00:00,182.4,394.4,164.0,205.8,12.4,33.5,182.2,273.7
2024-11-17 03:15:00,154.8,447.1,149.4,161.8,8.4,29.6,340.9,393.3
2024-11-17 03:30:00,214.1,420.9,126.8,76.0,6.9,26.6,553.4,488.4
2024-11-17 03:45:00,291.2,413.2,113.1,67.1,6.9,25.4,763.4,513.5
2024-11-17 04:00:00,272.8,358.8,120.9,67.1,6.9,19.8,807.7,512.1
2024-11-17 04:15:00,298.8,362.4,71.0,67.1,6.9,19.8,659.1,567.7
2024-11-17 04:30:00,240.1,348.2,45.8,67.1,6.9,13.8,569.9,733.9
2024-11-17 04:45:00,241.0,460.5,86.2,67.1,6.9,13.0,606.2,604.7
2024-11-17 05:00:00,213.0,513.0,117.4,46.1,6.9,9.9,600.4,513.0
2024-11-17 05:15:00,193.7,503.4,70.4,0.0,6.9,9.8,696.8,379.7
2024-11-17 05:30:00,335.4,465.4,41.1,0.0,6.9,9.8,557.5,341.7
2024-11-17 05:45:00,285.7,340.4,33.8,0.0,1.3,9.8,548.8,297.5
2024-11-17 06:00:00,177.0,308.5,25.9,0.0,0.0,9.8,294.5,283.9
2024-11-17 06:15:00,188.9,183.5,25.9,0.0,0.0,9.8,122.2,176.4
2024-11-17 06:30:00,161.7,191.5,52.9,0.0,0.0,9.1,151.9,147.8
2024-11-17 06:45:00,23.9,249.5,49.3,0.0,0.0,7.1,151.9,67.6
2024-11-17 07:00:00,0.0,325.5,34.0,0.0,0.0,7.1,144.5,77.3
2024-11-17 07:15:00,39.3,276.4,9.2,0.0,0.0,5.8,0.0,69.3
2024-11-17 07:30:00,79.7,312.2,0.0,0.0,0.0,0.0,0.0,16.6
2024-11-17 07:45:00,39.3,318.6,0.0,0.0,0.0,0.0,0.0,16.4
2024-11-17 08:00:00,63.5,353.3,0.0,0.0,0.0,6.8,0.0,16.4
2024-11-17 08:15:00,38.5,451.9,63.2,0.0,0.0,6.8,154.1,4.6
2024-11-17 08:30:00,15.1,381.6,46.4,0.0,0.0,6.8,307.1,0.0
2024-11-17 08:45:00,48.3,351.6,0.0,0.0,0.0,6.8,613.9,0.0
2024-11-17 09:00:00,42.2,454.3,0.0,0.0,0.0,6.8,811.9,0.0
2024-11-17 09:15:00,52.8,583.6,31.8,0.0,0.0,23.8,774.1,19.6
2024-11-17 09:30:00,44.0,399.4,31.8,0.0,0.0,26.8,811.4,1.6
2024-11-17 09:45:00,38.1,291.1,31.8,0.0,0.0,26.4,651.4,0.0
2024-11-17 10:00:00,0.0,309.5,3.8,0.0,0.0,23.8,664.9,0.0
2024-11-17 10:15:00,82.0,228.3,0.0,0.0,0.0,23.8,548.5,0.0
2024-11-17 10:30:00,272.6,84.8,0.0,0.0,0.0,23.8,501.7,0.0
2024-11-17 10:45:00,297.2,134.5,0.0,0.0,0.0,23.8,516.9,0.0
2024-11-17 11:00:00,217.5,199.3,0.0,0.0,0.0,31.0,462.8,174.1
2024-11-17 11:15:00,205.5,519.8,0.0,0.0,0.0,29.9,672.4,251.9
2024-11-17 11:30:00,182.1,552.9,48.9,0.0,0.0,23.6,825.9,192.4
2024-11-17 11:45:00,212.4,534.8,24.3,0.0,0.0,20.1,994.5,106.9
2024-11-17 12:00:00,388.3,557.9,0.0,0.0,0.0,20.0,707.8,44.1
2024-11-17 12:15:00,259.6,353.4,81.0,0.0,0.0,17.6,712.1,13.7
2024-11-17 12:30:00,152.3,277.6,76.9,0.0,0.0,16.6,699.3,41.4
2024-11-17 12:45:00,194.6,342.0,45.2,0.0,0.0,16.0,899.7,63.6
2024-11-17 13:00:00,213.5,491.9,104.9,72.6,0.0,9.9,792.5,146.0
2024-11-17 13:15:00,291.3,632.1,29.6,72.6,0.0,1.3,793.3,162.7
2024-11-17 13:30:00,295.5,615.4,0.0,145.3,0.0,0.0,772.7,94.8
2024-11-17 13:45:00,565.2,465.1,39.2,145.3,0.0,0.0,769.7,39.6
2024-11-17 14:00:00,429.0,473.9,39.2,138.1,3.0,0.0,736.3,26.7
2024-11-17 14:15:00,274.3,439.1,39.2,72.8,3.0,0.0,749.9,58.7
2024-11-17 14:30:00,241.8,474.0,39.2,9.4,3.0,13.8,818.1,113.2
2024-11-17 14:45:00,216.0,305.9,26.9,0.0,3.0,20.2,977.1,147.6
2024-11-17 15:00:00,406.5,297.9,11.4,0.0,20.9,22.2,636.6,109.8
2024-11-17 15:15:00,334.3,366.5,117.4,0.0,8.2,22.2,811.9,132.8
2024-11-17 15:30:00,257.3,620.5,188.0,0.0,20.9,25.6,681.2,95.5
2024-11-17 15:45:00,295.0,651.3,203.5,0.0,20.9,25.6,813.9,112.8
2024-11-17 16:00:00,327.9,696.1,144.0,0.0,20.9,23.6,677.7,197.0
2024-11-17 16:15:00,403.1,706.4,82.5,0.0,19.4,30.3,765.7,310.3
2024-11-17 16:30:00,559.1,423.9,1.8,0.0,3.0,35.9,702.5,299.6
2024-11-17 16:45:00,527.9,350.8,31.5,0.0,3.0,33.0,686.4,181.7
2024-11-17 17:00:00,477.5,324.7,180.3,0.0,3.0,39.2,816.8,121.8
2024-11-17 17:15:00,438.1,324.1,188.6,0.0,3.0,49.8,957.8,49.8
2024-11-17 17:30:00,459.0,440.6,105.2,0.0,3.0,49.8,837.8,24.8
2024-11-17 17:45:00,293.5,207.0,41.7,0.0,3.0,52.6,853.2,44.5
2024-11-17 18:00:00,198.2,308.0,2.8,0.0,3.0,50.2,732.5,38.5
2024-11-17 18:15:00,143.8,297.3,0.0,0.0,3.0,50.2,713.9,73.3
2024-11-17 18:30:00,118.0,226.9,37.6,0.0,3.0,47.1,507.7,27.2
2024-11-17 18:45:00,118.0,311.4,3.2,0.0,3.0,43.3,407.1,0.0
2024-11-17 19:00:00,191.5,296.3,35.2,0.0,3.0,43.3,608.9,0.0
2024-11-17 19:15:00,104.0,170.5,35.2,0.0,3.0,43.3,706.0,30.2
2024-11-17 19:30:00,38.8,156.3,18.2,0.0,1.0,41.1,441.4,30.2
2024-11-17 19:45:00,103.6,102.4,12.1,0.0,0.0,35.1,160.9,30.2
2024-11-17 20:00:00,101.0,203.2,65.1,0.0,0.0,29.5,189.6,63.1
2024-11-17 20:15:00,75.4,179.2,82.6,0.0,0.0,22.5,307.3,51.0
2024-11-17 20:30:00,5.0,126.1,32.7,0.0,0.0,22.1,427.6,36.9
2024-11-17 20:45:00,87.2,174.4,114.4,0.0,0.0,22.1,268.2,28.3
2024-11-17 21:00:00,133.5,330.3,176.7,71.9,0.0,22.1,38.0,96.7
2024-11-17 21:15:00,100.5,364.0,344.4,71.9,0.0,22.1,302.4,132.3
2024-11-17 21:30:00,183.0,425.2,216.3,157.1,0.0,22.1,432.4,69.6
2024-11-17 21:45:00,285.7,428.1,244.6,816.8,0.0,22.1,587.6,142.9
2024-11-17 22:00:00,1097.4,934.2,2133.1,5547.6,11.4,65.4,586.6,380.0
2024-11-17 22:15:00,1559.6,1364.8,2322.8,5884.8,16.7,79.2,565.5,382.5
2024-11-17 22:30:00,1227.8,1544.2,2551.2,5862.5,16.7,79.2,596.7,521.5
2024-11-17 22:45:00,1013.6,1509.2,2613.3,5876.4,16.7,82.5,602.8,567.8
2024-11-17 23:00:00,839.2,1489.8,2620.7,5775.7,32.7,82.0,732.9,734.2
2024-11-17 23:15:00,609.7,1344.3,2637.4,5664.6,32.7,71.2,739.7,888.9
2024-11-17 23:30:00,599.8,1244.1,2720.3,5343.0,32.7,69.8,581.7,751.3
2024-11-17 23:45:00,353.8,823.9,1611.9,3056.1,18.9,40.5,341.6,335.6
2024-11-18 00:00:00,539.7,1785.3,2599.9,4568.7,31.3,62.9,595.8,820.5
2024-11-18 00:15:00,646.3,1862.2,2599.1,4785.0,22.0,62.9,597.8,775.6
2024-11-18 00:30:00,587.4,1446.6,2539.5,5958.1,22.0,62.9,538.0,641.6
2024-11-18 00:45:00,474.0,1408.8,2237.8,6319.6,22.0,62.9,565.9,759.6
2024-11-18 01:00:00,275.5,1377.2,2130.9,5804.2,22.0,57.8,740.0,644.2
2024-11-18 01:15:00,189.7,1259.1,1755.3,5314.4,21.5,52.5,655.8,820.3
2024-11-18 01:30:00,243.2,1074.5,1326.3,4672.1,16.7,51.2,644.9,706.3
2024-11-18 01:45:00,157.7,1007.2,1033.4,3774.2,16.7,51.2,748.1,703.1
2024-11-18 02:00:00,179.3,880.9,707.3,3343.7,16.7,50.5,858.0,766.0
2024-11-18 02:15:00,191.7,809.7,343.1,1912.2,16.7,44.2,836.3,801.2
2024-11-18 02:30:00,269.2,550.3,164.5,963.1,13.4,37.7,921.3,728.7
2024-11-18 02:45:00,211.6,420.1,140.7,289.5,10.7,37.5,759.6,702.6
2024-11-18 03:00:00,191.4,350.8,93.9,93.5,6.3,37.5,566.0,666.5
2024-11-18 03:15:00,229.2,274.4,40.4,139.5,6.3,30.8,395.5,505.9
2024-11-18 03:30:00,204.7,268.9,37.4,139.5,6.3,30.7,373.5,357.9
2024-11-18 03:45:00,205.1,323.7,9.6,97.3,6.3,30.7,473.4,225.5
2024-11-18 04:00:00,234.2,258.6,31.6,70.5,6.3,27.5,467.1,210.3
2024-11-18 04:15:00,163.6,215.2,78.2,13.7,4.9,23.9,612.8,189.0
2024-11-18 04:30:00,182.7,312.0,107.1,0.0,0.0,22.0,622.0,193.1
2024-11-18 04:45:00,101.4,315.1,131.2,0.0,0.0,10.3,784.6,147.1
2024-11-18 05:00:00,104.8,251.5,114.8,0.0,0.0,9.6,687.8,152.6
2024-11-18 05:15:00,206.5,224.1,62.8,0.0,0.0,9.6,739.9,192.8
2024-11-18 05:30:00,273.3,170.0,16.4,0.0,0.0,9.6,568.5,141.2
2024-11-18 05:45:00,238.0,142.0,20.1,0.0,0.0,13.0,736.9,22.8
2024-11-18 06:00:00,128.2,77.1,50.8,0.0,0.0,7.7,694.9,0.0
2024-11-18 06:15:00,39.9,128.7,34.4,0.0,0.0,0.4,916.9,0.0
2024-11-18 06:30:00,70.7,281.5,29.0,0.0,0.0,1.1,637.3,18.1
2024-11-18 06:45:00,103.1,289.6,30.0,0.0,0.0,8.1,585.6,18.1
2024-11-18 07:00:00,88.1,317.1,30.0,0.0,0.0,8.1,616.4,61.0
2024-11-18 07:15:00,49.7,302.8,27.2,0.0,0.0,8.1,631.6,54.3
2024-11-18 07:30:00,31.2,289.6,58.4,0.0,0.0,7.2,460.0,29.6
2024-11-18 07:45:00,0.0,264.5,49.7,0.0,6.2,9.4,472.1,44.0
2024-11-18 08:00:00,0.0,307.8,33.7,0.0,6.2,6.5,458.3,41.8
2024-11-18 08:15:00,70.3,404.7,33.7,0.0,6.2,8.5,597.3,0.0
2024-11-18 08:30:00,70.3,286.1,7.0,0.0,6.2,5.7,689.7,87.2
2024-11-18 08:45:00,91.0,278.1,0.0,0.0,6.2,6.5,636.6,0.0
2024-11-18 09:00:00,67.5,207.9,0.0,0.0,6.2,4.0,505.2,0.0
2024-11-18 09:15:00,67.5,138.4,0.0,0.0,6.2,10.1,401.5,0.0
2024-11-18 09:30:00,9.0,155.7,0.0,72.8,6.2,10.1,459.5,29.2
2024-11-18 09:45:00,0.0,377.1,0.0,72.8,6.2,10.1,427.3,10.0
2024-11-18 10:00:00,0.0,257.2,0.0,72.8,6.2,13.1,413.7,0.0
2024-11-18 10:15:00,0.0,103.7,28.0,72.8,6.2,10.6,466.7,0.0
2024-11-18 10:30:00,66.1,68.0,66.8,108.5,6.2,14.0,469.7,0.0
2024-11-18 10:45:00,66.1,295.9,54.9,67.2,6.2,14.0,435.3,0.0
2024-11-18 11:00:00,345.3,522.1,54.3,67.2,6.2,14.0,436.8,49.4
2024-11-18 11:15:00,393.9,653.9,147.0,67.2,6.2,14.0,446.2,127.7
2024-11-18 11:30:00,462.6,819.5,105.3,67.2,6.2,14.0,455.3,166.2
2024-11-18 11:45:00,419.5,827.0,106.3,2.2,6.2,14.0,462.1,186.4
2024-11-18 12:00:00,419.6,551.7,38.3,0.0,6.2,21.1,603.0,209.6
2024-11-18 12:15:00,448.2,607.4,89.9,0.0,6.2,19.4,623.9,161.2
2024-11-18 12:30:00,322.5,586.9,20.1,0.0,6.2,19.4,691.8,118.9
2024-11-18 12:45:00,159.9,526.7,45.2,0.0,6.2,19.4,768.3,97.8
2024-11-18 13:00:00,170.6,587.1,45.2,146.5,6.2,19.4,896.8,103.9
2024-11-18 13:15:00,187.2,535.9,45.2,146.5,6.2,19.4,743.1,102.5
2024-11-18 13:30:00,268.4,587.3,108.0,146.5,6.2,19.4,625.4,121.9
2024-11-18 13:45:00,294.1,474.6,120.2,143.2,6.2,16.9,449.1,78.0
2024-11-18 14:00:00,423.5,494.2,49.9,12.1,6.2,14.8,613.9,96.1
2024-11-18 14:15:00,626.1,681.5,48.4,0.0,9.0,13.9,722.8,126.9
2024-11-18 14:30:00,574.6,711.3,24.5,15.2,9.0,11.2,672.0,69.5
2024-11-18 14:45:00,420.8,647.0,0.0,43.2,9.0,7.4,613.0,92.5
2024-11-18 15:00:00,250.9,663.6,0.0,42.0,9.0,7.4,614.9,110.3
2024-11-18 15:15:00,463.4,703.6,25.7,3.2,9.0,7.4,752.8,200.9
2024-11-18 15:30:00,331.3,611.2,201.4,0.0,9.0,7.4,877.0,300.9
2024-11-18 15:45:00,434.5,573.9,192.7,2.8,9.0,7.4,856.8,189.1
2024-11-18 16:00:00,356.8,632.8,142.6,0.0,9.0,7.4,770.3,287.3
2024-11-18 16:15:00,283.9,610.7,77.2,0.0,9.0,14.4,788.0,318.7
2024-11-18 16:30:00,139.0,771.6,128.7,0.0,9.0,14.4,819.8,180.0
2024-11-18 16:45:00,80.6,547.2,90.8,0.0,7.8,13.1,744.9,137.2
2024-11-18 17:00:00,179.7,379.7,103.0,0.0,6.2,7.8,726.0,64.6
2024-11-18 17:15:00,346.2,305.5,22.2,0.0,6.2,5.8,795.5,41.7
2024-11-18 17:30:00,366.4,321.5,71.0,0.0,6.2,4.2,721.3,6.7
2024-11-18 17:45:00,285.6,177.7,116.6,0.0,5.8,3.3,749.6,0.0
2024-11-18 18:00:00,132.9,136.3,116.6,0.0,0.0,4.1,754.7,0.0
2024-11-18 18:15:00,151.5,189.2,115.9,0.0,22.0,7.4,1026.5,0.0
2024-11-18 18:30:00,53.4,187.5,19.2,0.0,22.0,16.2,672.4,22.2
2024-11-18 18:45:00,25.9,284.8,18.6,0.0,22.0,30.1,538.3,22.2
2024-11-18 19:00:00,41.0,249.4,127.8,0.0,22.0,32.8,340.7,82.0
2024-11-18 19:15:00,41.0,606.4,105.8,0.0,22.0,32.8,249.1,115.3
2024-11-18 19:30:00,38.3,569.3,93.2,0.0,22.0,31.4,161.9,64.4
2024-11-18 19:45:00,14.9,445.9,87.3,0.0,22.0,28.8,153.4,39.5
2024-11-18 20:00:00,56.9,415.8,87.3,0.0,22.0,27.0,305.1,0.0
2024-11-18 20:15:00,20.5,301.4,56.6,0.0,6.2,21.9,175.6,0.0
2024-11-18 20:30:00,92.8,220.2,75.9,0.0,6.0,18.2,191.1,67.2
2024-11-18 20:45:00,160.3,159.2,179.2,0.0,3.8,15.7,307.3,0.0
2024-11-18 21:00:00,190.5,467.6,222.2,0.0,3.4,10.6,307.3,0.0
2024-11-18 21:15:00,311.6,532.6,203.2,39.2,3.4,8.8,240.5,72.8
2024-11-18 21:30:00,282.7,512.4,132.0,75.9,3.4,15.7,460.0,72.8
2024-11-18 21:45:00,342.4,484.8,184.3,941.7,2.0,15.7,460.0,118.2
2024-11-18 22:00:00,1058.4,986.0,2310.5,7032.1,25.4,64.2,519.5,340.4
2024-11-18 22:15:00,1148.4,1187.0,2387.4,7206.9,31.4,74.2,253.1,392.4
2024-11-18 22:30:00,804.8,1255.0,2413.6,7272.2,31.4,74.2,97.7,584.3
2024-11-18 22:45:00,683.9,1312.4,2684.0,7277.4,31.4,77.5,154.1,858.1
2024-11-18 23:00:00,438.7,1291.5,2629.1,7007.6,28.5,74.6,462.8,636.1
2024-11-18 23:15:00,437.0,1204.4,2422.0,6813.7,12.1,70.6,614.8,681.4
2024-11-18 23:30:00,489.1,1452.2,2615.3,5561.3,12.1,76.9,637.9,785.8
2024-11-18 23:45:00,251.2,769.5,1522.0,2745.6,9.6,36.4,165.6,327.4
2024-11-19 00:00:00,380.6,1680.6,2841.7,3605.8,12.1,71.0,663.3,702.5
2024-11-19 00:15:00,350.6,1873.7,2951.1,4209.5,12.1,71.0,1069.5,716.1
2024-11-19 00:30:00,334.8,1901.2,2751.6,6011.2,12.1,68.2,856.9,804.2
2024-11-19 00:45:00,303.8,1681.2,2472.9,6147.3,12.1,64.6,810.1,972.5
2024-11-19 01:00:00,377.6,1635.9,2322.8,7151.7,12.1,51.4,697.0,811.6
2024-11-19 01:15:00,313.4,1387.0,2194.5,6663.7,12.1,50.6,645.9,858.5
2024-11-19 01:30:00,303.5,1103.0,2140.7,5989.8,12.1,50.6,749.4,839.1
2024-11-19 01:45:00,309.1,1003.9,1853.1,5118.2,12.1,50.5,836.2,655.2
2024-11-19 02:00:00,271.4,869.0,1493.0,4012.8,12.1,43.7,760.1,600.6
2024-11-19 02:15:00,309.3,690.5,982.5,3123.5,12.1,43.7,552.3,538.0
2024-11-19 02:30:00,285.1,490.6,526.3,2224.4,12.1,42.7,617.5,563.3
2024-11-19 02:45:00,263.1,395.5,239.8,1155.5,12.1,36.7,636.7,498.7
2024-11-19 03:00:00,207.1,444.6,148.0,297.3,12.1,34.7,793.6,355.6
2024-11-19 03:15:00,141.3,547.6,86.0,31.9,12.1,27.9,655.9,313.5
2024-11-19 03:30:00,110.0,536.4,55.9,0.0,7.2,27.9,796.2,229.0
2024-11-19 03:45:00,89.1,488.7,44.5,0.0,6.1,23.5,705.7,171.0
2024-11-19 04:00:00,77.1,330.1,22.9,0.0,6.1,19.0,709.5,230.2
2024-11-19 04:15:00,135.1,188.2,22.9,0.0,6.1,12.6,612.2,285.9
2024-11-19 04:30:00,158.1,132.9,64.2,0.0,6.1,10.7,763.7,301.8
2024-11-19 04:45:00,145.9,158.3,207.3,0.0,6.1,10.7,748.1,280.0
2024-11-19 05:00:00,132.2,197.1,211.1,0.0,3.2,10.6,679.8,235.6
2024-11-19 05:15:00,170.2,204.0,192.9,0.0,0.0,2.3,487.6,158.9
2024-11-19 05:30:00,272.0,192.3,166.6,0.0,0.0,0.9,488.2,132.5
2024-11-19 05:45:00,223.7,64.1,70.8,0.0,0.0,0.9,685.4,141.3
2024-11-19 06:00:00,114.8,102.4,35.1,0.0,0.0,0.9,901.6,104.1
2024-11-19 06:15:00,18.3,77.1,0.0,0.0,0.0,0.9,766.2,114.1
2024-11-19 06:30:00,0.0,134.4,31.5,0.0,0.0,0.9,924.7,76.6
2024-11-19 06:45:00,40.4,161.7,31.5,0.0,0.0,5.7,579.7,45.3
2024-11-19 07:00:00,60.5,376.3,15.8,0.0,0.0,5.7,463.4,0.0
2024-11-19 07:15:00,61.7,438.6,0.0,0.0,0.0,5.7,292.8,31.6
2024-11-19 07:30:00,17.4,277.8,0.0,0.0,0.0,2.7,302.4,31.6
2024-11-19 07:45:00,0.0,265.4,53.2,0.0,0.0,2.3,221.5,2.4
2024-11-19 08:00:00,28.4,241.3,13.2,0.0,0.0,2.3,0.0,0.0
2024-11-19 08:15:00,7.6,331.6,0.0,0.0,10.0,1.6,152.0,0.0
2024-11-19 08:30:00,0.0,287.1,0.0,0.0,0.0,1.4,457.9,0.0
2024-11-19 08:45:00,0.0,222.7,0.0,0.0,0.0,1.4,666.7,0.0
2024-11-19 09:00:00,0.0,353.1,88.0,0.0,0.0,1.4,760.3,0.0
2024-11-19 09:15:00,0.0,323.4,88.0,58.7,0.0,4.7,557.5,21.7
2024-11-19 09:30:00,0.0,222.9,88.0,58.7,0.0,4.7,516.9,21.7
2024-11-19 09:45:00,0.0,213.6,28.8,58.7,0.0,4.7,584.5,81.0
2024-11-19 10:00:00,68.4,97.9,0.0,42.7,0.0,4.7,601.6,81.0
2024-11-19 10:15:00,68.4,108.4,21.8,0.0,0.0,4.7,427.4,81.0
2024-11-19 10:30:00,59.2,123.5,21.8,57.2,0.0,2.0,402.6,47.9
2024-11-19 10:45:00,59.2,175.3,21.8,123.6,2.8,1.4,587.0,49.2
2024-11-19 11:00:00,281.2,470.0,71.7,251.7,2.8,1.4,599.6,131.6
2024-11-19 11:15:00,333.4,607.0,128.0,251.7,2.8,1.4,440.5,94.8
2024-11-19 11:30:00,352.3,617.7,117.7,316.3,2.8,1.4,457.9,58.1
2024-11-19 11:45:00,255.6,546.4,235.8,239.5,2.8,4.4,617.4,68.0
2024-11-19 12:00:00,358.2,530.8,161.8,221.6,2.8,7.5,834.6,110.4
2024-11-19 12:15:00,360.0,517.1,38.8,325.3,2.8,7.5,762.6,128.3
2024-11-19 12:30:00,226.7,395.3,65.2,296.1,2.8,7.0,728.0,147.7
2024-11-19 12:45:00,187.9,472.9,167.8,293.1,2.8,6.1,569.9,151.8
2024-11-19 13:00:00,142.1,657.8,165.3,248.9,1.6,6.1,760.0,195.8
2024-11-19 13:15:00,109.9,663.6,161.3,141.4,0.0,6.1,818.1,148.3
2024-11-19 13:30:00,128.7,393.8,206.0,101.6,0.0,6.1,767.7,148.0
2024-11-19 13:45:00,207.3,351.2,185.2,6.8,0.0,6.1,770.5,98.7
2024-11-19 14:00:00,210.0,431.4,65.4,0.0,0.0,6.1,796.2,102.2
2024-11-19 14:15:00,261.3,380.6,95.6,0.0,0.0,6.1,695.3,68.2
2024-11-19 14:30:00,109.7,495.4,40.8,0.0,0.0,6.1,724.0,125.1
2024-11-19 14:45:00,92.2,681.5,77.9,0.0,0.0,6.1,581.6,156.5
2024-11-19 15:00:00,146.5,608.2,134.6,73.9,0.0,5.7,384.6,118.8
2024-11-19 15:15:00,258.1,675.7,154.0,73.9,0.0,3.0,306.9,174.4
2024-11-19 15:30:00,407.6,590.7,132.6,73.9,0.0,3.0,614.9,258.5
2024-11-19 15:45:00,469.0,640.6,76.0,73.9,0.0,3.0,752.9,253.1
2024-11-19 16:00:00,497.6,578.0,6.3,21.3,0.0,3.0,772.9,241.5
2024-11-19 16:15:00,332.1,537.3,14.2,0.0,0.0,5.1,772.8,211.9
2024-11-19 16:30:00,191.9,644.9,104.7,0.0,0.0,5.1,900.6,223.9
2024-11-19 16:45:00,335.3,571.9,129.2,0.0,0.0,9.0,690.4,141.0
2024-11-19 17:00:00,302.9,490.7,115.7,0.0,0.0,9.0,440.4,96.1
2024-11-19 17:15:00,206.1,379.8,56.5,0.0,0.0,13.1,531.4,129.5
2024-11-19 17:30:00,99.1,317.6,23.1,73.4,0.0,18.7,567.4,121.3
2024-11-19 17:45:00,182.0,269.6,18.4,73.4,2.3,18.7,594.6,86.5
2024-11-19 18:00:00,170.7,119.3,18.4,73.4,2.3,17.0,358.5,36.4
2024-11-19 18:15:00,85.2,133.7,54.6,73.4,17.5,19.5,305.2,29.9
2024-11-19 18:30:00,114.6,156.4,82.5,73.4,17.5,22.6,154.1,0.0
2024-11-19 18:45:00,81.3,199.3,151.1,73.4,17.5,23.0,422.9,0.0
2024-11-19 19:00:00,40.9,129.0,173.2,8.0,17.5,46.7,609.8,28.3
2024-11-19 19:15:00,27.6,229.8,199.7,0.0,15.9,52.7,452.3,44.4
2024-11-19 19:30:00,168.1,188.6,160.2,0.0,21.3,52.8,246.4,119.2
2024-11-19 19:45:00,90.7,204.0,103.1,0.0,21.3,52.6,153.1,150.7
2024-11-19 20:00:00,15.2,277.1,82.7,0.0,17.1,54.4,460.5,84.6
2024-11-19 20:15:00,75.8,352.6,45.5,0.0,13.4,49.9,737.4,47.3
2024-11-19 20:30:00,80.4,528.4,18.5,0.0,13.2,55.6,574.5,16.1
2024-11-19 20:45:00,73.4,490.1,60.7,0.0,6.7,58.7,564.3,54.6
2024-11-19 21:00:00,188.6,418.5,137.5,0.0,0.0,53.0,613.4,122.9
2024-11-19 21:15:00,345.3,347.4,144.7,0.0,0.0,47.1,854.1,81.3
2024-11-19 21:30:00,301.7,343.4,130.9,51.1,0.0,36.9,881.1,75.7
2024-11-19 21:45:00,238.6,519.6,104.7,943.6,0.0,41.6,553.6,105.0
2024-11-19 22:00:00,647.9,1160.5,2345.1,7369.0,19.2,61.6,577.0,496.2
2024-11-19 22:15:00,674.8,1284.3,2482.8,7604.8,19.2,62.8,451.9,541.4
2024-11-19 22:30:00,748.3,1534.4,2401.8,7521.4,19.2,66.2,706.0,571.7
2024-11-19 22:45:00,520.6,1471.7,2232.3,7547.3,19.2,66.2,742.3,552.7
2024-11-19 23:00:00,440.9,1213.3,2753.0,7229.0,19.2,66.2,566.3,580.6
2024-11-19 23:15:00,442.9,1139.6,2467.9,6392.1,19.2,62.7,568.0,590.7
2024-11-19 23:30:00,416.0,1281.7,2263.9,4909.0,19.2,59.9,595.0,624.7
2024-11-19 23:45:00,185.9,612.6,931.8,2420.3,17.7,41.4,312.2,399.8
2024-11-20 00:00:00,716.4,1532.4,3065.0,3897.5,19.2,59.9,804.0,844.9
2024-11-20 00:15:00,725.3,1761.7,2968.4,5994.8,19.2,53.5,668.5,780.4
2024-11-20 00:30:00,639.1,1638.9,2889.3,6018.7,19.2,52.3,829.5,793.7
2024-11-20 00:45:00,522.9,1380.9,2822.6,7055.1,19.2,49.4,789.4,782.3
2024-11-20 01:00:00,462.8,1392.9,2699.8,6752.5,19.2,48.9,914.9,733.7
2024-11-20 01:15:00,318.9,1260.4,2509.1,6281.5,19.2,48.9,718.1,675.9
2024-11-20 01:30:00,286.4,1129.0,2212.6,5658.6,16.1,48.9,771.0,772.7
2024-11-20 01:45:00,328.1,954.5,1940.2,4815.5,7.8,48.9,786.1,763.6
2024-11-20 02:00:00,358.9,972.7,1547.7,3376.6,0.0,45.3,741.8,766.1
2024-11-20 02:15:00,316.3,929.9,855.5,1998.0,0.0,37.8,780.4,696.8
2024-11-20 02:30:00,327.2,877.0,628.4,999.9,0.0,33.7,581.9,628.3
2024-11-20 02:45:00,199.0,782.2,400.2,396.6,0.0,32.1,739.6,509.5
2024-11-20 03:00:00,215.8,606.4,349.9,224.0,0.0,27.3,687.7,490.8
2024-11-20 03:15:00,174.2,413.0,216.5,0.0,0.0,25.2,750.0,551.1
2024-11-20 03:30:00,114.8,309.0,71.4,0.0,0.0,25.2,778.9,340.3
2024-11-20 03:45:00,155.5,371.7,58.3,0.0,0.0,25.2,726.3,222.5
2024-11-20 04:00:00,79.8,340.7,49.9,0.0,0.0,25.2,705.4,133.5
2024-11-20 04:15:00,155.7,385.6,122.4,0.0,0.0,18.9,668.9,236.7
2024-11-20 04:30:00,235.2,333.4,173.7,0.0,0.0,18.2,522.6,251.9
2024-11-20 04:45:00,252.4,219.7,199.9,0.0,0.0,18.2,739.2,274.7
2024-11-20 05:00:00,240.0,222.2,162.2,0.0,0.0,18.2,709.0,284.5
2024-11-20 05:15:00,331.9,196.1,142.0,0.0,0.0,18.2,592.4,260.5
2024-11-20 05:30:00,392.2,177.7,144.0,0.0,0.0,17.1,685.6,232.7
2024-11-20 05:45:00,337.4,121.0,58.7,0.0,0.0,11.4,587.7,79.7
2024-11-20 06:00:00,219.9,129.6,32.6,0.0,0.0,9.5,560.1,15.0
2024-11-20 06:15:00,66.7,176.9,15.8,0.0,0.0,4.5,369.7,8.5
2024-11-20 06:30:00,72.0,305.6,4.6,0.0,0.0,4.5,290.8,0.3
2024-11-20 06:45:00,27.4,350.5,27.9,0.0,0.0,4.5,415.1,0.0
2024-11-20 07:00:00,52.5,355.5,62.5,0.0,0.0,4.5,436.2,0.0
2024-11-20 07:15:00,19.8,435.4,102.5,0.0,0.0,4.5,446.2,29.8
2024-11-20 07:30:00,70.4,351.4,68.4,0.0,0.0,10.6,239.1,29.8
2024-11-20 07:45:00,67.7,411.9,9.6,0.0,0.0,17.5,128.8,24.0
2024-11-20 08:00:00,71.0,346.1,0.0,0.0,0.0,24.3,306.2,63.6
2024-11-20 08:15:00,62.9,289.1,0.0,0.0,0.0,25.9,306.2,13.6
2024-11-20 08:30:00,79.7,331.5,0.0,0.0,0.0,25.7,284.3,0.0
2024-11-20 08:45:00,97.9,328.6,0.0,0.0,0.0,25.7,460.6,0.0
2024-11-20 09:00:00,174.6,336.6,0.0,0.0,0.0,25.7,460.6,0.0
2024-11-20 09:15:00,152.7,306.7,0.0,0.0,0.0,32.4,608.5,0.0
2024-11-20 09:30:00,121.8,229.8,0.0,0.0,0.0,32.4,438.9,0.0
2024-11-20 09:45:00,89.4,227.1,0.0,0.0,0.0,30.1,461.1,44.6
2024-11-20 10:00:00,35.8,243.1,0.0,0.0,0.0,28.9,518.8,38.2
2024-11-20 10:15:00,49.3,308.2,0.0,0.0,17.8,25.2,479.0,38.2
2024-11-20 10:30:00,82.0,318.7,0.0,56.2,17.8,19.5,616.5,56.6
2024-11-20 10:45:00,41.0,317.0,0.0,56.2,17.8,19.5,874.3,65.5
2024-11-20 11:00:00,363.9,603.7,41.1,180.9,17.8,19.5,589.1,53.4
2024-11-20 11:15:00,425.4,724.8,103.7,180.9,20.3,26.5,516.9,67.3
2024-11-20 11:30:00,495.3,770.8,40.0,275.2,20.3,26.5,484.7,57.2
2024-11-20 11:45:00,319.4,694.6,29.4,270.6,20.3,26.5,614.7,82.3
2024-11-20 12:00:00,247.7,438.4,30.5,151.5,20.3,33.2,663.7,86.3
2024-11-20 12:15:00,208.7,422.0,71.5,159.4,20.3,36.2,736.6,76.9
2024-11-20 12:30:00,264.8,718.1,114.3,159.4,20.3,33.8,637.4,116.8
2024-11-20 12:45:00,381.2,731.6,108.3,143.9,20.3,27.8,720.7,77.6
2024-11-20 13:00:00,389.5,471.5,60.7,142.8,20.3,22.2,960.2,113.0
2024-11-20 13:15:00,409.2,404.8,53.7,93.7,23.1,16.4,711.7,133.6
2024-11-20 13:30:00,220.1,440.0,30.5,72.4,7.6,16.4,750.3,85.4
2024-11-20 13:45:00,240.9,492.2,17.0,72.4,4.1,16.4,701.5,146.0
2024-11-20 14:00:00,230.8,416.7,45.7,4.9,2.9,16.2,769.5,137.6
2024-11-20 14:15:00,262.1,350.9,60.8,0.0,2.9,9.6,787.5,80.8
2024-11-20 14:30:00,212.2,362.5,68.2,0.0,2.9,9.6,635.3,105.1
2024-11-20 14:45:00,126.1,560.2,66.1,0.0,2.9,9.6,788.4,113.3
2024-11-20 15:00:00,122.0,685.0,48.8,0.0,2.9,9.6,670.9,137.7
2024-11-20 15:15:00,254.8,825.6,48.0,0.0,2.9,8.8,769.6,141.6
2024-11-20 15:30:00,532.1,928.2,44.9,0.0,2.9,3.0,912.9,191.6
2024-11-20 15:45:00,410.0,714.9,46.3,0.0,2.9,3.0,836.3,215.2
2024-11-20 16:00:00,388.7,657.2,83.9,0.0,1.4,12.9,829.0,255.0
2024-11-20 16:15:00,373.8,376.2,87.2,0.0,0.0,12.9,665.1,246.4
2024-11-20 16:30:00,411.6,410.7,79.1,0.0,0.0,22.9,807.3,153.2
2024-11-20 16:45:00,354.5,369.5,180.8,0.0,0.0,24.1,662.7,69.7
2024-11-20 17:00:00,323.2,453.8,157.0,0.0,0.0,24.1,685.3,36.7
2024-11-20 17:15:00,362.4,546.7,77.0,0.0,0.0,24.1,615.4,33.4
2024-11-20 17:30:00,315.6,497.5,193.6,73.2,0.0,24.1,897.5,257.9
2024-11-20 17:45:00,211.1,304.2,175.2,73.2,0.0,27.5,789.0,248.5
2024-11-20 18:00:00,120.6,329.8,86.4,73.2,0.0,25.6,609.3,88.4
2024-11-20 18:15:00,102.9,262.4,38.3,73.2,0.0,24.5,308.7,0.0
2024-11-20 18:30:00,117.1,279.9,17.7,73.2,18.7,28.7,343.1,0.0
2024-11-20 18:45:00,124.6,281.8,43.8,73.2,18.7,40.8,373.7,54.4
2024-11-20 19:00:00,54.6,149.0,69.0,73.2,18.7,44.1,451.4,25.2
2024-11-20 19:15:00,38.8,83.7,43.8,4.7,18.7,48.1,378.7,19.6
2024-11-20 19:30:00,38.8,72.5,87.0,0.0,18.7,47.6,178.7,0.0
2024-11-20 19:45:00,38.8,113.7,87.0,0.0,18.7,42.5,90.3,0.0
2024-11-20 20:00:00,27.4,142.5,81.4,0.0,18.7,38.9,153.8,0.0
2024-11-20 20:15:00,3.9,377.7,72.2,0.0,18.7,41.6,153.8,0.0
2024-11-20 20:30:00,35.6,353.3,93.5,0.0,18.7,39.5,305.2,0.0
2024-11-20 20:45:00,37.2,288.2,133.6,2.8,9.4,46.5,162.9,0.0
2024-11-20 21:00:00,137.3,382.2,162.5,0.0,0.0,46.5,217.4,48.2
2024-11-20 21:15:00,185.4,508.0,179.2,0.0,0.0,52.8,288.2,93.1
2024-11-20 21:30:00,244.0,482.0,202.9,192.8,0.0,50.3,596.9,125.2
2024-11-20 21:45:00,365.1,525.9,213.0,804.2,0.0,50.3,672.4,302.6
2024-11-20 22:00:00,988.0,939.6,2358.2,7203.3,17.1,59.2,502.0,591.3
2024-11-20 22:15:00,1282.2,979.0,2234.5,7437.0,17.1,61.5,503.7,636.7
2024-11-20 22:30:00,1208.7,997.8,2223.0,7351.1,34.4,53.2,456.4,559.1
2024-11-20 22:45:00,835.2,1358.4,2909.6,7304.8,34.4,53.1,609.4,492.0
2024-11-20 23:00:00,527.6,1445.8,2625.6,6883.2,34.4,53.1,655.1,346.0
2024-11-20 23:15:00,443.9,1322.8,2518.6,6270.3,26.1,53.1,664.4,275.0
2024-11-20 23:30:00,364.0,1245.8,2516.1,5774.0,22.7,53.1,616.1,311.6
2024-11-20 23:45:00,186.4,603.3,1181.0,2590.9,18.8,23.1,317.4,295.3
2024-11-21 00:00:00,556.1,1585.4,2626.4,5374.3,22.7,52.9,943.8,609.9
2024-11-21 00:15:00,468.8,1820.1,2558.0,5783.0,22.7,51.3,918.1,545.1
2024-11-21 00:30:00,555.3,2031.3,2923.3,6037.3,22.7,49.4,924.1,633.7
2024-11-21 00:45:00,613.3,2006.4,2810.3,6166.5,22.7,49.4,640.6,734.1
2024-11-21 01:00:00,644.8,1797.4,2644.1,7046.9,22.7,49.4,830.1,549.2
2024-11-21 01:15:00,391.6,1836.3,2235.6,6399.8,22.7,47.8,630.5,683.8
2024-11-21 01:30:00,321.1,1709.8,1847.6,5596.7,22.7,44.9,771.2,675.5
2024-11-21 01:45:00,318.6,1543.2,1539.1,4547.0,22.7,43.4,816.6,733.7
2024-11-21 02:00:00,297.0,1270.2,1227.2,3079.8,8.8,37.9,818.6,633.8
2024-11-21 02:15:00,295.3,930.3,653.7,2289.1,5.4,31.7,804.7,610.3
2024-11-21 02:30:00,297.8,727.1,416.2,1632.7,5.4,31.7,662.9,529.1
2024-11-21 02:45:00,314.0,657.3,273.5,827.5,5.4,31.7,768.0,681.5
2024-11-21 03:00:00,326.1,631.7,163.2,310.3,5.4,22.4,658.2,684.0
2024-11-21 03:15:00,291.7,545.5,104.8,201.9,5.4,15.7,787.4,742.0
2024-11-21 03:30:00,229.5,420.8,71.3,127.1,5.4,14.0,727.1,805.5
2024-11-21 03:45:00,179.4,317.2,99.7,42.8,5.4,14.0,749.5,677.2
2024-11-21 04:00:00,199.0,348.8,61.3,1.0,5.4,2.8,605.4,493.1
2024-11-21 04:15:00,144.1,431.0,122.2,1.0,5.3,0.0,776.2,311.2
2024-11-21 04:30:00,112.0,396.9,127.5,1.0,0.0,0.0,766.0,180.8
2024-11-21 04:45:00,115.6,307.2,91.0,1.0,0.0,0.0,848.1,213.5
2024-11-21 05:00:00,91.9,305.3,123.1,1.0,0.0,0.0,683.3,237.9
2024-11-21 05:15:00,167.7,227.0,141.6,1.0,0.0,0.0,815.6,198.1
2024-11-21 05:30:00,209.0,256.8,104.7,1.0,0.0,7.1,710.0,154.5
2024-11-21 05:45:00,180.7,209.8,35.6,1.0,0.0,7.1,831.8,152.5
2024-11-21 06:00:00,111.5,170.3,0.0,1.0,0.0,7.1,664.1,130.7
2024-11-21 06:15:00,40.8,125.4,0.0,1.0,0.0,9.5,654.3,166.6
2024-11-21 06:30:00,42.4,199.9,31.3,1.0,0.0,9.7,538.9,120.7
2024-11-21 06:45:00,121.8,231.8,31.3,1.0,0.0,9.7,606.3,28.1
2024-11-21 07:00:00,92.8,396.3,20.6,1.0,0.0,8.6,784.7,8.9
2024-11-21 07:15:00,95.2,401.7,26.1,1.0,0.0,7.1,457.5,0.0
2024-11-21 07:30:00,57.6,433.1,26.1,1.0,0.0,7.1,379.9,0.0
2024-11-21 07:45:00,0.0,320.4,26.1,1.0,0.0,9.8,305.1,0.0
2024-11-21 08:00:00,0.0,123.2,52.9,1.0,0.0,16.6,355.3,0.0
2024-11-21 08:15:00,0.0,70.0,27.6,1.0,0.0,23.7,586.2,0.0
2024-11-21 08:30:00,0.0,249.1,27.6,1.0,0.0,23.7,695.6,25.5
2024-11-21 08:45:00,66.5,449.9,9.9,1.0,0.0,23.7,594.7,19.3
2024-11-21 09:00:00,70.4,530.2,35.2,1.0,0.0,23.7,499.3,0.0
2024-11-21 09:15:00,48.1,383.9,35.2,1.0,0.0,30.4,464.5,44.9
2024-11-21 09:30:00,35.3,262.2,1.3,1.0,0.0,28.8,617.8,44.9
2024-11-21 09:45:00,0.0,295.0,0.0,63.8,0.0,27.7,632.1,38.9
2024-11-21 10:00:00,0.0,326.0,0.0,111.6,0.0,27.7,484.6,22.5
2024-11-21 10:15:00,24.7,317.6,0.0,121.9,0.0,22.0,618.2,20.1
2024-11-21 10:30:00,100.3,274.9,0.0,221.2,0.0,21.1,597.1,20.1
2024-11-21 10:45:00,60.8,419.4,25.1,221.2,0.0,16.8,519.0,20.1
2024-11-21 11:00:00,242.2,745.0,43.6,221.2,0.0,16.8,354.4,91.1
2024-11-21 11:15:00,258.1,736.1,52.3,219.3,0.0,17.4,203.5,218.4
2024-11-21 11:30:00,455.3,780.4,21.5,160.0,0.0,15.4,169.7,304.9
2024-11-21 11:45:00,334.0,677.5,56.9,63.9,0.0,13.5,475.6,284.7
2024-11-21 12:00:00,294.4,872.3,45.9,62.8,6.7,13.5,796.6,316.8
2024-11-21 12:15:00,239.0,760.2,0.0,105.1,6.7,13.5,809.4,358.3
2024-11-21 12:30:00,224.4,629.1,32.6,117.8,6.7,13.5,754.9,280.7
2024-11-21 12:45:00,255.2,790.2,69.4,190.4,6.7,12.0,748.7,173.3
2024-11-21 13:00:00,216.2,798.5,29.3,190.4,6.7,6.7,722.8,109.7
2024-11-21 13:15:00,258.6,754.7,54.2,263.1,6.7,6.7,826.3,49.7
2024-11-21 13:30:00,183.5,526.2,68.3,247.0,6.7,6.7,774.0,67.7
2024-11-21 13:45:00,143.8,435.2,90.8,128.2,6.7,6.7,739.2,69.9
2024-11-21 14:00:00,197.8,405.5,56.0,85.1,6.7,2.6,794.3,94.4
2024-11-21 14:15:00,146.8,617.8,191.0,47.3,6.7,0.0,776.1,112.2
2024-11-21 14:30:00,152.4,608.9,149.6,0.0,6.7,0.0,653.7,202.5
2024-11-21 14:45:00,140.9,811.2,188.3,0.0,6.7,0.0,702.7,170.3
2024-11-21 15:00:00,243.7,937.6,128.0,0.0,6.7,0.0,770.1,153.9
2024-11-21 15:15:00,346.4,1014.8,71.6,0.0,9.2,6.7,798.7,154.3
2024-11-21 15:30:00,368.4,746.8,79.5,0.0,9.2,6.7,669.9,199.5
2024-11-21 15:45:00,352.8,585.8,102.9,0.0,9.2,6.7,596.1,343.4
2024-11-21 16:00:00,405.3,512.4,93.8,0.0,4.7,6.7,788.9,254.0
2024-11-21 16:15:00,371.8,339.8,119.8,0.0,2.4,10.0,888.8,369.0
2024-11-21 16:30:00,384.8,362.6,112.5,0.0,2.4,23.0,888.6,367.6
2024-11-21 16:45:00,197.2,389.6,101.9,0.0,2.4,17.0,732.2,281.2
2024-11-21 17:00:00,275.6,425.0,44.3,0.0,2.4,17.0,850.9,140.8
2024-11-21 17:15:00,327.7,301.6,91.3,0.0,2.4,17.0,744.6,210.6
2024-11-21 17:30:00,385.8,207.5,195.3,0.0,2.4,16.6,525.6,230.3
2024-11-21 17:45:00,250.7,187.5,165.0,0.0,2.4,10.0,778.8,227.4
2024-11-21 18:00:00,104.0,273.5,109.1,0.0,1.2,14.1,813.6,156.7
2024-11-21 18:15:00,89.8,315.3,32.9,0.0,0.0,14.1,553.5,191.6
2024-11-21 18:30:00,49.6,329.6,19.5,0.0,0.0,14.1,283.0,53.1
2024-11-21 18:45:00,0.0,491.2,91.6,0.0,0.0,18.1,229.6,16.5
2024-11-21 19:00:00,24.2,385.1,134.9,0.0,0.0,20.9,454.3,16.5
2024-11-21 19:15:00,24.2,266.0,134.6,0.0,0.0,21.3,361.6,48.5
2024-11-21 19:30:00,69.9,287.8,93.0,14.0,0.0,21.1,149.6,37.4
2024-11-21 19:45:00,138.4,357.8,43.3,20.0,0.0,21.1,0.0,63.5
2024-11-21 20:00:00,119.1,386.6,43.3,35.6,0.0,21.1,0.0,39.8
2024-11-21 20:15:00,61.3,386.8,12.5,35.6,0.0,21.1,151.9,97.2
2024-11-21 20:30:00,21.7,294.9,0.0,35.6,0.0,19.1,151.9,71.4
2024-11-21 20:45:00,124.0,242.2,0.0,35.6,0.0,17.9,111.9,49.1
2024-11-21 21:00:00,312.6,208.1,166.7,35.6,0.0,25.2,306.7,29.7
2024-11-21 21:15:00,325.1,232.7,201.6,35.6,0.0,24.8,306.7,51.5
2024-11-21 21:30:00,373.0,286.6,248.1,150.4,0.0,24.8,434.0,51.5
2024-11-21 21:45:00,257.3,496.8,235.1,476.6,0.0,24.8,460.3,62.9
2024-11-21 22:00:00,649.8,943.3,2178.4,6994.5,15.6,54.5,615.3,350.1
2024-11-21 22:15:00,652.1,1365.9,2164.8,7217.1,15.6,61.4,614.0,325.3
2024-11-21 22:30:00,653.6,1393.9,2197.9,7353.5,26.5,68.3,482.9,525.2
2024-11-21 22:45:00,680.5,1343.1,2521.1,7138.1,26.5,68.3,615.5,542.7
2024-11-21 23:00:00,599.2,1149.7,2685.7,6853.0,32.8,68.3,635.7,545.1
2024-11-21 23:15:00,560.6,1196.5,2510.6,6467.5,39.1,68.3,638.5,502.2
2024-11-21 23:30:00,634.3,1184.8,2867.7,5041.5,44.2,61.8,700.4,468.2
2024-11-21 23:45:00,230.1,657.4,1569.2,2803.5,27.9,28.0,331.8,233.5
2024-11-22 00:00:00,623.4,1754.7,2859.6,4099.6,44.2,57.2,693.8,620.3
2024-11-22 00:15:00,689.4,1812.4,2879.1,4680.0,44.2,53.5,651.2,747.0
2024-11-22 00:30:00,589.0,1976.0,2716.7,5979.6,44.2,53.5,803.2,564.8
2024-11-22 00:45:00,710.8,1864.9,2504.7,5867.7,44.2,49.1,890.8,612.8
2024-11-22 01:00:00,719.3,1905.6,2354.2,6722.4,44.2,46.6,833.6,657.6
2024-11-22 01:15:00,606.8,1925.8,2272.4,6247.7,44.2,40.9,707.1,655.1
2024-11-22 01:30:00,577.0,1728.2,2019.8,5723.4,44.2,40.1,686.3,481.8
2024-11-22 01:45:00,518.9,1418.7,1630.1,4754.1,44.2,37.5,827.6,389.0
2024-11-22 02:00:00,452.8,917.2,1303.8,3664.0,44.2,37.5,704.1,461.9
2024-11-22 02:15:00,255.3,747.5,738.5,2599.7,40.2,37.5,766.0,549.5
2024-11-22 02:30:00,230.7,601.7,520.4,1783.2,34.7,36.8,764.5,617.2
2024-11-22 02:45:00,138.8,439.2,263.4,1036.0,34.7,23.9,1059.7,641.3
2024-11-22 03:00:00,121.4,469.8,142.9,264.9,32.2,17.1,872.0,688.7
2024-11-22 03:15:00,146.2,487.0,163.9,150.1,23.8,17.1,752.4,522.5
2024-11-22 03:30:00,118.8,428.0,104.7,98.2,23.8,17.1,516.1,386.7
2024-11-22 03:45:00,119.5,351.2,59.7,12.4,23.8,11.6,611.2,353.2
2024-11-22 04:00:00,99.2,375.5,74.3,1.6,23.8,10.3,848.4,401.7
2024-11-22 04:15:00,128.4,380.2,53.2,0.0,23.5,10.3,978.8,312.8
2024-11-22 04:30:00,75.7,426.2,86.7,0.0,18.7,10.0,795.5,266.4
2024-11-22 04:45:00,29.7,405.5,134.7,0.0,13.2,6.8,739.3,229.6
2024-11-22 05:00:00,11.6,358.0,106.9,0.0,6.6,6.8,741.7,259.2
2024-11-22 05:15:00,80.6,312.9,120.3,0.0,6.0,5.5,772.0,411.0
2024-11-22 05:30:00,190.5,227.4,79.5,0.0,0.0,0.0,917.1,355.9
2024-11-22 05:45:00,243.7,222.0,54.1,0.0,0.0,0.0,626.1,280.0
2024-11-22 06:00:00,256.6,146.6,7.6,0.0,0.0,0.0,661.2,98.5
2024-11-22 06:15:00,127.1,53.1,0.0,0.0,0.0,0.0,609.8,52.9
2024-11-22 06:30:00,22.7,227.8,29.2,0.0,0.0,3.4,462.0,37.9
2024-11-22 06:45:00,42.2,268.2,51.1,0.0,0.0,3.4,571.5,18.7
2024-11-22 07:00:00,58.2,333.2,40.4,0.0,0.0,3.3,680.4,56.1
2024-11-22 07:15:00,26.6,261.9,21.9,0.0,0.0,0.0,737.2,80.4
2024-11-22 07:30:00,62.8,269.1,31.7,0.0,0.0,0.0,689.7,72.5
2024-11-22 07:45:00,127.2,256.4,22.6,0.0,0.0,6.4,462.3,43.4
2024-11-22 08:00:00,55.8,282.6,19.1,0.0,0.0,6.8,471.5,24.3
2024-11-22 08:15:00,40.9,260.9,0.0,0.0,0.0,23.0,462.2,1.5
2024-11-22 08:30:00,38.5,168.1,0.0,0.0,0.0,23.0,599.2,0.0
2024-11-22 08:45:00,38.5,201.4,60.0,0.0,0.0,17.8,437.9,0.0
2024-11-22 09:00:00,2.6,273.5,60.0,0.0,0.0,18.3,427.7,0.0
2024-11-22 09:15:00,0.0,219.5,35.8,0.0,0.0,18.3,443.9,38.3
2024-11-22 09:30:00,61.2,142.6,20.2,0.0,0.0,18.3,462.4,65.3
2024-11-22 09:45:00,44.4,177.7,4.5,50.4,0.0,18.3,485.9,30.3
2024-11-22 10:00:00,0.0,227.7,0.0,50.4,0.0,15.7,635.6,30.3
2024-11-22 10:15:00,0.0,211.7,0.0,121.8,0.0,15.5,783.9,15.4
2024-11-22 10:30:00,40.6,302.5,48.7,121.8,3.1,15.5,797.1,0.0
2024-11-22 10:45:00,113.7,257.8,85.8,110.6,3.1,15.5,620.6,42.0
2024-11-22 11:00:00,264.0,323.7,139.7,78.6,3.1,15.5,607.1,67.8
2024-11-22 11:15:00,403.1,591.4,98.2,2.7,3.1,14.5,770.1,90.5
2024-11-22 11:30:00,322.7,699.2,62.7,146.9,3.1,8.3,780.3,75.6
2024-11-22 11:45:00,218.1,742.0,111.8,219.6,3.1,6.9,771.9,104.2
2024-11-22 12:00:00,293.8,882.0,152.7,219.6,3.1,6.9,803.7,65.6
2024-11-22 12:15:00,239.6,815.6,162.9,263.2,3.1,12.0,784.0,35.3
2024-11-22 12:30:00,216.0,581.4,113.7,174.1,1.1,13.7,763.5,155.6
2024-11-22 12:45:00,217.6,525.0,69.8,238.9,0.0,13.7,608.7,192.4
2024-11-22 13:00:00,183.4,495.4,36.1,238.9,0.0,13.7,740.2,237.1
2024-11-22 13:15:00,154.2,364.6,30.3,122.0,0.0,17.0,774.4,268.4
2024-11-22 13:30:00,181.7,597.7,0.0,61.6,0.0,17.0,896.1,245.3
2024-11-22 13:45:00,303.3,697.4,0.0,61.6,0.0,17.0,770.5,221.6
2024-11-22 14:00:00,356.2,617.0,0.0,0.4,0.0,17.0,581.5,220.9
2024-11-22 14:15:00,372.1,633.7,0.0,0.0,0.0,17.0,586.1,146.9
2024-11-22 14:30:00,308.8,621.6,26.4,0.0,0.0,12.7,768.0,81.2
2024-11-22 14:45:00,225.7,616.6,10.8,0.0,0.0,10.1,771.9,104.0
2024-11-22 15:00:00,176.2,642.5,0.0,0.0,0.0,9.6,689.5,126.2
2024-11-22 15:15:00,114.0,598.7,0.0,0.0,2.6,6.8,781.5,150.1
2024-11-22 15:30:00,184.9,649.7,100.3,0.0,2.6,6.8,847.0,305.9
2024-11-22 15:45:00,283.4,544.0,201.1,0.0,2.6,10.0,756.7,288.2
2024-11-22 16:00:00,179.5,485.6,247.9,0.0,2.6,10.0,771.4,440.5
2024-11-22 16:15:00,171.7,509.9,331.2,0.0,2.6,12.5,757.6,367.2
2024-11-22 16:30:00,337.2,494.7,204.3,0.0,2.6,12.5,826.7,322.6
2024-11-22 16:45:00,205.7,604.2,219.8,0.0,2.6,12.5,715.9,179.2
2024-11-22 17:00:00,157.9,516.9,174.4,0.0,2.6,19.2,507.8,360.4
2024-11-22 17:15:00,131.5,475.4,109.0,0.0,2.6,25.7,470.5,281.5
2024-11-22 17:30:00,213.4,575.3,47.1,0.0,2.6,24.8,764.7,132.5
2024-11-22 17:45:00,217.9,618.9,98.7,0.0,2.6,26.1,664.6,68.6
2024-11-22 18:00:00,288.8,405.8,34.3,0.0,1.5,28.9,298.1,35.5
2024-11-22 18:15:00,185.8,273.3,45.7,0.0,0.0,32.4,58.1,44.0
2024-11-22 18:30:00,85.7,149.5,43.7,0.0,0.0,37.9,0.0,12.0
2024-11-22 18:45:00,123.3,139.9,86.9,0.0,0.0,37.9,0.0,0.0
2024-11-22 19:00:00,147.4,270.5,86.9,0.0,0.0,42.2,279.9,29.1
2024-11-22 19:15:00,44.6,290.9,56.6,0.0,0.0,45.3,586.6,83.2
2024-11-22 19:30:00,14.5,283.4,43.1,0.0,0.4,45.3,523.2,83.2
2024-11-22 19:45:00,71.3,216.4,66.8,0.0,0.0,48.6,299.1,105.5
2024-11-22 20:00:00,64.2,74.7,66.8,0.0,0.0,46.0,145.1,79.1
2024-11-22 20:15:00,117.3,215.1,106.5,0.0,0.0,42.0,154.0,34.7
2024-11-22 20:30:00,184.7,232.1,56.4,0.0,0.0,40.0,306.5,51.7
2024-11-22 20:45:00,225.8,258.0,56.4,0.0,0.0,45.4,608.9,18.3
2024-11-22 21:00:00,282.5,503.2,271.6,41.9,0.0,43.5,746.2,34.2
2024-11-22 21:15:00,402.4,565.9,360.0,41.9,0.0,43.5,627.9,110.1
2024-11-22 21:30:00,450.9,464.6,313.8,109.6,6.5,40.5,466.7,81.8
2024-11-22 21:45:00,455.5,516.0,235.2,623.3,12.6,40.3,481.3,325.8
2024-11-22 22:00:00,1044.9,1044.5,2308.1,7197.1,33.9,62.6,747.3,618.0
2024-11-22 22:15:00,1380.7,1314.7,2211.9,7422.9,33.9,67.1,609.4,634.7
2024-11-22 22:30:00,1165.8,1690.8,2163.4,7542.0,33.9,73.7,455.3,607.1
2024-11-22 22:45:00,825.6,1775.3,2631.0,7482.2,33.9,74.4,308.6,411.0
2024-11-22 23:00:00,588.4,1315.8,2695.2,7070.9,33.9,74.4,461.9,504.4
2024-11-22 23:15:00,542.3,1041.8,2595.1,6360.2,33.9,77.4,478.4,486.9
2024-11-22 23:30:00,523.6,1464.2,2647.8,5311.9,33.9,71.5,506.0,325.8
2024-11-22 23:45:00,293.9,843.2,1178.9,3076.8,24.1,33.8,407.8,257.5
2024-11-23 00:00:00,734.5,1767.1,2794.9,3718.5,24.8,71.0,869.6,936.5
2024-11-23 00:15:00,835.2,1879.9,2942.7,4839.2,24.6,71.0,908.1,1068.2
2024-11-23 00:30:00,868.5,1941.5,2738.1,5970.2,24.3,71.0,934.4,930.3
2024-11-23 00:45:00,652.0,1923.9,2677.9,5987.3,12.6,66.8,784.0,757.5
2024-11-23 01:00:00,487.5,2105.7,2525.4,6781.4,12.6,66.8,914.7,738.2
2024-11-23 01:15:00,464.5,1583.4,2358.1,6572.9,12.6,64.6,783.8,618.1
2024-11-23 01:30:00,450.3,1115.2,2194.5,5864.0,12.6,60.0,793.0,636.5
2024-11-23 01:45:00,470.9,925.2,1912.7,4864.9,12.6,48.0,619.4,738.5
2024-11-23 02:00:00,546.3,927.2,1442.4,3589.4,12.6,43.9,696.2,793.6
2024-11-23 02:15:00,589.2,811.9,851.4,2647.0,12.6,43.9,558.4,812.5
2024-11-23 02:30:00,490.4,633.4,442.7,1789.8,12.6,43.9,633.4,925.8
2024-11-23 02:45:00,264.9,631.5,238.8,962.4,12.6,43.9,818.1,901.4
2024-11-23 03:00:00,237.7,608.8,61.1,295.6,12.6,37.9,960.5,787.1
2024-11-23 03:15:00,241.4,499.2,23.2,108.7,12.6,26.4,862.0,751.8
2024-11-23 03:30:00,310.5,387.7,23.2,0.0,12.6,17.3,642.4,733.6
2024-11-23 03:45:00,343.6,473.1,12.0,0.0,12.6,16.4,632.5,549.1
2024-11-23 04:00:00,311.1,497.6,22.8,0.0,12.6,16.4,818.4,491.8
2024-11-23 04:15:00,309.3,431.9,53.7,0.0,12.6,16.4,770.8,344.4
2024-11-23 04:30:00,243.0,452.1,53.7,0.0,6.1,16.4,611.6,259.4
2024-11-23 04:45:00,263.9,496.5,23.3,0.0,0.0,16.4,622.1,383.9
2024-11-23 05:00:00,253.6,405.5,49.8,0.0,0.0,16.4,725.4,396.9
2024-11-23 05:15:00,527.3,263.7,50.6,0.0,0.0,16.4,907.1,397.6
2024-11-23 05:30:00,474.4,206.6,97.1,0.0,0.0,16.4,560.6,315.4
2024-11-23 05:45:00,411.7,123.1,83.9,0.0,0.0,13.3,762.9,221.6
2024-11-23 06:00:00,174.8,166.3,63.7,0.0,0.0,13.0,694.3,73.6
2024-11-23 06:15:00,279.2,283.9,123.8,0.0,0.0,13.0,628.5,36.3
2024-11-23 06:30:00,273.6,380.1,50.9,0.0,0.0,13.0,457.2,34.7
2024-11-23 06:45:00,230.9,329.5,42.1,0.0,0.0,13.0,460.3,62.0
2024-11-23 07:00:00,250.7,329.6,27.9,0.0,0.0,19.8,164.8,53.4
2024-11-23 07:15:00,160.2,478.1,1.8,0.0,0.0,26.7,214.5,94.3
2024-11-23 07:30:00,80.0,371.1,0.0,0.0,0.0,28.7,306.6,56.8
2024-11-23 07:45:00,43.6,316.9,0.0,0.0,0.0,23.1,401.5,83.2
2024-11-23 08:00:00,5.7,292.2,0.0,0.0,0.0,23.1,258.8,48.1
2024-11-23 08:15:00,94.7,243.9,0.0,0.0,0.0,20.5,114.6,33.4
2024-11-23 08:30:00,25.3,284.7,0.0,0.0,0.0,20.1,153.0,17.0
2024-11-23 08:45:00,38.6,284.0,0.0,0.0,0.0,20.1,306.9,0.0
2024-11-23 09:00:00,156.2,340.2,0.0,0.0,0.0,20.1,405.9,0.0
2024-11-23 09:15:00,134.5,256.2,0.0,0.0,0.0,29.8,305.8,55.4
2024-11-23 09:30:00,89.7,99.9,46.0,0.0,0.0,29.8,512.0,55.4
2024-11-23 09:45:00,82.0,173.5,24.0,0.0,0.0,29.8,481.1,52.1
2024-11-23 10:00:00,12.9,152.6,42.2,0.0,0.0,29.8,718.5,52.1
2024-11-23 10:15:00,26.5,294.8,9.5,0.0,0.0,27.2,476.1,128.2
2024-11-23 10:30:00,24.7,333.4,0.0,0.0,0.0,23.8,611.6,98.0
2024-11-23 10:45:00,24.0,263.6,0.0,73.0,0.0,23.8,573.2,55.2
2024-11-23 11:00:00,337.9,320.2,171.7,118.1,6.8,19.1,766.6,130.9
2024-11-23 11:15:00,286.3,423.7,171.7,200.3,6.8,17.0,674.0,122.6
2024-11-23 11:30:00,272.6,523.2,196.8,190.7,6.8,17.0,827.9,67.9
2024-11-23 11:45:00,409.4,582.9,171.8,190.7,6.8,23.9,676.1,24.3
2024-11-23 12:00:00,278.0,741.0,65.6,190.7,6.8,26.7,805.8,47.8
2024-11-23 12:15:00,219.2,635.1,30.5,74.9,6.8,23.0,866.5,114.4
2024-11-23 12:30:00,194.5,562.0,12.3,175.1,6.8,17.0,831.1,201.2
2024-11-23 12:45:00,108.6,529.3,0.0,87.1,6.8,8.0,767.5,299.0
2024-11-23 13:00:00,70.6,349.0,16.8,59.1,13.6,9.7,771.3,283.9
2024-11-23 13:15:00,59.2,322.9,16.8,130.9,13.6,9.7,868.7,262.3
2024-11-23 13:30:00,74.5,309.8,16.8,203.6,13.6,9.7,820.2,178.6
2024-11-23 13:45:00,165.7,389.1,110.8,186.1,13.6,9.7,757.5,146.6
2024-11-23 14:00:00,344.8,435.5,110.8,94.5,13.6,9.7,698.6,247.2
2024-11-23 14:15:00,409.0,310.0,72.6,0.0,13.6,9.7,725.1,344.7
2024-11-23 14:30:00,335.2,459.2,52.2,0.0,13.5,13.2,864.1,266.9
2024-11-23 14:45:00,289.7,548.3,41.1,0.0,13.5,8.0,649.7,127.2
2024-11-23 15:00:00,229.2,510.3,21.1,0.0,9.3,7.1,807.1,81.2
2024-11-23 15:15:00,118.8,571.4,21.1,0.0,6.7,7.1,740.7,199.3
2024-11-23 15:30:00,288.1,643.1,132.9,0.0,6.7,7.1,770.0,414.7
2024-11-23 15:45:00,341.4,523.3,162.2,0.0,6.7,14.0,685.1,383.0
2024-11-23 16:00:00,309.0,491.6,151.1,0.0,6.7,14.0,777.0,207.1
2024-11-23 16:15:00,337.3,331.9,54.4,0.0,6.7,14.0,755.6,294.9
2024-11-23 16:30:00,401.3,362.8,70.8,0.0,6.7,14.0,822.5,354.3
2024-11-23 16:45:00,528.5,515.9,56.4,0.0,6.7,14.0,771.9,324.2
2024-11-23 17:00:00,526.9,376.3,60.8,0.0,4.0,14.0,846.3,378.7
2024-11-23 17:15:00,386.7,414.4,122.5,0.0,0.0,20.4,657.1,292.9
2024-11-23 17:30:00,249.4,287.5,85.5,0.0,0.0,30.3,827.9,277.7
2024-11-23 17:45:00,56.3,133.3,161.5,0.0,0.0,29.8,661.3,152.8
2024-11-23 18:00:00,242.8,1.8,31.9,0.0,0.0,30.4,765.2,73.7
2024-11-23 18:15:00,175.7,26.8,22.1,0.0,6.8,31.2,549.5,64.4
2024-11-23 18:30:00,126.4,109.8,22.1,0.0,6.8,35.6,380.4,32.1
2024-11-23 18:45:00,74.1,118.5,99.4,0.0,6.8,35.2,307.6,0.0
2024-11-23 19:00:00,29.1,102.5,77.3,0.0,6.8,24.0,616.0,0.0
2024-11-23 19:15:00,96.7,179.4,14.6,0.0,10.4,22.9,610.0,22.3
2024-11-23 19:30:00,99.1,224.7,0.0,0.0,10.4,21.6,560.4,54.1
2024-11-23 19:45:00,74.3,96.1,0.0,0.0,10.4,21.6,318.1,35.3
2024-11-23 20:00:00,46.8,96.1,0.0,0.0,10.4,21.6,457.0,35.3
2024-11-23 20:15:00,24.7,164.5,24.5,0.0,10.4,19.3,462.5,109.9
2024-11-23 20:30:00,80.1,277.7,228.8,0.0,10.4,22.7,438.5,86.8
2024-11-23 20:45:00,64.1,254.9,241.0,0.0,10.4,20.4,457.1,5.7
2024-11-23 21:00:00,76.5,316.6,128.2,0.0,10.4,23.4,608.9,35.1
2024-11-23 21:15:00,162.4,236.6,75.5,82.4,10.4,30.0,570.3,31.3
2024-11-23 21:30:00,241.5,390.9,49.9,82.4,10.4,29.4,682.0,62.9
2024-11-23 21:45:00,374.6,368.9,65.1,558.8,10.4,36.4,572.2,180.7
2024-11-23 22:00:00,707.2,1047.5,2261.6,5880.0,22.8,73.5,512.4,478.7
2024-11-23 22:15:00,664.4,1456.0,2363.5,6114.7,42.3,78.3,579.3,529.8
2024-11-23 22:30:00,578.3,1535.5,2461.5,6070.6,54.3,78.3,593.9,537.1
2024-11-23 22:45:00,750.6,1441.8,3206.2,6212.9,54.3,78.3,713.6,543.2
2024-11-23 23:00:00,639.7,1449.2,2640.7,6129.0,54.3,81.3,758.2,567.1
2024-11-23 23:15:00,588.9,1237.0,2548.6,5553.0,54.0,77.7,903.5,439.0
2024-11-23 23:30:00,705.0,1118.9,2785.7,4635.0,43.7,77.8,791.4,444.0
2024-11-23 23:45:00,335.7,525.0,1270.3,2364.9,29.0,53.1,381.3,371.4
2024-11-24 00:00:00,573.9,1478.3,2717.5,3969.9,53.2,75.6,725.5,558.6
2024-11-24 00:15:00,689.0,1435.2,2354.7,4619.8,53.2,81.7,848.6,598.0
2024-11-24 00:30:00,612.0,1514.7,2344.0,5253.3,53.2,81.7,744.6,559.1
2024-11-24 00:45:00,548.0,1466.3,2108.9,5211.9,53.2,81.7,734.2,556.6
2024-11-24 01:00:00,404.8,1248.4,1841.8,5983.7,53.2,81.7,718.7,489.3
2024-11-24 01:15:00,392.4,1217.8,1598.9,5530.2,53.2,81.7,818.5,550.7
2024-11-24 01:30:00,377.1,1352.6,1426.7,5086.3,47.0,78.4,664.9,842.5
2024-11-24 01:45:00,302.3,1221.0,1045.2,4157.6,42.5,68.8,766.9,850.9
2024-11-24 02:00:00,224.2,999.7,670.0,3261.6,38.8,60.5,625.7,860.0
2024-11-24 02:15:00,218.9,796.7,381.0,2477.6,36.8,60.5,648.8,786.5
2024-11-24 02:30:00,182.3,506.7,244.6,1480.0,36.8,54.8,736.7,736.0
2024-11-24 02:45:00,220.5,591.4,158.7,804.0,36.8,50.5,686.3,620.7
2024-11-24 03:00:00,191.6,502.8,153.7,343.3,36.8,50.5,573.8,579.6
2024-11-24 03:15:00,234.1,415.0,146.4,16.0,36.8,46.9,596.4,479.3
2024-11-24 03:30:00,236.1,428.3,98.7,62.3,36.8,39.3,764.9,424.0
2024-11-24 03:45:00,193.3,412.4,99.7,62.3,33.8,37.0,702.3,321.3
2024-11-24 04:00:00,234.3,339.3,75.2,62.3,30.0,33.8,613.7,242.5
2024-11-24 04:15:00,167.4,469.4,62.5,33.4,16.1,32.2,619.1,219.2
2024-11-24 04:30:00,109.3,403.7,32.0,0.0,16.1,29.9,738.5,191.9
2024-11-24 04:45:00,93.0,347.6,49.4,0.0,13.5,29.9,854.9,267.6
2024-11-24 05:00:00,190.8,347.2,73.5,0.0,9.9,27.8,660.0,339.7
2024-11-24 05:15:00,357.2,295.1,113.2,0.0,9.9,24.1,705.3,420.7
2024-11-24 05:30:00,388.1,211.5,136.8,0.0,9.9,22.5,708.5,375.8
2024-11-24 05:45:00,304.8,165.0,124.4,0.0,9.6,17.3,696.9,187.9
2024-11-24 06:00:00,202.4,341.4,60.7,0.0,2.6,11.4,706.0,114.9
2024-11-24 06:15:00,235.8,373.5,21.5,0.0,0.0,10.4,627.4,58.7
2024-11-24 06:30:00,301.9,321.5,21.0,0.0,0.0,10.4,578.9,82.6
2024-11-24 06:45:00,308.3,496.3,50.2,0.0,0.0,10.4,511.9,80.9
2024-11-24 07:00:00,212.9,447.7,68.3,0.0,0.0,10.4,288.3,26.9
2024-11-24 07:15:00,214.7,456.4,90.5,0.0,0.0,7.5,218.0,0.0
2024-11-24 07:30:00,156.8,435.7,118.3,0.0,0.0,2.4,307.4,29.8
2024-11-24 07:45:00,83.9,354.4,102.4,0.0,0.0,0.0,563.6,10.6
2024-11-24 08:00:00,86.3,223.1,92.6,0.0,0.0,0.0,613.1,0.0
2024-11-24 08:15:00,65.6,168.9,48.4,0.0,0.0,0.0,700.3,0.0
2024-11-24 08:30:00,2.5,192.0,0.0,0.0,0.0,0.0,708.9,10.8
2024-11-24 08:45:00,49.7,219.1,0.0,0.0,0.0,0.0,839.7,0.0
2024-11-24 09:00:00,45.3,108.5,0.0,0.0,6.8,0.0,448.7,0.0
2024-11-24 09:15:00,105.7,82.7,0.0,0.0,6.8,1.0,334.4,27.0
2024-11-24 09:30:00,179.0,111.3,0.0,0.0,6.8,4.2,459.0,27.0
2024-11-24 09:45:00,221.9,221.2,0.0,0.0,6.8,4.2,554.7,26.8
2024-11-24 10:00:00,210.1,308.3,21.1,0.0,6.8,6.5,526.6,0.0
2024-11-24 10:15:00,71.2,166.5,99.9,0.0,6.8,6.5,435.2,0.0
2024-11-24 10:30:00,56.6,182.3,42.7,0.0,6.0,6.5,376.8,0.0
2024-11-24 10:45:00,77.5,132.9,171.4,0.0,0.0,10.8,545.1,0.0
2024-11-24 11:00:00,270.1,253.3,169.6,206.5,0.0,8.5,718.3,74.8
2024-11-24 11:15:00,329.9,412.8,130.9,279.6,0.0,3.4,707.2,106.5
2024-11-24 11:30:00,261.5,329.6,49.0,279.6,0.0,4.4,548.7,112.9
2024-11-24 11:45:00,234.0,257.5,16.2,301.1,0.0,4.4,399.1,111.7
2024-11-24 12:00:00,116.0,311.6,68.5,262.6,0.0,6.3,578.8,90.5
2024-11-24 12:15:00,105.9,300.4,128.7,263.4,0.0,6.3,574.7,127.2
2024-11-24 12:30:00,83.9,246.5,54.8,247.4,6.6,7.1,705.7,104.3
2024-11-24 12:45:00,78.7,204.3,54.8,265.3,6.6,6.3,746.1,125.4
2024-11-24 13:00:00,180.7,325.1,43.2,248.7,6.6,6.3,720.1,113.1
2024-11-24 13:15:00,294.6,329.3,0.0,220.0,6.6,9.3,560.9,174.7
2024-11-24 13:30:00,329.1,286.1,0.0,220.0,6.6,6.8,459.5,173.6
2024-11-24 13:45:00,238.1,419.4,15.9,159.3,6.6,6.8,393.1,156.6
2024-11-24 14:00:00,251.1,402.8,24.3,118.5,6.6,6.8,536.5,61.3
2024-11-24 14:15:00,294.8,286.8,106.6,68.4,6.6,5.2,534.6,44.0
2024-11-24 14:30:00,188.2,164.5,142.2,68.4,6.6,3.7,636.1,168.3
2024-11-24 14:45:00,223.0,116.4,159.8,68.4,6.6,3.7,579.8,168.3
2024-11-24 15:00:00,124.5,241.6,88.0,68.4,6.6,3.7,621.4,132.7
2024-11-24 15:15:00,144.7,522.0,24.3,68.4,6.6,3.7,616.6,74.9
2024-11-24 15:30:00,258.9,560.9,60.4,37.4,4.4,3.0,551.1,138.7
2024-11-24 15:45:00,339.9,655.6,91.4,0.0,3.6,2.9,430.5,165.9
2024-11-24 16:00:00,441.9,636.3,177.0,0.0,22.1,2.9,558.3,107.4
2024-11-24 16:15:00,452.3,459.2,152.9,0.0,22.1,2.9,612.9,194.3
2024-11-24 16:30:00,305.8,508.0,197.2,0.0,22.1,8.1,668.6,136.1
2024-11-24 16:45:00,113.5,586.7,243.5,0.0,22.1,8.1,759.8,97.6
2024-11-24 17:00:00,113.4,350.8,141.4,0.0,22.1,8.1,817.9,104.6
2024-11-24 17:15:00,75.8,416.2,134.6,0.0,22.1,8.1,755.8,3.1
2024-11-24 17:30:00,55.2,316.5,76.9,0.0,22.1,8.1,868.0,0.0
2024-11-24 17:45:00,62.6,375.5,37.5,0.0,22.1,8.1,811.0,34.2
2024-11-24 18:00:00,141.8,311.7,37.8,0.0,14.4,8.1,775.6,34.2
2024-11-24 18:15:00,70.1,240.6,37.8,0.0,6.7,12.1,656.2,34.2
2024-11-24 18:30:00,97.7,241.1,37.8,0.0,6.4,23.8,600.5,34.1
2024-11-24 18:45:00,97.7,241.6,127.3,0.0,6.4,23.8,685.4,33.1
2024-11-24 19:00:00,175.6,236.0,89.2,0.0,6.4,23.8,457.0,45.7
2024-11-24 19:15:00,83.9,110.0,84.4,0.0,6.4,20.8,368.5,108.5
2024-11-24 19:30:00,50.3,118.5,0.0,0.0,6.4,18.6,328.8,44.3
2024-11-24 19:45:00,84.6,231.6,29.5,0.0,6.4,18.6,485.4,12.7
2024-11-24 20:00:00,29.3,215.8,29.5,0.0,6.4,25.4,413.7,12.7
2024-11-24 20:15:00,71.3,172.4,24.6,0.0,6.4,26.1,257.8,12.7
2024-11-24 20:30:00,71.3,205.7,0.0,0.0,6.4,26.1,300.6,34.4
2024-11-24 20:45:00,113.3,310.9,0.0,36.7,6.4,32.9,286.0,60.6
2024-11-24 21:00:00,101.5,426.8,87.7,69.7,6.4,49.6,117.5,105.9
2024-11-24 21:15:00,148.7,396.5,148.3,66.9,6.4,49.6,0.0,105.9
2024-11-24 21:30:00,173.8,333.7,172.2,65.9,6.4,49.6,154.3,166.0
2024-11-24 21:45:00,311.5,521.9,139.9,336.2,6.4,49.6,154.3,125.7
2024-11-24 22:00:00,698.6,1043.7,2207.1,5417.0,17.5,76.1,154.3,597.2
2024-11-24 22:15:00,807.8,1293.4,2206.0,6395.9,17.5,76.1,170.4,659.9
2024-11-24 22:30:00,987.6,1675.6,2401.7,6567.5,17.5,82.5,308.6,679.3
2024-11-24 22:45:00,817.0,1622.4,3326.8,6582.1,17.5,82.5,462.2,600.5
2024-11-24 23:00:00,454.4,1518.9,2931.2,6307.1,17.5,82.5,649.5,603.3
2024-11-24 23:15:00,333.9,1413.8,2535.9,6050.6,17.5,82.5,696.7,612.6
2024-11-24 23:30:00,293.1,1513.2,2445.0,4277.9,17.5,82.5,612.1,633.4
2024-11-24 23:45:00,168.9,820.6,838.6,2299.4,11.1,46.7,434.0,252.1
2024-11-25 00:00:00,328.1,1563.8,2528.7,3884.8,17.5,86.0,679.4,557.0
2024-11-25 00:15:00,427.0,1582.4,2439.3,4820.0,17.5,89.1,873.3,626.3
2024-11-25 00:30:00,648.2,1587.9,2248.9,4795.6,17.5,86.2,644.7,677.5
2024-11-25 00:45:00,572.8,1235.2,1840.2,5286.5,17.5,81.4,816.0,783.3
2024-11-25 01:00:00,474.1,1214.7,1748.4,5656.1,17.5,81.4,828.8,761.9
2024-11-25 01:15:00,316.4,1179.6,1625.2,5128.2,17.5,81.4,691.5,802.2
2024-11-25 01:30:00,114.1,1117.8,1119.3,4150.7,17.5,75.9,720.6,947.1
2024-11-25 01:45:00,165.4,873.9,726.6,3348.1,17.5,69.1,767.1,832.2
2024-11-25 02:00:00,330.8,775.0,477.5,2257.7,17.5,66.4,870.4,756.6
2024-11-25 02:15:00,313.3,515.6,268.7,1550.4,14.2,63.9,545.7,557.3
2024-11-25 02:30:00,238.3,473.6,254.6,707.0,11.1,52.7,429.2,395.8
2024-11-25 02:45:00,265.7,468.4,204.4,118.6,6.9,52.7,462.3,412.8
2024-11-25 03:00:00,186.5,416.5,106.8,0.0,6.1,47.5,616.3,541.3
2024-11-25 03:15:00,306.0,373.4,61.9,0.0,6.1,38.5,787.1,535.7
2024-11-25 03:30:00,272.3,314.2,49.1,0.0,6.1,34.9,809.0,410.2
2024-11-25 03:45:00,178.4,266.7,71.7,0.0,3.1,34.9,753.5,265.5
2024-11-25 04:00:00,111.3,272.7,114.9,0.0,0.0,34.9,790.1,255.4
2024-11-25 04:15:00,93.4,227.8,64.3,0.0,0.0,29.2,809.1,300.9
2024-11-25 04:30:00,41.1,347.1,61.9,0.0,0.0,25.2,938.1,256.3
2024-11-25 04:45:00,132.1,278.5,91.8,0.0,0.0,22.9,852.1,217.7
2024-11-25 05:00:00,151.6,267.4,134.9,0.0,0.0,18.2,842.9,207.3
2024-11-25 05:15:00,218.1,238.7,131.6,0.0,0.0,16.6,691.6,132.3
2024-11-25 05:30:00,285.7,226.3,137.1,0.0,0.0,11.6,764.9,114.7
2024-11-25 05:45:00,218.4,174.5,152.6,0.0,0.0,6.6,791.1,64.3
2024-11-25 06:00:00,140.1,136.7,95.5,0.0,0.0,3.4,919.5,0.0
2024-11-25 06:15:00,41.8,252.0,66.9,0.0,0.0,3.4,878.6,26.0
2024-11-25 06:30:00,99.3,348.9,65.1,0.0,0.0,3.4,612.4,26.0
2024-11-25 06:45:00,130.8,424.5,25.1,0.0,0.0,3.4,420.1,26.0
2024-11-25 07:00:00,103.4,340.9,0.0,0.0,0.0,3.4,604.2,34.3
2024-11-25 07:15:00,42.0,311.9,0.0,0.0,2.6,3.4,338.0,46.6
2024-11-25 07:30:00,79.4,262.1,42.4,0.0,2.6,3.4,352.8,41.0
2024-11-25 07:45:00,26.6,246.2,42.4,0.0,2.6,3.4,305.5,61.8
2024-11-25 08:00:00,0.0,250.9,42.4,0.0,2.6,4.1,341.9,42.2
2024-11-25 08:15:00,44.1,173.7,18.1,0.0,2.6,2.6,452.8,42.2
2024-11-25 08:30:00,77.6,126.6,0.0,0.0,2.6,2.6,253.8,68.3
2024-11-25 08:45:00,42.3,199.1,0.0,0.0,2.6,2.6,446.8,4.3
2024-11-25 09:00:00,0.0,225.9,0.0,0.0,2.6,2.6,614.7,0.0
2024-11-25 09:15:00,124.4,232.5,0.0,50.4,2.6,2.6,738.1,46.3
2024-11-25 09:30:00,130.5,280.5,0.0,94.7,2.6,2.6,717.9,79.9
2024-11-25 09:45:00,61.5,173.4,0.0,94.7,5.9,2.6,535.6,74.3
2024-11-25 10:00:00,92.3,218.4,0.0,168.4,3.7,0.3,678.5,24.5
2024-11-25 10:15:00,105.9,247.8,0.0,168.4,3.2,0.0,615.3,63.8
2024-11-25 10:30:00,63.5,223.4,0.0,168.4,3.2,0.0,342.9,61.9
2024-11-25 10:45:00,28.2,270.6,0.0,72.7,3.2,0.0,285.9,11.9
2024-11-25 11:00:00,257.8,379.9,133.3,119.5,3.2,0.0,460.7,148.8
2024-11-25 11:15:00,345.4,561.5,133.3,189.9,3.2,6.2,447.6,132.2
2024-11-25 11:30:00,272.8,642.4,121.2,189.9,3.2,6.2,553.8,75.9
2024-11-25 11:45:00,214.9,685.5,29.7,189.9,3.2,6.2,454.7,35.7
2024-11-25 12:00:00,182.8,741.1,92.9,168.9,3.2,6.2,738.5,8.7
2024-11-25 12:15:00,187.1,825.6,124.6,58.7,3.2,6.2,601.3,0.0
2024-11-25 12:30:00,269.2,630.4,100.1,160.1,3.2,12.7,767.2,40.3
2024-11-25 12:45:00,256.1,498.5,161.3,218.5,3.2,12.7,643.0,34.1
2024-11-25 13:00:00,140.7,500.8,103.4,218.5,2.5,12.7,758.4,69.5
2024-11-25 13:15:00,106.2,459.8,80.6,218.5,0.0,12.7,669.5,58.8
2024-11-25 13:30:00,218.3,440.9,77.2,218.5,0.0,12.7,808.5,57.7
2024-11-25 13:45:00,349.9,266.8,32.3,172.8,0.0,12.7,702.4,57.7
2024-11-25 14:00:00,312.6,362.0,22.0,92.2,0.0,7.5,789.7,49.8
2024-11-25 14:15:00,235.2,585.7,0.0,0.0,17.9,6.2,612.7,133.0
2024-11-25 14:30:00,226.0,653.0,0.0,0.0,17.9,1.3,779.9,132.7
2024-11-25 14:45:00,264.1,625.9,26.8,0.0,17.9,0.0,891.1,114.2
2024-11-25 15:00:00,244.9,545.3,26.8,0.0,17.9,3.0,959.7,149.7
2024-11-25 15:15:00,298.0,492.5,63.6,0.0,3.0,3.0,847.4,159.9
2024-11-25 15:30:00,240.5,397.4,36.8,0.0,0.0,3.0,819.5,157.6
2024-11-25 15:45:00,196.9,383.1,1.3,0.0,0.0,3.0,863.0,220.2
2024-11-25 16:00:00,284.5,358.0,0.0,0.0,0.0,6.4,813.6,188.8
2024-11-25 16:15:00,364.3,348.2,0.0,0.0,0.0,13.3,820.1,261.0
2024-11-25 16:30:00,333.3,401.7,91.0,0.0,0.0,13.3,937.1,240.6
2024-11-25 16:45:00,286.3,326.8,91.0,0.0,0.0,13.3,808.2,146.0
2024-11-25 17:00:00,243.9,288.7,96.7,0.0,2.5,13.3,921.2,110.6
2024-11-25 17:15:00,183.6,195.4,20.8,0.0,2.5,13.3,931.0,130.6
2024-11-25 17:30:00,171.6,176.0,0.0,0.0,2.5,13.3,756.4,104.4
2024-11-25 17:45:00,185.6,331.0,0.0,0.0,2.5,27.7,401.5,63.6
2024-11-25 18:00:00,163.7,329.7,0.0,0.0,2.5,27.7,309.4,47.2
2024-11-25 18:15:00,118.6,310.6,0.0,0.0,2.5,27.7,153.2,44.8
2024-11-25 18:30:00,52.3,307.8,135.2,0.0,2.5,29.3,48.0,24.1
2024-11-25 18:45:00,23.9,296.4,135.2,0.0,2.5,37.8,152.5,0.0
2024-11-25 19:00:00,121.1,176.6,179.0,0.0,2.5,37.8,452.2,0.0
2024-11-25 19:15:00,95.6,76.1,143.1,0.0,2.5,42.9,397.1,0.0
2024-11-25 19:30:00,144.8,182.4,87.0,0.0,1.0,40.8,264.4,28.5
2024-11-25 19:45:00,138.8,246.3,87.0,35.5,0.0,40.8,305.8,1.5
2024-11-25 20:00:00,117.5,319.2,76.6,34.7,0.0,40.8,305.8,26.4
2024-11-25 20:15:00,53.9,226.1,43.2,68.2,0.0,39.4,229.2,42.0
2024-11-25 20:30:00,24.5,142.2,18.2,68.2,0.0,31.1,308.4,30.8
2024-11-25 20:45:00,49.6,169.3,37.5,68.2,0.0,31.1,443.0,24.0
2024-11-25 21:00:00,100.0,275.4,92.9,68.2,0.0,34.4,441.4,0.0
2024-11-25 21:15:00,112.6,473.8,127.2,353.4,0.0,32.0,410.5,35.2
2024-11-25 21:30:00,119.9,460.7,191.4,353.4,0.0,33.2,403.4,60.0
2024-11-25 21:45:00,230.3,441.5,114.3,3157.8,0.0,40.1,575.3,174.7
2024-11-25 22:00:00,499.2,970.1,2153.7,7447.1,19.2,72.6,584.0,738.9
2024-11-25 22:15:00,694.6,1131.0,2230.9,7590.4,25.2,77.1,660.0,814.3
2024-11-25 22:30:00,683.8,1234.0,2390.2,7948.2,25.2,83.7,747.2,774.4
2024-11-25 22:45:00,623.6,1169.8,2998.2,7627.0,25.2,83.7,678.8,752.4
2024-11-25 23:00:00,558.8,1462.2,2630.6,7311.6,25.2,82.8,489.6,642.6
2024-11-25 23:15:00,643.4,1489.4,2269.2,6336.9,25.2,74.2,443.8,450.6
2024-11-25 23:30:00,727.0,1440.3,2228.7,4747.3,25.2,62.8,562.2,503.6
2024-11-25 23:45:00,315.7,820.4,1446.6,2244.7,23.4,43.7,366.1,330.4
2024-11-26 00:00:00,803.3,1587.6,2862.8,3791.2,25.2,55.1,764.1,829.8
2024-11-26 00:15:00,838.6,1899.5,2813.5,4872.4,25.2,53.6,850.1,1001.8
2024-11-26 00:30:00,715.2,2046.5,2799.1,5588.8,25.2,53.6,709.5,1112.1
2024-11-26 00:45:00,737.4,2083.2,2616.3,5498.7,25.2,49.2,738.9,1182.4
2024-11-26 01:00:00,676.0,2002.2,2421.3,6284.1,25.2,38.0,733.8,1122.6
2024-11-26 01:15:00,551.0,1784.6,2339.1,5810.4,20.6,33.0,683.9,1121.0
2024-11-26 01:30:00,725.7,1464.0,2094.5,5263.9,6.0,30.6,736.8,839.0
2024-11-26 01:45:00,583.7,1317.5,1769.3,4584.8,6.0,21.0,768.5,688.8
2024-11-26 02:00:00,465.0,1158.7,1227.4,3525.6,6.0,14.5,758.2,598.3
2024-11-26 02:15:00,390.5,845.4,705.0,2176.1,6.0,13.6,749.0,665.9
2024-11-26 02:30:00,305.3,548.8,503.6,1630.2,2.1,13.6,448.4,696.0
2024-11-26 02:45:00,227.7,430.3,254.4,1004.4,0.0,13.6,566.8,612.8
2024-11-26 03:00:00,152.9,318.2,154.6,346.9,0.0,8.9,383.4,463.4
2024-11-26 03:15:00,116.5,304.7,46.2,89.9,0.0,6.9,562.2,369.1
2024-11-26 03:30:00,187.5,370.7,59.4,10.4,0.0,6.9,460.0,300.5
2024-11-26 03:45:00,190.0,412.1,59.4,0.0,0.0,6.9,600.2,200.8
2024-11-26 04:00:00,213.5,408.6,59.4,0.0,0.0,6.9,513.6,184.2
2024-11-26 04:15:00,224.3,439.1,24.0,0.0,0.0,6.9,608.4,141.8
2024-11-26 04:30:00,170.8,375.4,78.3,0.0,0.0,6.9,602.2,122.9
2024-11-26 04:45:00,203.2,354.7,113.8,0.0,0.0,3.1,766.4,166.7
2024-11-26 05:00:00,253.1,398.7,130.6,0.0,0.0,0.0,757.9,132.3
2024-11-26 05:15:00,305.0,359.5,148.6,0.0,0.0,0.0,754.1,117.7
2024-11-26 05:30:00,339.4,134.2,158.5,0.0,0.0,0.0,746.0,115.5
2024-11-26 05:45:00,319.1,86.5,113.5,0.0,0.0,0.0,616.4,35.0
2024-11-26 06:00:00,249.2,50.1,44.7,0.0,0.0,0.0,607.5,0.0
2024-11-26 06:15:00,152.9,133.5,35.1,0.0,0.0,0.0,606.9,0.0
2024-11-26 06:30:00,46.7,147.1,16.6,0.0,0.0,3.3,574.7,41.8
2024-11-26 06:45:00,160.7,206.1,19.5,0.0,0.0,9.7,579.7,33.6
2024-11-26 07:00:00,197.0,263.3,3.3,0.0,0.0,9.7,459.0,15.0
2024-11-26 07:15:00,136.9,353.2,0.0,0.0,0.0,8.2,541.1,0.0
2024-11-26 07:30:00,67.5,415.2,0.0,0.0,0.0,2.4,539.4,0.0
2024-11-26 07:45:00,43.8,325.7,0.0,0.0,0.0,9.1,671.9,0.0
2024-11-26 08:00:00,27.5,148.5,0.0,0.0,0.0,9.1,778.2,0.0
2024-11-26 08:15:00,71.5,117.4,0.0,0.0,0.0,9.1,727.8,0.0
2024-11-26 08:30:00,100.4,160.0,0.0,0.0,0.0,9.1,742.9,34.7
2024-11-26 08:45:00,92.8,357.7,0.0,0.0,0.0,15.9,745.4,44.8
2024-11-26 09:00:00,62.2,274.5,0.0,0.0,0.0,14.6,889.2,33.0
2024-11-26 09:15:00,131.2,115.1,0.0,0.0,0.0,16.7,766.7,11.3
2024-11-26 09:30:00,161.2,155.8,0.0,61.2,0.0,22.0,773.5,144.2
2024-11-26 09:45:00,155.7,139.2,0.0,61.2,0.0,22.0,550.2,104.4
2024-11-26 10:00:00,164.9,282.7,0.0,61.2,0.0,22.0,498.3,42.4
2024-11-26 10:15:00,113.5,342.8,0.0,61.2,0.0,25.7,538.5,32.2
2024-11-26 10:30:00,66.8,258.1,59.5,30.6,0.0,22.1,721.6,31.1
2024-11-26 10:45:00,104.9,209.8,59.5,259.6,0.0,18.9,871.9,29.4
2024-11-26 11:00:00,314.5,445.0,146.4,259.6,0.0,18.6,737.8,112.0
2024-11-26 11:15:00,341.5,647.9,226.0,259.6,0.0,18.4,514.2,136.2
2024-11-26 11:30:00,407.5,789.3,154.6,259.6,0.0,18.4,554.3,227.5
2024-11-26 11:45:00,423.9,684.4,133.3,245.1,0.0,21.6,460.4,275.1
2024-11-26 12:00:00,383.5,872.4,231.2,114.1,0.0,19.7,465.9,281.2
2024-11-26 12:15:00,280.6,803.8,181.0,77.4,0.0,25.8,306.4,222.4
2024-11-26 12:30:00,267.8,596.6,207.7,77.4,0.0,25.8,420.7,228.0
2024-11-26 12:45:00,289.3,530.4,114.6,77.4,0.0,25.3,251.8,162.1
2024-11-26 13:00:00,357.0,398.9,131.9,137.8,0.0,23.2,405.6,171.4
2024-11-26 13:15:00,396.9,485.8,137.7,137.8,0.0,29.1,460.1,135.0
2024-11-26 13:30:00,287.4,415.7,107.0,137.8,0.0,20.4,692.4,108.4
2024-11-26 13:45:00,173.3,488.9,107.0,137.8,0.0,20.1,590.7,43.2
2024-11-26 14:00:00,99.5,446.3,104.6,111.7,0.0,20.1,524.1,73.8
2024-11-26 14:15:00,166.3,626.2,92.1,23.1,0.0,20.1,614.5,73.8
2024-11-26 14:30:00,182.1,559.4,75.4,70.8,0.0,20.1,708.9,206.1
2024-11-26 14:45:00,386.3,645.5,34.2,7.2,0.0,20.1,876.1,248.7
2024-11-26 15:00:00,483.9,706.0,32.0,0.0,0.0,17.2,725.6,236.9
2024-11-26 15:15:00,487.7,780.3,18.1,0.0,0.0,10.7,570.7,192.7
2024-11-26 15:30:00,366.4,611.2,61.9,0.0,0.0,10.0,368.9,169.4
2024-11-26 15:45:00,235.8,593.2,81.4,0.0,0.0,13.4,307.5,220.3
2024-11-26 16:00:00,183.9,486.0,93.8,0.0,0.0,13.4,428.1,227.5
2024-11-26 16:15:00,201.3,549.1,79.3,0.0,0.0,16.8,554.9,249.6
2024-11-26 16:30:00,424.9,502.8,80.6,0.0,0.0,10.3,759.5,183.4
2024-11-26 16:45:00,360.4,422.0,143.5,0.0,0.0,13.5,749.0,97.3
2024-11-26 17:00:00,327.1,263.9,210.1,0.0,0.0,15.0,693.3,66.9
2024-11-26 17:15:00,221.1,467.1,274.2,0.0,0.0,15.0,665.2,92.0
2024-11-26 17:30:00,91.0,465.5,176.1,0.0,0.0,19.8,795.0,133.6
2024-11-26 17:45:00,185.7,275.6,33.8,0.0,0.0,22.0,936.8,117.2
2024-11-26 18:00:00,130.3,305.0,58.4,0.0,0.0,22.0,787.5,73.9
2024-11-26 18:15:00,102.4,271.5,47.4,0.0,6.6,25.4,768.3,197.8
2024-11-26 18:30:00,67.9,139.4,45.7,0.0,6.6,23.9,595.7,163.2
2024-11-26 18:45:00,82.3,103.9,58.1,0.0,26.0,31.6,577.0,128.2
2024-11-26 19:00:00,21.1,126.3,63.4,0.0,26.0,33.6,631.1,96.3
2024-11-26 19:15:00,0.0,144.9,198.6,0.0,26.0,35.7,716.5,134.4
2024-11-26 19:30:00,33.1,222.5,198.6,0.0,26.0,34.9,739.0,94.7
2024-11-26 19:45:00,26.5,263.8,149.6,0.0,26.0,31.4,676.9,180.1
2024-11-26 20:00:00,109.0,366.2,124.8,0.0,26.0,30.1,591.3,179.5
2024-11-26 20:15:00,153.3,347.7,138.4,0.0,26.0,19.4,337.5,124.9
2024-11-26 20:30:00,168.1,194.8,73.5,0.0,26.0,11.2,498.7,57.9
2024-11-26 20:45:00,177.0,251.5,90.7,2.6,10.0,11.2,656.2,8.6
2024-11-26 21:00:00,244.8,276.8,92.9,2.6,6.6,11.2,558.4,0.0
2024-11-26 21:15:00,363.6,403.8,78.9,47.8,6.6,11.2,722.7,26.5
2024-11-26 21:30:00,309.5,407.3,102.5,93.6,6.6,10.9,624.8,26.5
2024-11-26 21:45:00,222.5,518.2,81.2,1023.3,6.6,23.3,584.4,160.2
2024-11-26 22:00:00,806.5,1039.5,2302.2,6934.0,37.0,29.4,289.8,516.6
2024-11-26 22:15:00,1105.7,1409.6,2335.0,7383.9,37.0,43.6,59.0,620.0
2024-11-26 22:30:00,1249.8,1506.5,2338.1,7788.3,37.0,43.6,0.0,672.4
2024-11-26 22:45:00,1189.0,1580.1,2458.4,7763.3,37.0,40.3,0.0,776.6
2024-11-26 23:00:00,877.5,1406.5,2753.9,7462.9,37.0,43.7,154.9,796.4
2024-11-26 23:15:00,738.5,1153.5,2265.3,7086.5,37.0,43.7,465.0,711.5
2024-11-26 23:30:00,626.7,1300.8,2253.8,6161.8,29.5,43.7,768.9,697.7
2024-11-26 23:45:00,322.1,743.8,1214.4,4222.9,10.4,23.2,507.6,487.2
2024-11-27 00:00:00,697.2,1887.5,3137.5,5170.2,17.8,43.7,974.1,774.0
2024-11-27 00:15:00,827.8,2252.7,3089.4,5181.7,17.8,43.7,813.5,769.2
2024-11-27 00:30:00,1127.7,2141.8,2983.9,6067.3,17.8,43.7,856.9,790.3
2024-11-27 00:45:00,1025.5,2046.7,2910.0,6125.0,17.8,43.7,711.1,645.6
2024-11-27 01:00:00,911.3,1773.3,2731.5,6760.5,17.8,43.7,770.4,726.4
2024-11-27 01:15:00,624.3,1447.5,2472.2,6546.2,17.8,43.7,602.2,838.9
2024-11-27 01:30:00,348.5,1189.8,2285.2,6082.0,17.8,43.7,508.3,905.9
2024-11-27 01:45:00,443.7,1071.4,2117.0,5352.4,17.8,43.7,563.7,942.9
2024-11-27 02:00:00,446.6,887.0,1876.2,4247.1,17.8,42.1,771.1,832.9
2024-11-27 02:15:00,377.6,837.2,1505.3,3312.5,13.6,37.6,928.4,737.3
2024-11-27 02:30:00,355.5,585.4,927.4,2143.2,9.3,34.9,968.2,755.4
2024-11-27 02:45:00,262.3,496.6,540.6,1163.2,5.5,29.2,799.0,655.0
2024-11-27 03:00:00,293.3,446.8,226.7,571.1,5.5,29.2,784.6,665.2
2024-11-27 03:15:00,178.5,401.2,98.1,316.0,5.5,25.5,845.8,612.4
2024-11-27 03:30:00,207.3,382.1,160.4,230.6,5.5,22.0,790.5,615.1
2024-11-27 03:45:00,248.9,410.5,97.0,15.4,5.5,22.0,749.2,431.2
2024-11-27 04:00:00,224.1,412.6,95.2,0.0,5.5,22.0,792.4,518.9
2024-11-27 04:15:00,220.3,412.2,116.9,0.0,5.5,15.4,905.0,401.1
2024-11-27 04:30:00,114.6,514.8,82.5,0.0,5.5,14.9,920.9,437.2
2024-11-27 04:45:00,142.4,514.6,50.2,0.0,2.3,14.9,815.6,452.2
2024-11-27 05:00:00,96.6,507.1,45.3,0.0,0.0,14.9,603.9,362.0
2024-11-27 05:15:00,184.9,501.0,37.4,0.0,0.0,14.9,557.4,324.0
2024-11-27 05:30:00,201.6,342.3,45.9,0.0,0.0,14.9,770.9,216.2
2024-11-27 05:45:00,287.0,293.2,10.3,0.0,0.0,14.9,841.8,189.7
2024-11-27 06:00:00,191.2,172.9,0.0,0.0,0.0,14.9,919.9,194.1
2024-11-27 06:15:00,147.6,110.2,18.8,0.0,0.0,11.9,741.6,155.4
2024-11-27 06:30:00,77.5,135.7,18.8,0.0,0.0,10.4,442.1,161.8
2024-11-27 06:45:00,197.6,246.3,57.7,0.0,0.0,8.6,311.0,39.0
2024-11-27 07:00:00,106.3,297.5,46.4,0.0,0.0,3.4,295.6,36.8
2024-11-27 07:15:00,93.3,368.3,18.8,0.0,0.0,3.4,567.1,36.8
2024-11-27 07:30:00,125.4,366.6,0.0,0.0,0.0,9.9,478.4,21.2
2024-11-27 07:45:00,89.8,380.2,0.0,0.0,0.0,12.5,618.8,89.1
2024-11-27 08:00:00,68.6,280.3,0.0,0.0,0.0,12.5,568.1,89.2
2024-11-27 08:15:00,13.7,154.8,0.0,0.0,0.0,19.4,369.7,67.9
2024-11-27 08:30:00,0.0,217.8,0.0,0.0,0.0,19.4,243.0,34.9
2024-11-27 08:45:00,0.0,294.9,0.0,0.0,0.0,27.8,305.6,32.2
2024-11-27 09:00:00,0.0,274.8,0.0,0.0,0.0,27.8,583.4,0.8
2024-11-27 09:15:00,0.0,226.8,0.0,0.0,0.0,27.8,603.1,0.0
2024-11-27 09:30:00,0.0,170.2,0.0,0.0,0.0,27.7,766.4,15.0
2024-11-27 09:45:00,0.0,286.7,0.0,118.0,0.0,28.4,633.7,15.0
2024-11-27 10:00:00,13.2,424.7,0.0,166.4,0.0,26.5,307.8,43.9
2024-11-27 10:15:00,81.8,329.6,0.0,219.6,0.0,15.2,133.6,40.5
2024-11-27 10:30:00,142.0,233.0,0.0,219.6,0.0,14.8,153.0,56.5
2024-11-27 10:45:00,142.0,104.5,0.0,205.0,3.2,11.8,153.0,38.5
2024-11-27 11:00:00,111.0,234.8,10.0,186.9,3.2,11.8,108.3,69.2
2024-11-27 11:15:00,160.9,447.9,28.8,259.7,3.2,11.8,0.0,43.0
2024-11-27 11:30:00,136.8,562.6,162.3,236.9,3.2,11.8,0.0,168.3
2024-11-27 11:45:00,210.0,663.6,162.3,229.3,3.0,11.8,153.6,128.4
2024-11-27 12:00:00,227.4,791.1,318.1,183.7,0.0,15.1,462.2,144.9
2024-11-27 12:15:00,266.3,846.8,184.7,299.1,0.0,18.1,616.0,316.6
2024-11-27 12:30:00,252.1,688.6,147.7,230.2,3.0,18.1,493.8,227.6
2024-11-27 12:45:00,269.0,663.4,43.6,201.0,3.0,12.3,442.2,353.5
2024-11-27 13:00:00,239.2,607.4,44.2,201.0,3.0,11.6,463.3,333.7
2024-11-27 13:15:00,201.5,505.8,57.9,201.0,3.0,11.6,616.5,321.5
2024-11-27 13:30:00,168.1,558.5,48.2,68.4,3.0,16.4,550.9,273.5
2024-11-27 13:45:00,376.1,690.0,133.2,0.0,3.0,15.8,494.7,220.8
2024-11-27 14:00:00,403.4,625.4,100.9,0.0,3.0,21.3,659.5,175.0
2024-11-27 14:15:00,257.1,655.7,69.2,0.0,3.0,14.9,793.5,184.5
2024-11-27 14:30:00,183.7,668.8,0.0,0.0,3.0,14.9,770.0,232.9
2024-11-27 14:45:00,218.9,433.4,0.0,0.0,3.0,14.9,736.8,413.5
2024-11-27 15:00:00,238.9,680.4,0.0,0.0,3.0,14.9,751.0,436.0
2024-11-27 15:15:00,315.9,883.4,0.0,0.0,3.0,13.5,736.4,445.9
2024-11-27 15:30:00,317.4,887.5,0.0,0.0,3.0,12.5,841.9,435.9
2024-11-27 15:45:00,322.0,1039.9,47.0,0.0,3.0,12.5,591.6,315.0
2024-11-27 16:00:00,349.1,858.0,69.6,0.0,3.0,12.5,757.7,313.0
2024-11-27 16:15:00,385.9,836.3,205.0,0.0,0.5,12.5,780.0,396.5
2024-11-27 16:30:00,572.1,661.7,214.1,0.0,2.5,15.6,721.6,259.1
2024-11-27 16:45:00,450.5,394.7,215.0,0.0,2.5,12.4,673.5,292.1
2024-11-27 17:00:00,358.3,535.1,95.9,0.0,2.5,15.6,710.9,206.7
2024-11-27 17:15:00,343.7,367.5,23.4,0.0,2.5,15.6,763.5,145.3
2024-11-27 17:30:00,224.8,222.0,129.4,0.0,2.5,14.4,669.8,145.2
2024-11-27 17:45:00,102.1,168.9,130.2,0.0,2.5,12.1,687.3,173.8
2024-11-27 18:00:00,125.0,134.6,83.6,0.0,2.5,17.3,743.5,68.6
2024-11-27 18:15:00,223.7,360.5,31.2,0.0,2.5,16.3,811.8,81.8
2024-11-27 18:30:00,174.3,360.8,0.0,0.0,2.5,15.5,910.4,33.6
2024-11-27 18:45:00,120.4,517.4,0.0,0.0,2.5,18.9,803.7,19.9
2024-11-27 19:00:00,100.2,467.2,0.0,0.0,2.5,21.1,518.0,19.0
2024-11-27 19:15:00,50.5,439.1,86.8,0.0,0.2,28.3,240.5,63.1
2024-11-27 19:30:00,75.0,380.9,86.8,0.0,0.0,27.3,460.3,63.1
2024-11-27 19:45:00,77.6,287.8,86.8,0.0,0.0,37.9,604.6,18.1
2024-11-27 20:00:00,89.1,318.9,127.0,0.0,0.0,30.0,748.0,27.5
2024-11-27 20:15:00,79.0,416.3,180.6,0.0,0.0,34.1,581.3,27.5
2024-11-27 20:30:00,112.6,242.0,147.9,0.0,0.0,31.3,712.1,71.4
2024-11-27 20:45:00,205.4,184.7,103.8,0.0,0.0,29.8,439.3,50.8
2024-11-27 21:00:00,167.2,365.2,66.1,39.9,0.0,33.0,412.2,0.0
2024-11-27 21:15:00,133.9,393.6,109.3,145.0,0.0,21.6,454.6,0.0
2024-11-27 21:30:00,181.9,497.7,160.9,148.4,0.0,16.0,739.4,111.4
2024-11-27 21:45:00,185.8,571.8,196.6,1225.1,0.0,14.1,684.4,204.1
2024-11-27 22:00:00,778.2,1087.2,2314.6,7354.1,25.7,24.0,322.8,425.0
2024-11-27 22:15:00,902.7,1370.0,2258.1,7566.0,31.7,31.0,422.7,773.5
2024-11-27 22:30:00,922.2,1472.8,2365.7,7713.4,31.7,37.8,457.7,844.2
2024-11-27 22:45:00,704.1,1665.9,2763.3,7765.5,31.7,40.1,725.0,976.3
2024-11-27 23:00:00,481.6,1484.7,2627.8,7792.6,31.7,41.9,715.6,873.1
2024-11-27 23:15:00,473.1,1434.5,2553.3,7215.0,31.7,44.2,757.5,634.0
2024-11-27 23:30:00,458.9,1307.0,2292.8,6343.9,31.7,38.6,685.7,559.7
2024-11-27 23:45:00,455.9,667.4,1380.9,3277.6,27.9,22.5,409.6,255.4
2024-11-28 00:00:00,834.4,1589.4,2749.1,6126.7,23.0,38.6,850.7,916.5
2024-11-28 00:15:00,870.2,1879.1,2873.8,6122.8,12.4,35.8,856.9,1075.1
2024-11-28 00:30:00,861.8,1815.2,2887.0,5926.8,12.4,35.1,745.1,1158.3
2024-11-28 00:45:00,766.9,1926.0,2709.1,5704.6,12.4,35.1,646.6,1109.1
2024-11-28 01:00:00,787.9,1889.1,2436.1,6222.3,12.4,31.8,733.8,1136.8
2024-11-28 01:15:00,570.1,1751.0,2343.4,6109.5,12.4,31.1,797.5,1008.3
2024-11-28 01:30:00,629.9,1821.6,2237.9,5456.3,12.4,31.1,516.2,827.5
2024-11-28 01:45:00,594.5,1690.3,2009.5,4356.9,12.4,31.1,548.6,783.9
2024-11-28 02:00:00,360.8,1291.8,1801.0,3334.8,12.4,31.1,613.4,711.2
2024-11-28 02:15:00,279.1,1137.6,1341.1,2225.4,12.4,29.4,755.4,781.2
2024-11-28 02:30:00,135.7,948.8,836.0,1395.6,12.4,19.4,739.8,753.2
2024-11-28 02:45:00,184.6,763.1,372.4,878.2,12.4,17.4,530.8,602.2
2024-11-28 03:00:00,174.4,602.4,191.6,572.1,10.5,17.4,752.3,496.8
2024-11-28 03:15:00,242.8,511.0,12.1,235.4,6.4,17.4,582.1,317.1
2024-11-28 03:30:00,178.8,369.8,0.0,104.3,6.4,17.4,710.9,325.9
2024-11-28 03:45:00,89.3,227.8,34.8,56.1,6.4,17.4,415.0,348.5
2024-11-28 04:00:00,115.5,256.5,74.1,56.1,4.3,17.4,401.6,276.0
2024-11-28 04:15:00,115.5,378.1,74.1,18.4,0.0,17.4,306.5,221.9
2024-11-28 04:30:00,230.4,442.0,74.1,0.0,0.0,11.5,454.7,247.5
2024-11-28 04:45:00,181.4,395.0,124.9,0.0,0.0,10.5,587.5,245.0
2024-11-28 05:00:00,234.0,409.2,105.4,0.0,0.0,10.5,766.4,235.8
2024-11-28 05:15:00,256.7,426.2,110.8,0.0,0.0,4.7,764.3,239.0
2024-11-28 05:30:00,432.6,283.3,110.8,0.0,0.0,3.4,745.4,222.1
2024-11-28 05:45:00,383.0,162.1,91.3,0.0,0.0,3.4,761.5,164.5
2024-11-28 06:00:00,273.2,237.1,25.4,0.0,0.0,3.4,854.0,93.3
2024-11-28 06:15:00,154.3,166.8,0.0,0.0,0.0,6.7,722.4,39.9
2024-11-28 06:30:00,71.8,152.4,30.4,0.0,0.0,6.7,350.1,39.2
2024-11-28 06:45:00,58.0,165.6,76.2,0.0,0.0,6.7,459.8,12.8
2024-11-28 07:00:00,48.0,322.5,39.1,0.0,0.0,5.3,618.0,95.5
2024-11-28 07:15:00,116.9,377.2,56.6,0.0,0.0,6.2,753.4,84.7
2024-11-28 07:30:00,31.1,378.8,3.7,0.0,19.5,3.4,629.2,84.7
2024-11-28 07:45:00,0.0,381.0,21.9,0.0,19.5,6.0,585.5,28.3
2024-11-28 08:00:00,0.0,290.8,21.9,0.0,19.5,6.0,626.8,41.0
2024-11-28 08:15:00,0.0,320.1,21.9,0.0,19.5,3.2,690.7,30.2
2024-11-28 08:30:00,45.5,232.0,3.1,0.0,14.7,2.7,654.1,17.6
2024-11-28 08:45:00,27.3,249.4,0.0,0.0,0.0,2.7,727.8,34.2
2024-11-28 09:00:00,19.2,327.4,0.0,0.0,0.0,2.7,877.5,34.2
2024-11-28 09:15:00,18.0,306.3,0.0,0.0,0.0,2.7,633.2,34.2
2024-11-28 09:30:00,37.6,294.1,0.0,0.0,0.0,2.7,617.4,79.1
2024-11-28 09:45:00,35.6,227.6,0.0,0.0,0.0,1.6,538.2,72.3
2024-11-28 10:00:00,105.3,187.2,0.0,70.7,0.0,0.0,645.2,44.9
2024-11-28 10:15:00,186.5,223.9,0.0,70.7,0.0,0.0,606.9,44.9
2024-11-28 10:30:00,217.0,337.0,12.8,70.7,0.0,0.0,506.7,27.9
2024-11-28 10:45:00,255.9,402.7,35.9,183.8,0.0,0.0,326.8,43.3
2024-11-28 11:00:00,225.9,524.9,51.0,261.7,0.0,0.0,264.5,86.5
2024-11-28 11:15:00,497.3,670.3,80.6,326.9,0.0,0.0,211.1,154.6
2024-11-28 11:30:00,579.7,739.7,144.4,326.9,0.0,2.9,154.7,235.8
2024-11-28 11:45:00,505.9,743.6,84.8,326.9,0.0,2.9,154.7,229.8
2024-11-28 12:00:00,591.4,810.1,101.5,192.5,0.0,2.9,180.5,185.7
2024-11-28 12:15:00,422.1,804.7,91.3,125.4,0.0,8.1,307.1,181.1
2024-11-28 12:30:00,414.9,723.4,72.0,125.4,0.0,9.6,614.9,171.7
2024-11-28 12:45:00,221.8,677.2,37.6,125.4,0.0,9.6,828.8,153.2
2024-11-28 13:00:00,183.4,555.6,58.2,198.5,0.0,9.6,853.7,143.0
2024-11-28 13:15:00,172.0,558.2,38.4,127.3,0.0,9.6,843.8,114.8
2024-11-28 13:30:00,252.7,623.7,79.6,73.0,0.0,11.3,799.8,98.3
2024-11-28 13:45:00,354.7,471.3,57.4,73.0,0.0,13.5,741.4,104.0
2024-11-28 14:00:00,343.2,530.0,45.5,73.0,0.0,17.8,719.6,165.5
2024-11-28 14:15:00,325.5,552.7,75.9,22.5,0.0,17.8,410.2,160.5
2024-11-28 14:30:00,275.6,625.6,145.5,0.0,0.0,17.8,617.4,115.9
2024-11-28 14:45:00,465.1,700.6,119.1,0.0,0.0,17.8,795.6,119.1
2024-11-28 15:00:00,431.2,804.0,82.4,0.0,0.0,17.8,777.7,197.4
2024-11-28 15:15:00,416.3,840.7,59.6,0.0,0.0,17.8,618.0,166.8
2024-11-28 15:30:00,447.8,849.1,46.2,0.0,0.0,15.3,484.0,166.0
2024-11-28 15:45:00,306.7,637.6,27.7,0.0,0.0,10.8,500.8,192.3
2024-11-28 16:00:00,235.7,572.4,22.3,0.0,0.0,10.8,373.4,354.3
2024-11-28 16:15:00,254.5,498.0,22.2,0.0,0.0,10.8,307.7,247.0
2024-11-28 16:30:00,299.9,461.2,16.4,0.0,0.0,24.0,451.5,99.0
2024-11-28 16:45:00,381.9,448.3,132.0,0.0,0.0,24.0,613.0,94.3
2024-11-28 17:00:00,292.2,369.0,132.0,0.0,2.4,22.5,627.4,52.2
2024-11-28 17:15:00,327.6,360.4,166.4,0.0,2.4,14.4,615.6,101.0
2024-11-28 17:30:00,269.6,380.2,153.6,0.0,2.4,17.3,647.7,137.8
2024-11-28 17:45:00,279.7,489.5,43.2,0.0,2.4,17.3,621.2,142.4
2024-11-28 18:00:00,130.0,222.1,83.6,0.0,2.4,21.9,768.6,37.7
2024-11-28 18:15:00,50.0,202.5,98.8,0.0,2.4,31.4,822.9,24.8
2024-11-28 18:30:00,0.0,309.4,75.0,0.0,2.4,34.7,775.0,10.6
2024-11-28 18:45:00,139.5,384.6,36.1,0.0,2.4,38.1,540.2,10.6
2024-11-28 19:00:00,139.5,319.1,68.7,0.0,2.4,38.1,491.7,10.6
2024-11-28 19:15:00,119.1,428.0,108.2,0.0,2.4,37.9,610.3,41.2
2024-11-28 19:30:00,116.0,438.1,125.0,0.0,2.4,37.5,768.4,78.4
2024-11-28 19:45:00,60.0,558.3,131.5,0.0,1.5,44.3,651.7,53.1
2024-11-28 20:00:00,24.4,456.4,105.9,0.0,0.0,46.7,212.2,14.3
2024-11-28 20:15:00,16.5,389.3,117.6,0.0,0.0,48.4,42.8,120.3
2024-11-28 20:30:00,14.9,354.4,101.4,0.0,0.0,42.1,307.1,110.7
2024-11-28 20:45:00,9.0,237.3,78.9,31.8,0.0,37.9,613.1,100.9
2024-11-28 21:00:00,63.0,380.9,140.6,31.8,0.0,37.9,700.5,65.0
2024-11-28 21:15:00,154.5,479.8,126.5,31.8,0.0,41.3,766.4,87.9
2024-11-28 21:30:00,152.3,466.2,102.1,156.0,0.0,41.3,589.7,116.5
2024-11-28 21:45:00,287.9,550.3,56.4,2041.1,5.4,41.3,756.1,178.5
2024-11-28 22:00:00,718.0,1094.7,2001.1,7345.3,23.7,65.8,800.3,601.4
2024-11-28 22:15:00,839.1,1457.7,2162.5,7785.1,29.6,55.2,928.9,554.6
2024-11-28 22:30:00,1069.1,1487.8,2104.3,7748.0,29.6,53.9,870.5,696.4
2024-11-28 22:45:00,1073.9,1724.2,2589.0,7854.2,18.3,53.9,694.2,683.7
2024-11-28 23:00:00,931.2,1475.0,2784.7,7815.5,11.3,57.7,592.8,594.7
2024-11-28 23:15:00,604.2,1287.3,2602.8,7062.5,11.3,54.2,463.0,586.2
2024-11-28 23:30:00,509.9,1317.5,2352.8,6192.9,11.3,57.5,467.5,589.6
2024-11-28 23:45:00,341.9,696.5,1415.9,2902.1,3.5,45.2,305.6,426.8
2024-11-29 00:00:00,554.5,1462.6,3305.9,5276.4,18.2,63.6,605.1,828.1
2024-11-29 00:15:00,678.9,1564.7,3024.6,6186.8,18.2,63.6,678.4,818.7
2024-11-29 00:30:00,659.6,1481.7,2807.7,6089.7,18.2,63.6,836.5,678.5
2024-11-29 00:45:00,551.3,1447.0,2556.6,6851.9,18.2,63.6,674.3,710.1
2024-11-29 01:00:00,442.1,1415.7,2472.4,6784.8,18.2,63.6,619.3,801.4
2024-11-29 01:15:00,400.3,1430.6,2263.4,6181.6,18.2,59.3,655.0,807.2
2024-11-29 01:30:00,353.1,1261.8,2241.5,5612.6,18.2,56.6,631.8,907.1
2024-11-29 01:45:00,475.5,975.2,2572.4,4827.6,18.2,52.4,645.7,879.8
2024-11-29 02:00:00,361.8,874.1,2312.1,3676.6,17.7,49.1,632.0,912.2
2024-11-29 02:15:00,262.7,790.5,1886.7,2792.6,12.3,42.8,820.6,793.9
2024-11-29 02:30:00,234.6,691.8,1490.7,1881.2,12.3,33.0,683.3,696.3
2024-11-29 02:45:00,211.8,644.8,949.5,1114.0,12.3,30.1,749.9,682.3
2024-11-29 03:00:00,137.0,601.9,421.2,477.4,12.3,30.1,567.2,562.9
2024-11-29 03:15:00,104.7,625.6,179.7,209.6,12.3,28.9,682.5,437.3
2024-11-29 03:30:00,214.7,511.5,137.8,119.1,9.8,22.9,463.6,371.4
2024-11-29 03:45:00,208.8,426.7,105.4,76.9,6.9,20.7,486.7,239.8
2024-11-29 04:00:00,223.3,451.3,88.9,0.0,6.9,20.7,505.0,322.3
2024-11-29 04:15:00,258.4,511.2,82.0,0.0,6.9,20.7,758.6,279.7
2024-11-29 04:30:00,180.1,518.5,61.4,0.0,6.9,20.7,685.5,291.7
2024-11-29 04:45:00,178.8,464.0,35.2,0.0,6.9,20.7,799.4,254.0
2024-11-29 05:00:00,150.0,450.3,75.2,0.0,6.9,16.4,854.9,194.1
2024-11-29 05:15:00,369.0,433.8,143.2,0.0,6.9,14.6,956.3,165.9
2024-11-29 05:30:00,343.0,384.9,188.6,0.0,6.9,7.9,792.8,132.0
2024-11-29 05:45:00,319.2,340.0,167.2,0.0,6.8,6.7,737.2,105.2
2024-11-29 06:00:00,194.3,362.1,114.4,0.0,0.0,6.7,617.4,61.9
2024-11-29 06:15:00,110.8,335.0,42.7,0.0,0.0,6.7,758.9,53.7
2024-11-29 06:30:00,88.5,354.7,44.8,0.0,0.0,6.7,658.8,56.5
2024-11-29 06:45:00,165.2,512.2,44.8,0.0,0.0,6.7,925.9,57.3
2024-11-29 07:00:00,23.6,502.1,23.9,0.0,0.0,6.7,822.5,56.5
2024-11-29 07:15:00,61.3,451.0,17.2,0.0,0.0,6.7,470.1,48.3
2024-11-29 07:30:00,61.3,446.5,17.2,0.0,0.0,6.7,5.4,44.9
2024-11-29 07:45:00,104.7,441.1,12.7,0.0,0.0,3.3,0.0,4.7
2024-11-29 08:00:00,56.4,333.5,0.0,0.0,0.0,2.6,304.5,0.0
2024-11-29 08:15:00,56.4,197.2,0.0,0.0,0.0,9.6,459.0,0.0
2024-11-29 08:30:00,80.4,239.8,0.0,0.0,0.0,9.6,307.0,0.0
2024-11-29 08:45:00,21.2,243.6,0.0,0.0,0.0,9.6,304.7,0.0
2024-11-29 09:00:00,26.3,221.1,0.0,0.0,0.0,9.6,311.2,0.0
2024-11-29 09:15:00,25.8,234.1,0.0,0.0,0.0,9.6,608.4,0.0
2024-11-29 09:30:00,20.6,309.4,0.0,0.0,0.0,7.4,803.5,34.4
2024-11-29 09:45:00,0.0,258.5,0.0,0.0,0.0,7.0,947.2,20.8
2024-11-29 10:00:00,0.0,238.9,49.7,0.0,0.0,10.1,996.3,0.0
2024-11-29 10:15:00,0.0,117.3,71.9,52.4,5.6,9.1,889.0,25.6
2024-11-29 10:30:00,147.3,97.3,43.2,111.7,15.9,7.0,813.2,36.3
2024-11-29 10:45:00,199.2,216.3,26.6,179.9,15.9,10.3,615.8,61.1
2024-11-29 11:00:00,266.5,424.9,27.0,179.9,15.9,10.3,608.0,151.7
2024-11-29 11:15:00,242.2,560.0,133.0,179.9,15.9,13.9,363.7,179.1
2024-11-29 11:30:00,88.7,742.7,129.8,237.6,16.4,10.8,551.0,193.3
2024-11-29 11:45:00,91.1,901.6,153.5,229.7,16.2,11.0,334.2,142.5
2024-11-29 12:00:00,64.0,1027.7,347.4,144.5,15.9,11.0,673.2,94.6
2024-11-29 12:15:00,83.3,967.5,302.2,207.9,30.0,11.0,835.4,125.0
2024-11-29 12:30:00,181.0,759.9,236.4,194.3,28.2,11.0,796.1,168.1
2024-11-29 12:45:00,200.2,776.1,180.2,229.0,25.9,10.5,488.4,247.7
2024-11-29 13:00:00,228.9,707.7,93.6,207.4,17.8,7.0,708.8,282.2
2024-11-29 13:15:00,165.8,590.6,119.6,207.4,17.8,5.1,809.3,244.9
2024-11-29 13:30:00,182.1,653.1,66.7,207.4,17.8,4.0,928.1,175.6
2024-11-29 13:45:00,202.7,886.4,104.1,159.2,17.8,4.0,762.4,85.0
2024-11-29 14:00:00,268.4,905.9,90.4,39.4,8.4,4.0,526.4,108.2
2024-11-29 14:15:00,460.2,845.4,87.8,0.0,0.0,4.0,461.2,69.3
2024-11-29 14:30:00,425.0,766.6,27.6,0.0,0.0,4.0,383.0,150.9
2024-11-29 14:45:00,326.9,628.5,92.2,0.0,0.0,4.0,302.6,232.2
2024-11-29 15:00:00,364.4,742.2,127.9,0.0,5.1,4.0,180.5,279.6
2024-11-29 15:15:00,341.3,712.7,297.6,0.0,5.1,3.1,157.6,150.7
2024-11-29 15:30:00,601.0,704.2,278.7,0.0,7.6,0.7,461.3,198.2
2024-11-29 15:45:00,486.7,316.4,264.8,0.0,7.6,0.7,665.1,179.5
2024-11-29 16:00:00,389.1,350.6,167.8,0.0,7.6,0.7,577.2,191.6
2024-11-29 16:15:00,324.2,559.6,27.0,0.0,7.6,4.0,401.3,207.9
2024-11-29 16:30:00,248.6,582.9,23.0,0.0,7.6,4.0,315.8,202.5
2024-11-29 16:45:00,260.2,587.9,23.0,0.0,7.6,8.5,488.1,233.6
2024-11-29 17:00:00,157.3,433.6,51.3,0.0,7.6,8.5,500.1,149.2
2024-11-29 17:15:00,85.2,366.7,51.3,0.0,7.6,15.2,615.1,20.6
2024-11-29 17:30:00,164.4,413.4,28.8,0.0,7.6,22.0,737.2,0.0
2024-11-29 17:45:00,337.9,345.9,0.0,0.0,7.6,18.7,768.9,0.0
2024-11-29 18:00:00,250.2,198.9,26.3,0.0,6.2,21.7,543.7,30.4
2024-11-29 18:15:00,277.8,124.2,142.7,0.0,5.1,24.8,213.2,23.7
2024-11-29 18:30:00,280.9,194.4,142.7,0.0,9.5,25.9,0.0,94.0
2024-11-29 18:45:00,234.3,217.3,151.3,0.0,9.5,24.8,144.2,71.4
2024-11-29 19:00:00,209.9,204.5,112.8,0.0,9.5,24.8,448.8,60.2
2024-11-29 19:15:00,229.8,276.4,68.7,0.0,24.6,33.6,638.0,38.4
2024-11-29 19:30:00,115.9,243.3,70.2,0.0,23.1,31.3,679.3,21.4
2024-11-29 19:45:00,87.9,188.0,85.3,0.0,9.2,31.3,621.9,1.0
2024-11-29 20:00:00,30.0,267.9,95.6,0.0,4.3,30.8,587.5,139.6
2024-11-29 20:15:00,32.4,207.8,104.1,36.8,4.3,33.3,646.9,139.6
2024-11-29 20:30:00,109.8,179.7,175.6,36.8,4.3,32.3,627.2,111.1
2024-11-29 20:45:00,216.3,138.2,138.7,36.8,4.3,31.3,766.0,100.5
2024-11-29 21:00:00,249.1,91.2,173.2,36.8,4.3,25.5,621.4,74.0
2024-11-29 21:15:00,273.4,216.3,174.5,85.2,4.3,28.5,616.1,114.5
2024-11-29 21:30:00,281.5,273.7,154.5,142.8,4.3,28.5,473.6,121.8
2024-11-29 21:45:00,370.0,258.8,76.7,1557.8,4.3,28.5,644.0,143.6
2024-11-29 22:00:00,937.3,828.1,2198.3,7743.2,28.6,36.6,824.5,624.5
2024-11-29 22:15:00,961.5,1169.0,2322.4,7752.0,28.6,34.2,869.5,748.0
2024-11-29 22:30:00,847.4,1404.9,2628.4,7914.8,28.6,34.2,781.5,773.2
2024-11-29 22:45:00,593.2,1734.5,2881.7,7970.6,34.3,34.2,553.0,691.0
2024-11-29 23:00:00,458.1,1434.3,2656.0,7709.1,34.3,34.2,599.5,601.7
2024-11-29 23:15:00,371.2,1482.5,2199.3,7156.4,34.3,34.3,754.3,486.1
2024-11-29 23:30:00,315.4,1455.0,2332.6,6220.8,34.3,34.2,923.7,451.3
2024-11-29 23:45:00,223.4,898.8,1168.1,3805.8,27.5,14.1,374.5,229.1
2024-11-30 00:00:00,493.5,1738.6,3080.9,6427.9,40.0,31.0,923.7,550.7
2024-11-30 00:15:00,384.8,2126.8,3094.8,6050.5,38.0,27.5,862.1,610.2
2024-11-30 00:30:00,554.1,1978.7,2816.8,5705.7,27.8,24.6,749.9,609.8
2024-11-30 00:45:00,492.8,1874.6,2509.4,5544.8,27.8,20.8,655.5,491.5
2024-11-30 01:00:00,493.1,1507.9,2322.4,6271.1,27.8,20.8,626.0,477.7
2024-11-30 01:15:00,566.0,1265.9,2176.2,5851.5,27.8,19.6,632.1,591.4
2024-11-30 01:30:00,489.8,1191.1,1936.4,5092.2,27.8,19.6,702.4,603.7
2024-11-30 01:45:00,535.5,1305.7,1703.5,4130.3,27.8,16.8,616.5,712.2
2024-11-30 02:00:00,520.7,1401.3,1681.9,2664.4,24.6,16.5,629.2,833.4
2024-11-30 02:15:00,349.2,1295.7,1031.7,1765.0,22.2,16.5,599.7,617.6
2024-11-30 02:30:00,195.9,1108.7,522.9,1456.7,22.2,16.5,775.0,638.9
2024-11-30 02:45:00,130.1,873.0,268.5,841.6,22.2,13.7,905.2,608.2
2024-11-30 03:00:00,145.1,741.6,121.8,413.1,22.2,9.4,820.1,608.1
2024-11-30 03:15:00,171.5,548.6,84.9,136.3,22.2,9.4,765.5,690.2
2024-11-30 03:30:00,178.3,524.9,39.7,128.5,22.2,9.4,787.1,626.8
2024-11-30 03:45:00,178.3,605.5,59.4,128.5,16.6,9.4,860.1,617.1
2024-11-30 04:00:00,102.8,622.6,57.9,128.5,14.9,9.4,750.2,508.8
2024-11-30 04:15:00,64.7,583.9,71.4,43.0,10.7,9.4,765.2,321.8
2024-11-30 04:30:00,54.0,451.5,63.4,0.0,10.7,9.4,622.1,343.7
2024-11-30 04:45:00,60.1,438.5,67.5,0.0,10.7,9.4,607.2,401.0
2024-11-30 05:00:00,120.4,444.7,115.6,0.0,10.7,9.4,271.2,324.7
2024-11-30 05:15:00,234.5,513.3,125.4,0.0,10.7,9.4,425.4,268.5
2024-11-30 05:30:00,377.9,463.5,146.6,0.0,10.7,9.4,610.3,262.2
2024-11-30 05:45:00,389.1,347.8,147.3,0.0,9.5,9.4,698.2,216.3
2024-11-30 06:00:00,251.6,258.0,88.5,0.0,1.7,9.4,573.5,187.5
2024-11-30 06:15:00,171.9,347.6,28.6,0.0,0.0,9.4,406.5,127.5
2024-11-30 06:30:00,139.5,339.0,21.2,0.0,0.0,10.3,250.3,63.9
2024-11-30 06:45:00,114.6,353.2,21.2,0.0,0.0,10.3,443.7,35.4
2024-11-30 07:00:00,183.8,395.9,53.2,0.0,0.0,13.6,612.5,58.4
2024-11-30 07:15:00,193.0,405.6,30.6,0.0,0.0,13.6,715.4,25.1
2024-11-30 07:30:00,157.4,351.0,34.0,0.0,0.0,13.3,611.1,73.7
2024-11-30 07:45:00,52.1,262.6,15.2,0.0,0.0,12.7,713.5,24.3
2024-11-30 08:00:00,33.6,222.2,0.0,0.0,0.0,25.9,702.6,0.0
2024-11-30 08:15:00,102.4,216.6,0.0,0.0,0.0,25.9,626.9,0.0
2024-11-30 08:30:00,80.0,308.0,0.0,0.0,0.0,32.3,696.1,14.7
2024-11-30 08:45:00,45.0,328.7,0.0,0.0,0.0,31.3,519.6,43.7
2024-11-30 09:00:00,47.2,137.2,0.0,0.0,0.0,29.1,239.1,12.3
2024-11-30 09:15:00,47.8,198.3,0.0,0.0,0.0,32.3,0.0,7.7
2024-11-30 09:30:00,30.2,280.3,0.0,0.0,0.0,32.3,309.1,25.9
2024-11-30 09:45:00,14.1,327.3,19.0,0.0,0.0,29.7,309.1,33.7
2024-11-30 10:00:00,0.0,342.4,19.0,0.0,0.0,29.3,615.5,0.0
2024-11-30 10:15:00,0.0,479.7,16.5,72.6,0.0,27.5,495.8,0.0
2024-11-30 10:30:00,139.4,364.5,0.0,137.1,0.0,26.7,606.5,0.0
2024-11-30 10:45:00,248.4,270.8,64.9,137.1,0.0,26.1,473.8,0.0
2024-11-30 11:00:00,439.9,350.7,64.9,224.1,0.0,32.8,631.2,28.4
2024-11-30 11:15:00,551.4,460.0,64.9,280.3,0.0,31.7,601.7,57.2
2024-11-30 11:30:00,460.3,450.0,108.0,280.3,15.1,36.3,767.1,186.9
2024-11-30 11:45:00,389.9,380.8,70.6,280.3,15.1,43.2,795.4,206.4
2024-11-30 12:00:00,183.1,434.2,95.5,255.3,15.1,43.2,956.0,207.7
2024-11-30 12:15:00,49.3,497.8,84.9,184.9,15.1,53.1,576.0,168.5
2024-11-30 12:30:00,124.0,570.5,261.8,132.6,15.1,59.8,596.7,227.3
2024-11-30 12:45:00,194.3,318.6,223.3,93.6,15.1,63.3,441.0,212.2
2024-11-30 13:00:00,206.4,356.0,149.0,145.9,15.1,64.0,748.9,223.2
2024-11-30 13:15:00,246.4,592.7,27.2,145.9,15.1,62.8,675.0,174.8
2024-11-30 13:30:00,186.3,708.7,54.0,82.1,15.1,52.3,574.1,119.2
2024-11-30 13:45:00,255.3,701.5,54.0,73.2,15.1,50.4,289.1,167.6
2024-11-30 14:00:00,283.5,645.8,64.5,73.2,0.0,45.9,308.5,193.1
2024-11-30 14:15:00,282.3,616.4,36.6,81.9,0.0,40.7,339.7,167.5
2024-11-30 14:30:00,213.1,407.1,28.6,73.8,0.0,38.5,591.9,188.7
2024-11-30 14:45:00,250.4,374.8,89.0,73.8,0.0,37.3,758.6,275.7
2024-11-30 15:00:00,139.4,571.1,136.3,73.8,0.0,34.8,884.8,274.3
2024-11-30 15:15:00,169.6,616.8,209.4,73.8,0.0,29.3,932.0,405.4
2024-11-30 15:30:00,153.6,435.3,202.7,30.9,0.0,25.7,714.1,399.0
2024-11-30 15:45:00,130.5,408.5,177.8,0.0,0.0,24.6,736.1,299.5
2024-11-30 16:00:00,153.4,485.3,116.6,0.0,0.0,31.5,745.2,158.7
2024-11-30 16:15:00,348.1,440.2,123.2,0.0,0.0,31.1,730.4,61.7
2024-11-30 16:30:00,364.0,449.3,191.0,0.0,0.0,31.1,777.0,41.5
2024-11-30 16:45:00,343.5,444.0,145.6,0.0,0.0,30.8,821.1,92.7
2024-11-30 17:00:00,349.2,453.3,67.9,0.0,0.0,27.8,867.8,120.8
2024-11-30 17:15:00,261.3,370.8,90.9,0.0,6.3,25.8,952.9,109.4
2024-11-30 17:30:00,372.7,448.3,45.8,0.0,6.3,17.3,672.9,108.1
2024-11-30 17:45:00,300.6,409.1,90.8,0.0,6.3,14.6,802.1,110.1
2024-11-30 18:00:00,139.3,314.9,49.5,0.0,6.3,13.2,733.1,142.3
2024-11-30 18:15:00,98.3,216.4,24.5,0.0,6.3,15.9,708.4,69.5
2024-11-30 18:30:00,60.0,207.6,12.0,0.0,6.3,15.9,478.0,90.4
2024-11-30 18:45:00,28.6,110.4,0.0,0.0,6.3,17.1,497.9,42.2
2024-11-30 19:00:00,28.6,67.8,0.0,0.0,6.7,16.8,457.9,49.9
2024-11-30 19:15:00,54.0,136.1,0.0,0.0,6.3,23.6,686.6,33.4
2024-11-30 19:30:00,41.2,82.0,0.0,0.0,6.3,22.6,499.3,96.5
2024-11-30 19:45:00,37.5,141.2,42.7,0.0,6.3,22.3,405.9,103.1
2024-11-30 20:00:00,30.5,156.4,63.7,0.0,6.3,22.3,128.6,65.3
2024-11-30 20:15:00,0.0,145.4,53.9,0.0,13.4,18.4,152.9,102.2
2024-11-30 20:30:00,55.9,136.4,107.8,0.0,13.4,12.6,152.9,60.1
2024-11-30 20:45:00,163.3,156.4,35.7,0.0,13.4,12.6,274.2,4.7
2024-11-30 21:00:00,215.9,256.3,23.6,8.2,13.4,12.6,154.0,50.6
2024-11-30 21:15:00,225.8,371.8,44.0,47.3,13.4,19.5,308.2,85.1
2024-11-30 21:30:00,141.2,242.6,210.5,119.7,13.4,24.1,166.8,145.6
2024-11-30 21:45:00,138.9,268.5,188.1,951.4,13.4,19.7,463.1,208.9
2024-11-30 22:00:00,755.0,1031.6,2334.8,5567.5,39.2,36.1,356.9,515.8
2024-11-30 22:15:00,974.4,1206.0,2295.3,5903.3,39.2,36.1,299.5,542.1
2024-11-30 22:30:00,1223.2,1531.0,2294.3,6242.9,39.2,36.1,45.9,644.8
2024-11-30 22:45:00,1153.0,1566.0,3034.5,6121.3,39.2,56.9,153.6,762.0
2024-11-30 23:00:00,899.9,1386.6,2847.1,6138.2,39.2,56.9,306.8,754.1
2024-11-30 23:15:00,653.4,1281.8,2299.6,5820.5,39.2,56.9,443.8,659.3
2024-11-30 23:30:00,422.1,1206.8,2406.3,5258.5,39.2,50.1,577.3,695.1
2024-11-30 23:45:00,188.8,558.1,910.8,2453.2,38.1,26.4,255.8,284.3
2024-12-01 00:00:00,416.4,1275.5,2422.8,4812.1,22.3,48.6,889.6,449.8
2024-12-01 00:15:00,337.3,1440.9,2215.1,5572.3,19.0,46.6,958.5,497.8
2024-12-01 00:30:00,308.6,1459.8,2494.8,5477.8,19.0,46.6,1075.9,593.5
2024-12-01 00:45:00,235.6,1385.8,2339.2,5931.6,19.0,46.6,994.9,590.1
2024-12-01 01:00:00,304.1,1122.7,2044.5,5782.2,19.0,46.6,837.8,530.9
2024-12-01 01:15:00,263.7,1007.7,1722.6,5445.1,19.0,46.6,752.2,591.2
2024-12-01 01:30:00,233.6,901.8,1534.5,4657.4,19.0,46.4,881.4,556.2
2024-12-01 01:45:00,239.2,801.0,1215.8,3618.9,19.0,42.3,924.6,449.5
2024-12-01 02:00:00,216.7,678.0,784.1,2879.1,19.0,41.7,1000.8,438.8
2024-12-01 02:15:00,232.5,588.6,413.5,1545.1,15.2,41.7,898.5,494.4
2024-12-01 02:30:00,204.9,578.7,176.6,781.5,12.7,31.9,871.5,527.4
2024-12-01 02:45:00,249.2,496.5,142.9,324.9,12.7,22.0,740.7,492.6
2024-12-01 03:00:00,268.2,461.5,123.2,103.8,12.7,20.7,654.9,552.5
2024-12-01 03:15:00,209.3,477.5,74.0,49.4,12.7,20.7,656.9,689.5
2024-12-01 03:30:00,252.8,395.7,118.4,36.6,12.7,20.7,697.1,532.7
2024-12-01 03:45:00,235.8,404.3,73.4,0.0,12.7,20.7,771.7,499.3
2024-12-01 04:00:00,297.5,405.4,69.5,0.0,12.7,18.9,737.8,364.2
2024-12-01 04:15:00,228.6,370.5,69.5,0.0,12.7,13.7,793.6,236.2
2024-12-01 04:30:00,366.5,340.1,64.4,0.0,12.1,13.7,863.4,281.8
2024-12-01 04:45:00,355.6,300.1,1.0,0.0,6.6,13.7,956.2,226.0
2024-12-01 05:00:00,321.9,285.5,35.4,0.0,6.6,13.7,960.1,205.4
2024-12-01 05:15:00,250.7,399.8,64.6,0.0,6.6,20.3,786.0,208.6
2024-12-01 05:30:00,274.2,437.2,125.0,0.0,6.6,20.3,877.9,140.2
2024-12-01 05:45:00,297.8,337.7,102.6,0.0,6.6,20.3,830.5,110.4
2024-12-01 06:00:00,254.4,203.6,125.2,0.0,6.6,14.4,823.5,124.8
2024-12-01 06:15:00,235.3,168.2,117.3,0.0,6.6,10.8,696.0,187.6
2024-12-01 06:30:00,194.1,247.7,101.4,0.0,6.6,6.6,508.9,108.0
2024-12-01 06:45:00,151.6,278.1,51.6,0.0,6.6,6.6,501.1,66.0
2024-12-01 07:00:00,113.9,377.0,64.9,0.0,2.5,6.6,609.3,64.5
2024-12-01 07:15:00,23.1,414.6,64.9,0.0,0.0,13.3,615.4,60.5
2024-12-01 07:30:00,55.5,432.3,41.7,0.0,0.0,13.3,269.0,63.9
2024-12-01 07:45:00,80.3,468.7,39.5,0.0,0.0,16.6,154.9,42.5
2024-12-01 08:00:00,79.1,398.7,0.0,0.0,0.0,19.8,131.4,30.2
2024-12-01 08:15:00,23.7,235.2,10.3,0.0,0.0,19.8,128.0,0.0
2024-12-01 08:30:00,23.7,300.1,10.3,0.0,0.0,22.3,188.7,0.0
2024-12-01 08:45:00,11.0,236.9,10.3,0.0,0.0,28.8,307.2,0.0
2024-12-01 09:00:00,18.7,144.0,5.6,0.0,0.0,41.2,559.5,0.0
2024-12-01 09:15:00,13.7,89.9,13.2,0.0,0.0,41.2,461.1,0.0
2024-12-01 09:30:00,82.0,85.0,0.0,0.0,0.0,39.3,514.3,49.2
2024-12-01 09:45:00,45.4,180.3,16.6,0.0,0.0,32.1,366.7,19.1
2024-12-01 10:00:00,88.9,185.0,16.6,0.0,0.0,31.7,308.2,51.3
2024-12-01 10:15:00,110.0,164.4,11.1,0.0,10.1,31.1,353.4,45.0
2024-12-01 10:30:00,93.3,180.8,12.9,0.0,10.1,28.9,478.7,121.9
2024-12-01 10:45:00,113.9,268.5,30.1,0.0,10.1,24.4,751.4,121.9
2024-12-01 11:00:00,140.2,411.2,87.4,142.2,10.1,19.2,868.8,81.3
2024-12-01 11:15:00,271.2,586.1,70.0,142.2,10.1,22.1,897.0,81.1
2024-12-01 11:30:00,228.4,541.4,52.1,142.2,17.0,22.1,601.2,34.5
2024-12-01 11:45:00,116.3,500.5,202.5,142.2,17.0,27.3,608.1,106.5
2024-12-01 12:00:00,154.1,407.4,152.1,130.3,17.0,25.4,650.5,90.2
2024-12-01 12:15:00,182.7,324.3,163.3,0.0,17.0,25.4,721.2,71.6
2024-12-01 12:30:00,167.8,296.7,181.6,0.0,12.4,25.4,778.0,23.0
2024-12-01 12:45:00,294.0,240.6,157.6,0.0,9.0,25.4,742.9,4.8
2024-12-01 13:00:00,270.7,350.9,109.1,3.6,9.0,22.8,614.8,25.5
2024-12-01 13:15:00,285.9,480.6,63.5,0.0,9.0,17.5,791.5,81.9
2024-12-01 13:30:00,418.3,664.1,69.0,0.0,9.0,11.9,829.9,75.4
2024-12-01 13:45:00,328.9,812.2,43.1,0.0,9.0,15.1,896.2,59.6
2024-12-01 14:00:00,471.4,796.3,96.3,0.0,14.0,12.8,688.6,47.0
2024-12-01 14:15:00,471.8,481.9,96.3,0.0,8.9,6.9,722.2,22.9
2024-12-01 14:30:00,382.8,408.2,75.6,0.0,8.9,13.6,804.6,56.4
2024-12-01 14:45:00,298.2,553.1,58.9,0.0,7.9,13.6,769.0,65.6
2024-12-01 15:00:00,472.7,558.8,88.6,0.0,2.2,13.6,931.9,138.2
2024-12-01 15:15:00,475.8,368.8,182.4,0.0,2.2,23.0,874.8,133.2
2024-12-01 15:30:00,531.1,385.7,228.4,0.0,2.2,16.9,816.1,349.6
2024-12-01 15:45:00,336.6,364.3,180.1,0.0,2.2,16.7,783.1,295.9
2024-12-01 16:00:00,170.9,543.2,103.5,0.0,2.2,23.6,769.2,255.3
2024-12-01 16:15:00,154.0,595.4,149.7,0.0,2.2,23.6,836.2,65.7
2024-12-01 16:30:00,183.2,711.9,226.7,0.0,4.6,29.7,801.4,50.9
2024-12-01 16:45:00,162.7,618.1,105.4,0.0,4.6,35.9,864.0,70.2
2024-12-01 17:00:00,313.6,573.2,99.1,0.0,4.6,40.1,605.1,66.9
2024-12-01 17:15:00,330.7,444.0,63.0,0.0,4.6,41.1,421.1,51.9
2024-12-01 17:30:00,276.5,311.0,31.9,0.0,4.6,32.1,385.7,163.4
2024-12-01 17:45:00,139.7,206.1,31.9,0.0,4.6,35.4,437.3,108.1
2024-12-01 18:00:00,75.2,140.0,24.1,0.0,4.6,35.4,667.9,20.9
2024-12-01 18:15:00,70.2,186.5,7.8,0.0,4.6,33.8,613.3,6.3
2024-12-01 18:30:00,101.6,219.8,0.0,0.0,4.6,27.2,406.8,41.4
2024-12-01 18:45:00,47.4,279.4,0.0,0.0,11.6,41.7,436.3,26.2
2024-12-01 19:00:00,18.3,242.4,24.3,0.0,10.8,41.7,457.5,0.0
2024-12-01 19:15:00,49.8,247.7,38.9,0.0,9.1,37.4,297.5,0.0
2024-12-01 19:30:00,52.7,236.9,23.2,0.0,9.1,38.3,222.5,0.0
2024-12-01 19:45:00,12.9,119.0,80.4,0.0,9.1,38.4,459.2,0.0
2024-12-01 20:00:00,12.9,151.3,7.6,0.0,9.1,36.0,597.9,0.0
2024-12-01 20:15:00,114.3,146.3,0.0,40.7,9.1,39.3,588.4,0.0
2024-12-01 20:30:00,85.4,137.8,0.0,51.1,9.1,39.3,572.9,0.8
2024-12-01 20:45:00,52.6,299.1,0.0,48.7,9.1,39.1,562.6,0.0
2024-12-01 21:00:00,160.9,335.1,91.3,40.7,9.1,27.8,498.4,0.0
2024-12-01 21:15:00,144.4,415.7,150.1,40.7,9.1,32.7,575.1,41.5
2024-12-01 21:30:00,164.7,386.3,202.6,40.7,9.1,34.3,591.9,182.8
2024-12-01 21:45:00,159.2,537.3,170.2,865.2,9.1,31.4,569.1,196.4
2024-12-01 22:00:00,540.0,1193.6,1205.9,5340.2,15.7,41.7,571.8,572.7
2024-12-01 22:15:00,940.2,1434.3,1545.9,5577.3,13.3,41.7,728.8,803.9
2024-12-01 22:30:00,1035.7,1685.5,2306.0,5807.6,11.6,41.7,701.0,855.8
2024-12-01 22:45:00,945.6,1823.1,2363.6,5747.3,11.6,41.7,664.2,647.0
2024-12-01 23:00:00,781.3,1740.0,2454.4,5933.5,11.6,41.7,719.4,435.7
2024-12-01 23:15:00,445.1,1427.2,2858.2,5560.2,30.8,41.7,654.7,411.1
2024-12-01 23:30:00,525.3,1108.8,2527.9,5069.7,30.8,41.7,674.4,612.7
2024-12-01 23:45:00,238.3,504.8,1098.0,2334.9,22.7,19.1,429.1,280.0
2024-12-02 00:00:00,405.9,1277.5,2873.6,5546.3,30.8,41.8,641.6,649.5
2024-12-02 00:15:00,428.4,1413.4,3053.9,5819.7,30.8,41.2,756.4,576.5
2024-12-02 00:30:00,360.4,1327.3,2916.3,5867.6,29.7,38.4,720.4,582.8
2024-12-02 00:45:00,250.7,1441.4,2545.4,6127.9,28.3,38.4,669.1,786.4
2024-12-02 01:00:00,322.2,1552.6,2192.0,5841.1,28.3,38.4,440.3,614.6
2024-12-02 01:15:00,350.2,1422.1,1693.0,5409.1,28.3,31.8,516.7,661.6
2024-12-02 01:30:00,288.5,1212.1,1349.3,4412.1,28.3,31.6,699.7,656.6
2024-12-02 01:45:00,257.1,981.5,1213.4,3227.8,28.3,31.6,725.9,636.1
2024-12-02 02:00:00,224.6,846.3,935.3,2138.7,24.3,31.6,595.7,637.7
2024-12-02 02:15:00,246.8,735.2,555.7,1253.4,3.3,28.7,407.0,748.5
2024-12-02 02:30:00,214.7,763.1,176.9,382.5,2.2,27.7,525.1,695.9
2024-12-02 02:45:00,312.0,594.9,58.9,136.0,2.2,27.7,658.8,549.6
2024-12-02 03:00:00,261.5,580.9,29.9,71.6,2.2,27.7,590.4,461.4
2024-12-02 03:15:00,211.7,657.9,45.9,33.2,2.2,20.8,322.5,469.9
2024-12-02 03:30:00,114.4,537.2,45.9,0.0,2.2,17.7,244.7,500.7
2024-12-02 03:45:00,114.4,329.2,45.9,0.0,2.2,15.8,303.7,318.4
2024-12-02 04:00:00,133.0,294.2,45.9,0.0,2.2,10.6,178.5,359.3
2024-12-02 04:15:00,63.3,297.7,101.2,0.0,1.3,7.6,104.2,381.8
2024-12-02 04:30:00,47.6,370.3,58.6,0.0,0.0,6.7,305.3,362.0
2024-12-02 04:45:00,68.5,444.8,96.0,0.0,0.0,0.6,458.1,286.4
2024-12-02 05:00:00,135.8,441.7,109.4,0.0,0.0,0.6,564.5,254.4
2024-12-02 05:15:00,223.2,344.0,165.6,0.0,0.0,0.6,731.0,218.7
2024-12-02 05:30:00,340.1,253.1,251.9,0.0,0.0,0.6,607.5,211.7
2024-12-02 05:45:00,301.8,234.6,207.0,0.0,0.0,0.6,500.3,114.7
2024-12-02 06:00:00,230.6,159.4,135.8,0.0,0.0,0.6,532.1,71.8
2024-12-02 06:15:00,219.8,209.1,124.3,0.0,0.0,0.6,429.8,45.7
2024-12-02 06:30:00,168.8,247.5,100.1,0.0,0.0,0.6,415.0,30.6
2024-12-02 06:45:00,128.7,261.7,95.3,0.0,0.0,0.6,518.3,13.9
2024-12-02 07:00:00,115.2,201.5,64.6,0.0,0.0,0.6,583.4,45.1
2024-12-02 07:15:00,135.3,160.6,0.0,0.0,0.0,0.6,545.3,45.1
2024-12-02 07:30:00,130.5,203.4,0.0,0.0,0.0,0.6,491.0,31.4
2024-12-02 07:45:00,34.2,200.1,20.8,0.0,0.0,3.2,611.2,0.0
2024-12-02 08:00:00,34.2,278.3,20.8,0.0,0.0,2.6,555.2,0.0
2024-12-02 08:15:00,71.9,408.7,20.5,0.0,0.0,2.6,439.0,0.0
2024-12-02 08:30:00,52.5,440.7,0.0,0.0,0.0,2.6,593.7,0.0
2024-12-02 08:45:00,3.5,297.1,0.0,0.0,0.0,7.1,570.7,0.0
2024-12-02 09:00:00,30.4,126.4,0.0,0.0,0.0,14.1,450.8,0.0
2024-12-02 09:15:00,30.4,150.9,0.0,0.0,0.0,14.1,310.5,0.0
2024-12-02 09:30:00,55.7,163.9,0.0,0.0,0.0,12.4,311.2,0.0
2024-12-02 09:45:00,92.8,278.3,0.0,0.0,0.0,11.5,569.1,0.0
2024-12-02 10:00:00,119.3,317.9,0.0,0.0,17.3,11.5,618.5,0.0
2024-12-02 10:15:00,136.4,219.7,23.2,0.0,22.5,11.5,787.2,38.3
2024-12-02 10:30:00,254.0,185.7,23.2,0.0,8.6,11.5,780.0,39.1
2024-12-02 10:45:00,233.1,170.7,16.7,0.0,17.3,11.5,644.7,38.3
2024-12-02 11:00:00,190.3,239.6,112.7,0.0,17.3,14.4,610.2,57.1
2024-12-02 11:15:00,297.1,448.3,110.5,0.0,17.3,14.4,621.0,64.0
2024-12-02 11:30:00,352.6,689.2,71.9,0.0,17.3,21.2,917.3,99.6
2024-12-02 11:45:00,316.6,730.3,73.1,71.2,17.3,21.2,695.6,147.9
2024-12-02 12:00:00,493.8,819.8,54.1,212.4,13.1,21.2,605.4,142.4
2024-12-02 12:15:00,629.0,816.7,68.5,212.4,16.7,21.2,499.4,135.3
2024-12-02 12:30:00,441.8,584.9,141.2,205.5,16.7,21.2,691.5,125.1
2024-12-02 12:45:00,248.7,390.2,154.3,141.2,18.0,21.2,685.7,123.2
2024-12-02 13:00:00,116.3,332.3,122.6,110.6,8.6,24.5,632.4,142.7
2024-12-02 13:15:00,172.1,514.8,87.8,0.0,0.0,24.5,539.4,84.3
2024-12-02 13:30:00,215.3,544.6,0.9,0.0,0.0,24.5,437.7,298.0
2024-12-02 13:45:00,262.8,446.4,132.5,2.8,0.0,26.8,592.0,231.2
2024-12-02 14:00:00,185.3,485.9,132.5,0.0,0.0,26.8,761.2,245.3
2024-12-02 14:15:00,61.3,624.7,126.3,0.0,0.0,19.0,615.1,224.8
2024-12-02 14:30:00,178.5,721.2,15.5,0.0,0.0,12.8,499.4,454.1
2024-12-02 14:45:00,205.9,1014.1,20.6,0.0,0.0,10.6,471.9,453.8
2024-12-02 15:00:00,319.0,961.1,13.4,0.0,0.0,10.6,725.4,344.5
2024-12-02 15:15:00,327.5,979.5,33.3,0.0,0.0,9.1,871.5,227.1
2024-12-02 15:30:00,211.8,747.0,61.3,0.0,0.0,7.4,726.3,169.6
2024-12-02 15:45:00,155.3,742.4,65.4,0.0,0.0,4.2,760.6,278.7
2024-12-02 16:00:00,306.0,560.8,85.9,0.0,0.0,3.0,611.8,251.0
2024-12-02 16:15:00,273.6,469.2,70.4,0.0,0.0,9.8,747.1,185.0
2024-12-02 16:30:00,60.4,396.7,110.2,0.0,0.0,9.8,677.6,121.8
2024-12-02 16:45:00,96.3,302.2,155.7,0.0,0.0,11.0,592.1,130.1
2024-12-02 17:00:00,174.8,234.1,122.9,0.0,2.6,9.5,463.5,164.9
2024-12-02 17:15:00,248.1,175.6,161.1,0.0,2.6,8.1,574.1,156.6
2024-12-02 17:30:00,284.0,215.7,157.7,0.0,2.6,15.0,576.7,72.9
2024-12-02 17:45:00,158.4,242.1,105.8,0.0,2.6,15.0,519.8,91.6
2024-12-02 18:00:00,59.3,284.7,0.0,0.0,2.6,15.0,455.5,136.9
2024-12-02 18:15:00,36.7,211.1,0.0,0.0,2.6,21.0,649.7,110.1
2024-12-02 18:30:00,6.4,201.8,2.8,0.0,9.1,30.2,565.9,27.7
2024-12-02 18:45:00,42.8,325.9,1.6,0.0,9.1,30.2,676.3,21.0
2024-12-02 19:00:00,25.7,240.6,86.8,0.0,9.1,29.4,555.1,0.0
2024-12-02 19:15:00,17.1,314.9,86.8,0.0,9.1,26.9,281.6,0.0
2024-12-02 19:30:00,0.0,361.9,106.9,0.0,8.4,30.9,174.5,0.0
2024-12-02 19:45:00,0.0,280.2,106.9,0.0,6.5,24.9,153.1,35.2
2024-12-02 20:00:00,0.0,144.3,82.7,0.0,22.5,16.3,292.5,22.9
2024-12-02 20:15:00,0.0,142.9,31.4,0.0,22.5,14.9,153.5,16.3
2024-12-02 20:30:00,68.1,115.6,35.0,0.0,22.5,17.0,299.2,0.0
2024-12-02 20:45:00,81.5,107.9,26.5,0.0,22.5,15.4,461.3,0.0
2024-12-02 21:00:00,180.4,336.6,131.9,29.3,22.5,10.6,755.3,100.6
2024-12-02 21:15:00,153.8,301.4,148.7,67.2,28.0,16.9,729.0,177.4
2024-12-02 21:30:00,80.4,297.3,87.9,120.5,28.0,14.0,623.4,238.0
2024-12-02 21:45:00,311.1,230.2,138.1,1585.4,28.0,18.6,565.6,287.6
2024-12-02 22:00:00,634.0,913.9,2192.9,7025.8,43.0,38.2,767.5,727.2
2024-12-02 22:15:00,812.8,1149.6,2287.2,7327.0,30.2,41.4,797.0,812.2
2024-12-02 22:30:00,697.5,1353.3,2275.1,7509.1,30.2,41.4,751.7,808.8
2024-12-02 22:45:00,720.0,1095.3,2892.4,7375.5,20.0,54.1,457.2,716.7
2024-12-02 23:00:00,474.5,1161.7,2635.4,6721.5,12.0,52.4,416.1,504.4
2024-12-02 23:15:00,535.0,1187.4,2451.9,5683.3,12.0,52.4,325.6,501.5
2024-12-02 23:30:00,471.9,1186.4,2628.4,5166.6,12.0,52.4,195.8,483.5
2024-12-02 23:45:00,240.1,631.1,1066.0,2667.3,8.9,34.4,213.8,294.9
2024-12-03 00:00:00,672.4,1494.3,2699.6,5320.3,12.0,44.5,458.3,457.3
2024-12-03 00:15:00,623.2,1907.1,2627.6,5039.9,12.0,44.1,721.6,512.4
2024-12-03 00:30:00,618.1,2291.7,2910.7,5679.6,12.0,44.1,594.0,658.5
2024-12-03 00:45:00,406.8,1974.4,2751.9,6090.1,12.0,40.6,603.3,627.8
2024-12-03 01:00:00,339.3,1465.2,2685.1,6600.1,12.0,38.2,765.9,631.4
2024-12-03 01:15:00,419.2,1120.2,2542.6,6213.9,12.0,37.8,783.4,731.9
2024-12-03 01:30:00,494.0,789.6,2369.7,5424.3,12.0,36.9,518.8,660.7
2024-12-03 01:45:00,525.1,707.2,2127.4,4090.1,12.0,36.9,572.6,509.2
2024-12-03 02:00:00,508.8,660.1,1449.7,3120.4,12.0,36.9,585.4,408.7
2024-12-03 02:15:00,454.7,673.6,942.4,2130.6,12.0,36.9,534.3,331.8
2024-12-03 02:30:00,322.3,678.5,660.0,1425.0,12.0,36.9,592.7,296.5
2024-12-03 02:45:00,362.6,629.7,430.5,745.5,10.4,32.7,514.6,347.6
2024-12-03 03:00:00,316.9,439.2,226.6,265.5,5.5,24.9,402.0,381.4
2024-12-03 03:15:00,269.2,381.2,46.1,153.0,5.5,23.2,419.6,402.6
2024-12-03 03:30:00,190.9,386.8,18.0,5.2,5.5,20.3,614.9,443.4
2024-12-03 03:45:00,130.8,309.2,18.0,0.0,5.5,19.9,827.8,491.3
2024-12-03 04:00:00,79.6,261.1,18.0,0.0,5.5,13.5,756.7,296.5
2024-12-03 04:15:00,131.7,280.6,18.0,0.0,5.5,12.9,726.7,331.6
2024-12-03 04:30:00,255.9,322.7,18.0,0.0,5.5,12.9,699.5,293.5
2024-12-03 04:45:00,263.2,368.7,124.8,0.0,5.5,12.9,618.6,268.4
2024-12-03 05:00:00,246.3,549.1,154.4,0.0,5.5,12.2,606.7,192.1
2024-12-03 05:15:00,299.1,372.1,154.4,0.0,5.5,5.2,617.4,132.4
2024-12-03 05:30:00,318.1,266.1,207.4,0.0,2.7,0.3,768.5,130.0
2024-12-03 05:45:00,244.1,168.5,158.1,0.0,0.0,0.3,750.8,125.0
2024-12-03 06:00:00,141.0,154.9,107.0,0.0,0.0,0.3,732.7,181.1
2024-12-03 06:15:00,116.3,214.9,71.6,0.0,0.0,0.3,436.5,114.3
2024-12-03 06:30:00,125.9,241.6,44.4,0.0,0.0,0.3,132.0,70.8
2024-12-03 06:45:00,260.4,296.5,43.5,0.0,0.0,0.3,306.8,75.9
2024-12-03 07:00:00,160.1,227.0,44.4,0.0,0.0,0.3,611.1,42.4
2024-12-03 07:15:00,111.2,247.7,19.3,0.0,0.0,3.6,693.7,11.8
2024-12-03 07:30:00,15.2,151.3,0.0,0.0,0.0,6.9,437.6,0.0
2024-12-03 07:45:00,0.0,124.7,0.0,0.0,0.0,6.9,392.4,0.0
2024-12-03 08:00:00,0.0,112.9,0.0,0.0,0.0,6.2,306.0,0.0
2024-12-03 08:15:00,0.0,196.5,0.0,0.0,0.0,3.6,351.2,0.0
2024-12-03 08:30:00,18.3,246.5,0.0,0.0,0.0,6.8,459.6,2.0
2024-12-03 08:45:00,18.3,350.3,0.0,0.0,0.0,6.8,453.5,33.2
2024-12-03 09:00:00,18.3,306.6,0.0,0.0,0.0,6.8,340.9,5.0
2024-12-03 09:15:00,18.3,463.0,0.0,0.0,0.0,6.8,310.6,5.0
2024-12-03 09:30:00,44.5,305.5,0.0,0.0,0.0,5.6,462.1,2.0
2024-12-03 09:45:00,27.0,162.4,0.0,0.0,0.0,3.4,638.7,0.0
2024-12-03 10:00:00,9.0,150.5,0.0,0.0,0.0,0.0,786.6,0.0
2024-12-03 10:15:00,69.7,135.0,0.0,0.0,0.0,0.0,736.2,0.0
2024-12-03 10:30:00,29.7,136.7,0.0,0.0,0.0,0.0,629.6,0.0
2024-12-03 10:45:00,50.4,150.7,0.0,0.0,0.0,3.3,462.3,0.0
2024-12-03 11:00:00,188.5,433.7,245.7,0.0,0.0,10.0,347.4,84.2
2024-12-03 11:15:00,187.7,645.3,239.0,0.0,0.0,10.0,489.7,59.0
2024-12-03 11:30:00,266.7,698.6,183.6,0.0,0.0,14.3,620.8,67.7
2024-12-03 11:45:00,369.5,689.7,175.8,0.0,0.0,13.5,655.6,46.8
2024-12-03 12:00:00,412.7,548.8,106.3,0.0,0.0,13.5,735.8,140.3
2024-12-03 12:15:00,359.0,421.6,35.9,8.8,0.0,20.0,841.2,92.7
2024-12-03 12:30:00,244.7,352.3,31.4,137.7,0.0,20.0,935.2,112.4
2024-12-03 12:45:00,190.7,396.4,19.1,135.7,0.0,23.2,775.6,173.9
2024-12-03 13:00:00,78.9,389.0,50.7,135.7,0.0,23.2,803.1,151.4
2024-12-03 13:15:00,165.3,359.5,50.7,135.7,0.0,20.4,715.5,105.5
2024-12-03 13:30:00,257.2,479.6,50.7,128.6,0.0,23.3,679.1,253.3
2024-12-03 13:45:00,358.4,603.0,82.7,0.0,0.0,23.3,725.2,175.1
2024-12-03 14:00:00,295.1,618.6,16.1,0.0,0.0,23.3,658.1,258.7
2024-12-03 14:15:00,314.7,528.7,0.0,0.0,2.9,23.3,540.1,202.6
2024-12-03 14:30:00,299.2,575.5,0.0,0.0,2.9,23.3,310.5,120.9
2024-12-03 14:45:00,266.2,660.8,0.0,0.0,2.9,23.3,389.1,139.2
2024-12-03 15:00:00,192.4,723.7,0.0,0.0,2.9,21.9,458.1,208.3
2024-12-03 15:15:00,284.9,541.6,56.6,0.0,2.9,16.7,726.0,278.8
2024-12-03 15:30:00,337.9,372.4,90.8,0.0,2.9,13.9,631.7,374.2
2024-12-03 15:45:00,265.3,463.0,90.8,0.0,2.9,13.6,717.6,309.3
2024-12-03 16:00:00,168.1,654.8,90.8,0.0,2.9,13.6,807.0,304.6
2024-12-03 16:15:00,211.4,518.7,138.1,0.0,2.9,19.9,918.9,287.2
2024-12-03 16:30:00,252.0,434.3,176.4,0.0,2.9,19.9,728.4,263.7
2024-12-03 16:45:00,367.4,513.1,159.0,0.0,2.9,19.9,707.4,178.3
2024-12-03 17:00:00,306.3,510.7,141.3,0.0,0.4,20.9,634.6,93.7
2024-12-03 17:15:00,328.4,423.3,80.6,0.0,0.0,21.7,745.5,80.0
2024-12-03 17:30:00,342.3,444.5,59.1,0.0,2.6,20.1,792.4,28.6
2024-12-03 17:45:00,207.8,477.1,20.2,0.0,2.6,18.5,777.4,48.2
2024-12-03 18:00:00,135.7,268.7,0.0,0.0,2.6,21.8,757.9,23.4
2024-12-03 18:15:00,103.8,94.1,26.4,0.0,2.6,20.2,502.2,87.6
2024-12-03 18:30:00,55.9,56.8,1.2,0.0,2.6,18.9,234.6,121.2
2024-12-03 18:45:00,24.7,93.2,107.3,0.0,2.6,18.2,0.0,112.2
2024-12-03 19:00:00,58.9,141.0,88.3,0.0,2.6,30.4,306.3,52.7
2024-12-03 19:15:00,107.7,193.3,87.3,0.0,2.6,42.8,460.1,31.2
2024-12-03 19:30:00,138.3,117.0,87.3,0.0,2.6,44.5,706.7,25.5
2024-12-03 19:45:00,68.3,43.7,109.3,0.0,2.6,38.5,724.8,0.0
2024-12-03 20:00:00,115.2,77.7,78.5,0.0,2.6,32.7,721.3,0.0
2024-12-03 20:15:00,135.1,16.1,20.5,0.0,1.9,32.5,502.5,0.0
2024-12-03 20:30:00,44.1,0.0,33.5,0.0,0.0,30.7,407.6,0.0
2024-12-03 20:45:00,8.5,60.9,33.5,0.0,0.0,28.8,432.9,0.0
2024-12-03 21:00:00,43.4,294.7,83.9,33.4,0.0,35.6,428.6,60.5
2024-12-03 21:15:00,157.1,418.1,108.5,77.5,0.0,31.3,584.6,132.0
2024-12-03 21:30:00,194.8,383.6,149.8,129.6,0.0,30.7,586.6,130.7
2024-12-03 21:45:00,256.0,329.6,231.4,1088.5,0.0,30.2,732.3,160.7
2024-12-03 22:00:00,1059.9,1269.4,2383.8,7532.3,37.0,50.3,596.4,837.2
2024-12-03 22:15:00,1244.9,1417.1,2368.8,7474.9,37.0,77.8,601.8,967.3
2024-12-03 22:30:00,1219.6,1329.7,2168.9,7524.2,37.0,90.8,612.0,865.3
2024-12-03 22:45:00,901.6,1037.7,2373.4,7483.3,37.0,88.4,456.0,592.3
2024-12-03 23:00:00,549.4,993.3,2586.9,6977.9,37.0,91.7,457.7,563.9
2024-12-03 23:15:00,512.5,1221.4,2311.0,6162.2,21.3,91.3,328.7,573.2
2024-12-03 23:30:00,417.6,1357.9,2449.2,5124.2,17.8,87.7,614.7,650.0
2024-12-03 23:45:00,219.0,852.9,1866.4,3223.4,17.0,44.3,328.2,318.9
2024-12-04 00:00:00,385.6,1808.4,2780.2,4234.6,17.8,87.3,892.7,666.2
2024-12-04 00:15:00,371.9,1873.2,3008.0,4484.6,17.8,80.9,788.9,614.7
2024-12-04 00:30:00,347.0,1674.9,2876.8,4744.4,17.8,75.5,681.7,713.5
2024-12-04 00:45:00,330.4,1315.9,2584.2,5452.8,17.8,71.5,619.1,763.2
2024-12-04 01:00:00,236.4,1076.2,2515.8,6653.2,17.8,71.5,474.5,699.2
2024-12-04 01:15:00,210.7,834.5,2462.6,6552.5,17.8,67.3,304.6,944.3
2024-12-04 01:30:00,165.3,842.9,2298.7,6112.8,17.8,64.5,387.5,791.5
2024-12-04 01:45:00,150.8,873.8,2160.5,5352.2,17.8,64.5,612.8,666.9
2024-12-04 02:00:00,150.5,972.3,1528.0,4355.0,17.8,61.5,678.4,642.9
2024-12-04 02:15:00,356.1,752.7,1270.3,3238.6,17.8,56.3,609.9,625.7
2024-12-04 02:30:00,382.0,718.6,927.1,2677.0,17.8,51.0,562.8,661.1
2024-12-04 02:45:00,321.4,626.0,481.7,1724.9,17.8,51.0,617.1,555.2
2024-12-04 03:00:00,229.5,473.0,140.2,729.0,17.7,49.5,767.0,486.6
2024-12-04 03:15:00,299.3,561.1,65.5,271.4,11.9,43.8,614.2,410.6
2024-12-04 03:30:00,109.7,661.2,70.1,37.7,11.9,37.7,597.7,272.8
2024-12-04 03:45:00,236.3,624.2,52.2,0.0,11.9,37.7,610.7,303.6
2024-12-04 04:00:00,168.7,597.4,54.4,0.0,8.6,37.7,443.3,314.2
2024-12-04 04:15:00,306.8,521.9,52.6,0.0,6.4,31.6,521.6,322.7
2024-12-04 04:30:00,283.7,429.0,87.7,0.0,6.4,22.8,458.5,302.8
2024-12-04 04:45:00,260.0,473.6,124.6,0.0,0.7,13.6,512.6,277.2
2024-12-04 05:00:00,353.8,346.4,102.4,0.0,0.0,13.5,579.8,347.0
2024-12-04 05:15:00,413.2,220.4,92.8,0.0,0.0,7.4,436.4,370.5
2024-12-04 05:30:00,413.0,237.7,157.0,0.0,0.0,6.8,592.3,318.6
2024-12-04 05:45:00,321.8,213.2,120.2,0.0,0.0,6.8,636.7,180.0
2024-12-04 06:00:00,116.6,230.2,110.9,0.0,0.0,6.8,756.9,146.9
2024-12-04 06:15:00,93.9,304.5,138.2,0.0,0.0,13.4,509.3,70.5
2024-12-04 06:30:00,40.3,361.3,85.4,0.0,0.0,7.1,607.0,53.6
2024-12-04 06:45:00,66.5,316.3,37.9,0.0,0.0,6.6,611.5,35.4
2024-12-04 07:00:00,42.8,259.2,0.0,0.0,0.0,6.6,770.7,28.7
2024-12-04 07:15:00,26.1,262.9,0.0,0.0,0.0,6.6,664.4,28.7
2024-12-04 07:30:00,0.0,288.5,0.0,0.0,0.0,13.4,524.1,4.1
2024-12-04 07:45:00,0.0,194.4,0.0,0.0,19.5,13.4,461.9,0.0
2024-12-04 08:00:00,0.0,179.2,0.0,0.0,19.5,13.4,614.9,0.0
2024-12-04 08:15:00,0.0,191.8,43.6,0.0,19.5,13.4,577.7,0.0
2024-12-04 08:30:00,0.0,332.2,0.0,0.0,19.5,16.1,435.3,43.9
2024-12-04 08:45:00,138.4,468.3,0.0,0.0,19.5,25.0,421.9,43.9
2024-12-04 09:00:00,135.4,454.7,16.6,0.0,19.5,25.0,573.2,43.9
2024-12-04 09:15:00,155.6,410.1,16.6,0.0,19.5,25.0,585.4,74.1
2024-12-04 09:30:00,81.1,282.4,27.7,0.0,19.5,25.0,462.3,25.3
2024-12-04 09:45:00,111.8,232.5,27.7,0.0,19.5,25.0,490.3,0.0
2024-12-04 10:00:00,101.5,151.0,19.7,0.0,6.2,25.0,463.0,0.0
2024-12-04 10:15:00,45.2,182.8,10.0,0.0,3.2,22.6,547.7,0.0
2024-12-04 10:30:00,23.4,169.9,34.5,0.0,3.2,15.6,462.5,0.0
2024-12-04 10:45:00,63.2,272.5,57.9,0.0,3.2,14.5,633.8,0.0
2024-12-04 11:00:00,339.5,551.0,51.3,0.0,3.2,16.5,512.9,117.4
2024-12-04 11:15:00,263.0,695.9,86.5,0.0,3.2,16.5,442.6,141.8
2024-12-04 11:30:00,335.9,770.0,69.8,0.0,3.2,16.5,331.4,112.1
2024-12-04 11:45:00,233.5,676.8,88.0,73.4,3.2,16.5,593.4,63.1
2024-12-04 12:00:00,249.5,730.7,73.0,132.6,0.9,16.5,816.3,37.4
2024-12-04 12:15:00,272.6,606.3,108.4,132.6,0.0,13.3,786.7,77.4
2024-12-04 12:30:00,328.4,632.8,96.5,132.6,0.0,9.8,565.7,92.9
2024-12-04 12:45:00,316.6,623.5,96.5,108.6,0.0,9.8,628.3,94.2
2024-12-04 13:00:00,294.5,481.0,66.0,59.2,0.0,16.6,770.9,65.4
2024-12-04 13:15:00,317.7,505.0,62.8,79.5,0.0,10.2,997.0,72.4
2024-12-04 13:30:00,342.9,524.5,55.2,36.7,0.0,9.7,826.9,75.8
2024-12-04 13:45:00,179.2,676.0,44.6,36.7,0.0,9.7,852.5,116.1
2024-12-04 14:00:00,150.4,691.6,61.4,45.5,0.0,9.7,768.5,109.6
2024-12-04 14:15:00,212.3,580.2,48.7,25.2,0.0,9.7,761.2,122.0
2024-12-04 14:30:00,176.6,711.6,16.9,0.0,0.0,9.7,746.4,160.7
2024-12-04 14:45:00,247.7,561.5,16.9,0.0,0.0,9.7,768.4,181.9
2024-12-04 15:00:00,330.9,661.3,74.2,0.0,0.0,9.7,693.2,149.7
2024-12-04 15:15:00,332.8,600.6,119.1,0.0,0.0,9.7,742.8,175.7
2024-12-04 15:30:00,308.9,825.0,166.0,0.0,0.0,9.7,748.9,217.2
2024-12-04 15:45:00,370.1,979.1,104.3,0.0,2.5,9.7,802.4,172.8
2024-12-04 16:00:00,436.5,698.8,133.5,0.0,2.5,9.7,681.0,162.6
2024-12-04 16:15:00,252.6,479.6,115.7,0.0,2.5,12.7,542.9,170.2
2024-12-04 16:30:00,240.5,455.1,50.4,0.0,2.5,15.9,567.0,247.1
2024-12-04 16:45:00,331.3,627.7,111.4,0.0,2.5,21.1,715.1,163.8
2024-12-04 17:00:00,296.7,649.2,109.0,0.0,2.5,21.2,855.7,204.6
2024-12-04 17:15:00,222.7,564.2,50.0,0.0,2.5,24.1,881.5,149.0
2024-12-04 17:30:00,130.3,417.0,82.2,0.0,2.5,22.9,713.8,125.2
2024-12-04 17:45:00,85.6,201.2,82.2,0.0,2.5,22.5,689.5,42.5
2024-12-04 18:00:00,39.5,211.2,47.7,0.0,2.5,24.2,509.2,20.3
2024-12-04 18:15:00,34.1,263.1,18.6,0.0,2.5,19.0,276.3,0.0
2024-12-04 18:30:00,50.9,294.0,0.0,0.0,1.4,17.8,123.7,0.0
2024-12-04 18:45:00,74.6,352.7,0.0,0.0,19.3,17.8,304.8,0.0
2024-12-04 19:00:00,142.1,293.8,43.6,0.0,19.3,28.6,612.2,0.0
2024-12-04 19:15:00,110.3,288.0,86.5,0.0,25.8,31.6,492.1,0.0
2024-12-04 19:30:00,135.0,185.1,86.5,0.0,25.8,35.7,358.0,0.0
2024-12-04 19:45:00,41.1,83.2,86.5,0.0,25.8,33.7,153.6,0.0
2024-12-04 20:00:00,83.9,145.3,109.5,0.0,25.8,36.5,127.6,0.0
2024-12-04 20:15:00,54.3,117.2,109.5,0.0,25.8,36.5,150.3,14.3
2024-12-04 20:30:00,133.4,303.1,101.0,0.0,25.8,33.0,124.5,14.3
2024-12-04 20:45:00,74.2,274.4,44.5,0.0,10.0,32.6,153.2,43.1
2024-12-04 21:00:00,183.7,338.5,177.2,0.0,6.5,32.6,307.6,208.9
2024-12-04 21:15:00,326.0,419.1,245.6,0.0,6.5,39.5,307.6,188.2
2024-12-04 21:30:00,221.0,482.8,252.7,84.0,1.0,46.2,315.3,173.8
2024-12-04 21:45:00,181.6,524.6,210.7,781.8,5.6,44.5,494.1,122.0
2024-12-04 22:00:00,919.9,1208.3,2270.9,7356.7,24.7,52.4,611.7,439.8
2024-12-04 22:15:00,1160.7,1486.0,2331.1,7530.5,31.1,52.4,615.3,587.9
2024-12-04 22:30:00,1084.0,1563.5,2313.7,7546.1,31.1,52.4,467.5,662.6
2024-12-04 22:45:00,658.1,1557.1,2719.0,7471.1,31.1,52.4,496.3,495.7
2024-12-04 23:00:00,333.8,1556.4,2393.1,7020.5,28.8,52.4,470.3,517.4
2024-12-04 23:15:00,238.7,1284.5,2478.1,6425.7,14.2,59.2,468.6,610.8
2024-12-04 23:30:00,453.5,1103.1,2469.5,5338.6,14.2,59.2,618.3,634.9
2024-12-04 23:45:00,385.4,626.7,1358.2,3368.5,5.9,32.4,438.4,362.3
2024-12-05 00:00:00,625.8,1546.3,2461.1,4324.3,14.2,58.8,892.1,609.2
2024-12-05 00:15:00,665.0,1847.8,2575.4,4561.3,14.2,47.5,951.0,559.0
2024-12-05 00:30:00,551.5,1789.8,2771.4,5607.8,14.2,40.5,970.3,796.8
2024-12-05 00:45:00,384.6,1792.3,2931.3,5577.7,31.5,37.2,774.7,800.8
2024-12-05 01:00:00,509.6,1419.5,2735.5,6330.6,31.5,32.2,880.4,946.2
2024-12-05 01:15:00,591.5,1214.9,2529.0,6131.4,31.5,31.7,751.1,828.4
2024-12-05 01:30:00,520.7,1216.8,2306.7,5320.6,31.5,31.0,806.8,679.4
2024-12-05 01:45:00,481.1,1218.1,1938.4,4410.2,31.5,28.3,865.0,575.0
2024-12-05 02:00:00,343.2,1040.5,1483.9,3478.2,31.5,27.7,824.1,442.1
2024-12-05 02:15:00,184.9,1043.2,1205.7,2411.1,31.5,21.4,646.7,282.4
2024-12-05 02:30:00,95.4,930.2,860.8,1532.6,29.7,21.4,638.6,250.5
2024-12-05 02:45:00,127.0,689.3,463.8,835.7,26.0,21.4,821.9,231.1
2024-12-05 03:00:00,120.9,609.2,156.1,365.8,26.0,21.4,992.4,269.1
2024-12-05 03:15:00,150.0,542.0,90.2,127.2,26.0,17.5,847.1,265.5
2024-12-05 03:30:00,151.1,433.0,66.2,59.4,26.0,13.8,794.2,325.3
2024-12-05 03:45:00,162.5,351.3,55.2,33.0,26.0,13.5,886.4,407.6
2024-12-05 04:00:00,239.2,362.8,42.8,64.3,26.0,13.5,792.9,423.4
2024-12-05 04:15:00,213.4,331.9,0.0,64.3,26.0,8.7,799.2,409.6
2024-12-05 04:30:00,297.9,479.7,116.2,15.7,15.4,6.7,629.4,327.4
2024-12-05 04:45:00,441.5,508.5,116.2,0.0,8.7,6.7,785.7,228.5
2024-12-05 05:00:00,365.0,493.8,152.4,0.0,8.7,6.7,680.8,159.0
2024-12-05 05:15:00,299.5,473.2,139.0,0.0,8.7,6.7,775.9,183.6
2024-12-05 05:30:00,451.8,354.2,56.9,0.0,3.2,6.7,665.9,267.9
2024-12-05 05:45:00,447.1,201.7,43.7,0.0,2.2,6.7,741.6,276.9
2024-12-05 06:00:00,184.9,269.7,29.5,0.0,2.2,1.9,660.4,236.2
2024-12-05 06:15:00,69.6,214.9,29.5,0.0,2.2,0.0,399.5,90.2
2024-12-05 06:30:00,57.5,235.3,29.5,0.0,2.2,0.0,154.1,79.3
2024-12-05 06:45:00,55.6,279.2,33.4,0.0,2.2,0.0,204.3,101.0
2024-12-05 07:00:00,53.6,371.3,28.7,0.0,2.2,0.0,306.4,73.1
2024-12-05 07:15:00,118.1,400.3,13.0,0.0,2.2,0.0,306.4,47.7
2024-12-05 07:30:00,239.0,310.3,0.0,0.0,2.2,0.0,98.9,25.4
2024-12-05 07:45:00,171.5,189.0,41.6,0.0,2.2,0.0,153.9,0.0
2024-12-05 08:00:00,49.0,55.9,41.6,0.0,2.2,0.0,153.9,0.0
2024-12-05 08:15:00,22.0,175.4,12.7,0.0,2.2,6.0,307.9,0.0
2024-12-05 08:30:00,85.3,363.9,0.0,0.0,2.2,6.0,310.8,0.0
2024-12-05 08:45:00,69.2,371.3,0.0,0.0,2.2,6.0,427.8,0.0
2024-12-05 09:00:00,63.3,349.1,0.0,0.0,2.2,8.2,435.2,0.0
2024-12-05 09:15:00,57.4,352.8,0.0,0.0,2.2,8.2,310.7,0.0
2024-12-05 09:30:00,0.0,410.6,0.0,0.0,2.2,8.2,312.5,0.0
2024-12-05 09:45:00,48.0,303.8,0.0,0.0,2.2,8.2,308.9,0.0
2024-12-05 10:00:00,85.3,265.9,0.0,0.0,2.2,6.6,463.0,0.0
2024-12-05 10:15:00,119.8,171.2,0.0,0.0,2.2,5.4,509.0,0.0
2024-12-05 10:30:00,76.3,181.9,0.0,0.0,2.2,2.8,541.8,20.3
2024-12-05 10:45:00,199.9,210.8,63.8,0.0,2.2,2.1,461.7,20.3
2024-12-05 11:00:00,385.5,491.4,82.0,0.0,2.2,2.1,461.7,20.3
2024-12-05 11:15:00,304.3,723.4,73.4,0.0,2.2,2.1,653.1,154.7
2024-12-05 11:30:00,211.8,731.0,222.5,0.0,1.7,2.1,634.6,178.0
2024-12-05 11:45:00,194.5,667.7,386.8,0.0,2.1,2.1,799.5,197.3
2024-12-05 12:00:00,198.1,807.1,322.8,0.0,8.2,2.1,702.7,68.2
2024-12-05 12:15:00,240.4,841.3,183.8,0.0,8.2,2.1,904.7,167.8
2024-12-05 12:30:00,258.5,989.0,100.2,70.4,8.2,2.1,635.6,195.5
2024-12-05 12:45:00,272.9,774.3,108.8,70.4,8.2,9.2,802.9,220.4
2024-12-05 13:00:00,167.1,648.1,107.1,143.9,8.2,8.8,805.2,166.5
2024-12-05 13:15:00,184.3,503.8,48.4,143.9,8.2,8.8,907.7,97.0
2024-12-05 13:30:00,180.7,594.0,47.1,143.9,8.2,8.1,917.4,72.0
2024-12-05 13:45:00,236.4,544.7,41.1,134.4,8.2,6.0,805.3,89.0
2024-12-05 14:00:00,288.5,440.3,38.5,73.4,8.2,3.3,725.3,145.5
2024-12-05 14:15:00,285.9,594.6,29.6,73.4,8.2,3.3,787.6,129.8
2024-12-05 14:30:00,199.2,661.8,8.2,29.0,8.2,3.3,825.2,126.8
2024-12-05 14:45:00,174.9,614.9,44.4,0.0,8.2,3.3,814.0,157.0
2024-12-05 15:00:00,200.6,851.6,116.8,0.0,8.2,2.7,842.1,174.7
2024-12-05 15:15:00,317.8,968.7,101.6,0.0,8.2,0.0,836.8,124.0
2024-12-05 15:30:00,337.1,865.0,67.6,0.0,8.2,0.0,924.5,91.9
2024-12-05 15:45:00,237.5,730.4,51.4,0.0,8.2,0.0,855.3,144.3
2024-12-05 16:00:00,217.6,699.7,87.3,0.0,8.2,0.0,823.1,274.4
2024-12-05 16:15:00,317.5,711.8,116.6,0.0,8.2,3.1,795.5,301.3
2024-12-05 16:30:00,307.5,516.8,174.9,0.0,8.2,3.1,733.2,213.9
2024-12-05 16:45:00,275.5,316.7,231.9,0.0,10.7,3.1,921.1,108.5
2024-12-05 17:00:00,349.0,264.9,121.6,0.0,14.9,3.1,792.5,140.1
2024-12-05 17:15:00,270.7,474.4,137.4,0.0,14.9,12.6,839.0,131.0
2024-12-05 17:30:00,264.1,353.9,165.8,0.0,14.9,12.6,657.9,123.4
2024-12-05 17:45:00,318.3,387.0,74.7,0.0,14.9,15.6,756.8,97.6
2024-12-05 18:00:00,186.4,287.1,39.2,0.0,14.9,23.6,402.0,60.7
2024-12-05 18:15:00,117.6,223.9,0.0,0.0,14.9,29.6,278.8,102.0
2024-12-05 18:30:00,71.8,180.3,0.0,0.0,14.9,29.6,33.6,84.3
2024-12-05 18:45:00,37.0,99.1,43.7,0.0,13.5,32.7,295.1,56.5
2024-12-05 19:00:00,144.3,139.1,87.0,0.0,8.8,32.0,452.8,0.0
2024-12-05 19:15:00,121.9,166.2,87.0,0.0,5.2,49.4,588.7,36.0
2024-12-05 19:30:00,79.7,186.8,87.0,0.0,4.1,48.9,770.8,36.0
2024-12-05 19:45:00,53.1,178.5,104.7,0.0,2.1,46.0,627.8,60.1
2024-12-05 20:00:00,10.2,129.1,200.0,0.0,2.1,42.8,530.7,81.4
2024-12-05 20:15:00,0.0,72.2,104.7,0.0,2.1,37.6,461.8,77.3
2024-12-05 20:30:00,0.0,98.7,17.7,0.0,2.1,36.7,617.4,0.0
2024-12-05 20:45:00,0.0,227.4,9.0,0.0,2.1,36.7,762.6,0.0
2024-12-05 21:00:00,115.0,363.5,139.9,0.0,2.1,42.9,794.8,117.1
2024-12-05 21:15:00,91.8,379.9,91.9,0.0,2.1,55.7,700.2,139.0
2024-12-05 21:30:00,163.4,354.8,57.9,65.8,2.1,55.7,703.5,72.4
2024-12-05 21:45:00,206.3,447.1,80.1,855.7,2.1,62.6,614.2,64.0
2024-12-05 22:00:00,947.0,1001.5,2136.0,7699.0,35.7,75.9,581.7,463.5
2024-12-05 22:15:00,1029.1,1156.1,2387.9,7836.0,41.9,79.8,286.9,564.9
2024-12-05 22:30:00,1009.6,1287.5,2462.2,7907.0,41.9,79.8,461.9,514.0
2024-12-05 22:45:00,957.3,1478.6,2541.5,7922.3,41.9,86.5,621.4,586.1
2024-12-05 23:00:00,694.2,1505.0,2735.0,7647.2,41.9,86.5,740.6,553.5
2024-12-05 23:15:00,683.5,1582.7,2224.1,6828.2,41.9,89.9,763.6,549.6
2024-12-05 23:30:00,539.4,1525.1,2381.0,5811.1,41.9,85.3,789.6,723.5
2024-12-05 23:45:00,301.9,712.9,1468.1,3471.7,36.0,39.7,564.1,416.9
2024-12-06 00:00:00,543.5,1849.4,2905.3,4617.0,50.4,79.7,1041.2,822.8
2024-12-06 00:15:00,532.0,2181.1,3144.8,4296.3,51.1,76.8,819.1,901.1
2024-12-06 00:30:00,544.8,2241.7,3006.1,5622.4,47.4,69.4,841.6,766.9
2024-12-06 00:45:00,539.4,2304.1,2626.4,5846.9,39.7,66.9,420.7,604.7
2024-12-06 01:00:00,550.9,2175.5,2442.2,6403.5,29.9,62.5,262.1,674.8
2024-12-06 01:15:00,588.2,1829.5,2316.8,6162.3,24.4,62.5,307.9,547.9
2024-12-06 01:30:00,295.5,1466.6,2290.7,5609.0,24.4,57.9,611.9,487.9
2024-12-06 01:45:00,383.2,1246.4,2265.9,4916.1,24.4,55.9,711.0,494.3
2024-12-06 02:00:00,369.2,926.3,1754.9,4179.5,24.4,55.9,619.9,365.7
2024-12-06 02:15:00,388.3,759.1,1441.1,3178.7,24.4,49.3,734.0,368.4
2024-12-06 02:30:00,347.9,521.9,830.1,2224.7,24.4,49.2,679.0,409.6
2024-12-06 02:45:00,311.0,371.1,488.8,1332.1,23.0,49.2,739.7,521.0
2024-12-06 03:00:00,290.4,336.2,229.9,454.1,13.9,48.9,638.4,550.7
2024-12-06 03:15:00,319.9,276.3,181.8,77.7,12.3,42.8,683.7,451.5
2024-12-06 03:30:00,246.0,349.8,123.3,0.0,12.3,39.8,750.7,501.3
2024-12-06 03:45:00,221.0,403.3,112.8,0.0,12.3,39.2,730.5,517.7
2024-12-06 04:00:00,145.2,414.0,107.6,0.0,12.3,33.6,719.7,371.2
2024-12-06 04:15:00,66.1,489.2,77.1,0.0,9.0,27.9,671.2,434.7
2024-12-06 04:30:00,102.6,538.1,108.2,0.0,6.1,33.4,564.8,416.9
2024-12-06 04:45:00,171.5,516.5,120.2,0.0,4.2,33.4,711.7,362.3
2024-12-06 05:00:00,242.0,495.3,77.0,0.0,0.0,27.1,690.0,203.2
2024-12-06 05:15:00,217.5,410.0,77.0,0.0,0.0,26.6,481.5,167.1
2024-12-06 05:30:00,174.3,248.4,48.5,0.0,0.0,26.6,405.3,156.5
2024-12-06 05:45:00,95.8,179.2,16.4,0.0,0.0,26.6,522.4,107.4
2024-12-06 06:00:00,51.5,249.2,0.0,0.0,0.0,20.7,494.8,30.1
2024-12-06 06:15:00,78.7,190.4,0.0,0.0,0.0,19.7,416.1,25.5
2024-12-06 06:30:00,64.0,214.7,24.3,0.0,0.0,13.4,12.0,103.1
2024-12-06 06:45:00,44.5,233.4,47.3,0.0,0.0,9.9,0.0,89.5
2024-12-06 07:00:00,60.7,258.3,47.3,0.0,0.0,9.9,152.4,79.7
2024-12-06 07:15:00,104.8,371.8,21.4,0.0,0.0,9.9,305.9,60.6
2024-12-06 07:30:00,48.1,427.3,0.0,0.0,0.0,9.9,397.3,33.1
2024-12-06 07:45:00,0.0,337.9,0.0,0.0,0.0,18.0,371.0,0.0
2024-12-06 08:00:00,0.0,230.4,0.0,0.0,0.0,23.8,286.6,0.0
2024-12-06 08:15:00,0.0,236.1,0.0,0.0,0.0,20.4,213.6,0.0
2024-12-06 08:30:00,0.0,300.5,0.0,0.0,0.0,16.9,153.9,0.0
2024-12-06 08:45:00,48.1,260.6,0.0,0.0,0.0,13.9,306.6,0.0
2024-12-06 09:00:00,63.5,289.6,0.0,0.0,0.0,13.9,430.9,0.0
2024-12-06 09:15:00,63.5,254.0,0.0,0.0,0.0,15.8,431.2,0.0
2024-12-06 09:30:00,34.7,222.5,0.0,0.0,0.0,13.7,584.0,0.0
2024-12-06 09:45:00,34.5,271.6,0.0,0.0,0.0,16.9,736.6,0.0
2024-12-06 10:00:00,62.7,322.9,0.0,0.0,0.0,16.9,738.8,0.0
2024-12-06 10:15:00,132.4,263.3,19.8,0.0,0.0,16.9,769.2,25.9
2024-12-06 10:30:00,112.1,144.2,19.8,0.0,0.0,16.9,849.0,12.5
2024-12-06 10:45:00,77.7,130.3,19.8,0.0,0.0,16.3,897.2,0.0
2024-12-06 11:00:00,200.1,320.9,107.7,0.0,0.0,9.9,767.5,188.3
2024-12-06 11:15:00,275.4,588.5,115.3,0.0,0.0,9.9,761.7,190.0
2024-12-06 11:30:00,280.2,791.7,206.3,72.2,0.0,8.2,751.6,399.1
2024-12-06 11:45:00,313.1,871.2,189.5,72.2,0.0,15.8,768.8,343.6
2024-12-06 12:00:00,221.0,961.5,44.0,72.2,0.0,15.8,771.6,166.7
2024-12-06 12:15:00,156.7,758.6,16.3,218.6,0.0,15.8,733.2,171.4
2024-12-06 12:30:00,294.2,776.4,2.3,169.2,0.0,15.8,715.6,126.7
2024-12-06 12:45:00,276.6,675.7,0.0,146.4,0.0,15.8,440.5,226.1
2024-12-06 13:00:00,345.9,554.0,0.0,146.4,0.0,15.8,168.8,124.0
2024-12-06 13:15:00,307.2,449.4,27.2,129.3,0.0,18.4,39.8,158.6
2024-12-06 13:30:00,308.9,491.1,115.2,0.0,0.0,18.4,154.4,145.6
2024-12-06 13:45:00,318.5,502.6,118.0,0.0,0.0,18.4,309.6,216.7
2024-12-06 14:00:00,388.9,655.2,45.9,0.0,0.0,18.4,614.3,206.9
2024-12-06 14:15:00,245.5,873.5,42.6,0.0,0.0,18.4,770.1,179.9
2024-12-06 14:30:00,133.6,746.2,57.2,0.0,15.4,15.0,998.7,219.6
2024-12-06 14:45:00,302.5,747.4,174.2,0.0,15.4,13.1,1038.1,256.4
2024-12-06 15:00:00,283.4,639.7,156.0,0.0,15.4,9.1,1014.7,284.6
2024-12-06 15:15:00,397.0,626.5,115.9,0.0,15.4,8.0,930.1,184.2
2024-12-06 15:30:00,550.4,905.4,48.0,0.0,15.4,14.8,856.9,131.8
2024-12-06 15:45:00,460.3,880.9,7.3,0.0,15.4,14.8,798.6,199.8
2024-12-06 16:00:00,409.9,711.2,16.6,0.0,2.5,14.8,917.2,190.2
2024-12-06 16:15:00,347.3,465.6,77.3,0.0,0.0,21.3,799.5,135.6
2024-12-06 16:30:00,216.0,290.4,64.7,0.0,0.0,24.4,660.8,122.5
2024-12-06 16:45:00,186.4,323.1,128.0,0.0,2.5,19.1,657.2,176.1
2024-12-06 17:00:00,395.7,497.5,84.2,0.0,2.5,18.9,605.9,176.7
2024-12-06 17:15:00,367.6,510.3,49.3,0.0,2.5,22.1,413.5,172.8
2024-12-06 17:30:00,326.0,520.2,87.9,0.0,2.5,27.9,561.1,171.6
2024-12-06 17:45:00,265.9,395.1,67.1,0.0,2.5,27.9,624.0,133.8
2024-12-06 18:00:00,209.3,292.6,2.1,0.0,2.5,27.1,721.3,77.3
2024-12-06 18:15:00,152.9,198.5,0.0,0.0,2.5,24.9,467.7,59.8
2024-12-06 18:30:00,159.3,243.6,43.8,0.0,2.5,28.3,159.7,59.8
2024-12-06 18:45:00,192.7,248.9,86.9,0.0,2.5,31.2,305.8,37.6
2024-12-06 19:00:00,85.3,188.3,86.9,0.0,2.5,26.8,457.4,26.6
2024-12-06 19:15:00,90.0,241.3,86.9,0.0,2.5,26.2,667.8,0.0
2024-12-06 19:30:00,25.4,184.9,86.9,0.0,3.2,26.2,367.1,27.6
2024-12-06 19:45:00,23.7,169.2,68.2,0.0,0.0,26.2,490.1,25.2
2024-12-06 20:00:00,0.0,155.0,11.2,0.0,0.0,22.4,450.1,27.4
2024-12-06 20:15:00,77.4,214.3,0.0,0.0,0.0,19.6,306.4,27.4
2024-12-06 20:30:00,27.8,93.6,0.0,0.0,0.0,19.6,349.2,27.4
2024-12-06 20:45:00,161.0,153.7,55.5,0.0,0.0,22.9,460.9,27.6
2024-12-06 21:00:00,158.9,258.3,126.0,0.0,0.0,22.9,739.6,48.6
2024-12-06 21:15:00,191.2,338.0,144.5,0.0,0.0,31.8,668.4,115.5
2024-12-06 21:30:00,182.4,449.6,145.1,0.0,5.2,38.6,429.0,239.9
2024-12-06 21:45:00,215.2,668.2,148.8,2231.1,5.2,60.6,380.4,258.0
2024-12-06 22:00:00,818.4,1065.8,2188.1,7558.5,32.9,80.5,180.0,609.8
2024-12-06 22:15:00,988.0,967.8,2275.6,7704.1,42.0,80.5,147.5,991.9
2024-12-06 22:30:00,1005.3,1315.0,2150.6,7694.9,42.0,77.8,0.0,982.0
2024-12-06 22:45:00,1031.5,1201.5,2743.6,7674.4,42.0,78.6,154.5,1037.4
2024-12-06 23:00:00,944.4,1262.4,2502.0,7258.5,47.3,74.6,307.8,1020.6
2024-12-06 23:15:00,631.8,1406.4,2422.3,6318.0,45.8,71.8,615.2,726.0
2024-12-06 23:30:00,572.6,1441.5,2639.3,5269.9,42.0,71.8,851.7,678.4
2024-12-06 23:45:00,332.3,845.1,1846.7,3201.2,35.3,44.0,532.9,277.2
2024-12-07 00:00:00,768.3,1918.0,2934.8,4189.4,45.9,71.8,944.0,755.2
2024-12-07 00:15:00,890.8,2116.6,2778.9,3593.0,38.5,63.4,1006.7,845.9
2024-12-07 00:30:00,816.0,2187.1,2749.9,4282.7,38.5,64.4,1002.9,779.0
2024-12-07 00:45:00,765.5,2004.5,2746.2,6497.5,38.5,62.7,1008.2,747.3
2024-12-07 01:00:00,616.2,1773.5,2675.3,6446.5,34.5,62.7,833.6,648.2
2024-12-07 01:15:00,660.8,1363.9,2532.5,6293.2,31.9,50.0,769.1,800.7
2024-12-07 01:30:00,567.1,1184.2,2425.7,5662.1,31.9,36.2,772.7,824.4
2024-12-07 01:45:00,579.3,1119.9,2062.5,5106.2,22.9,30.7,933.0,697.7
2024-12-07 02:00:00,604.0,1029.4,1470.2,4527.7,22.8,30.7,767.8,654.0
2024-12-07 02:15:00,557.2,910.6,1041.8,3947.9,22.8,30.7,913.9,703.2
2024-12-07 02:30:00,398.2,900.0,711.3,3211.8,22.8,30.7,889.2,700.5
2024-12-07 02:45:00,201.2,849.3,378.5,1595.9,21.4,30.7,806.1,714.0
2024-12-07 03:00:00,191.0,782.9,116.8,438.2,11.5,29.6,706.4,462.9
2024-12-07 03:15:00,222.2,710.5,135.4,51.3,11.5,27.1,773.8,419.4
2024-12-07 03:30:00,178.4,605.5,115.4,51.3,11.5,22.9,767.1,426.0
2024-12-07 03:45:00,292.5,454.8,101.7,8.8,11.5,17.8,774.1,545.2
2024-12-07 04:00:00,264.8,531.5,39.9,0.0,6.1,17.0,708.5,577.0
2024-12-07 04:15:00,310.1,417.3,39.9,0.0,5.3,17.0,787.0,569.5
2024-12-07 04:30:00,305.6,407.9,59.4,0.0,5.3,13.2,941.9,457.4
2024-12-07 04:45:00,346.0,467.4,85.0,0.0,5.3,0.4,823.8,388.7
2024-12-07 05:00:00,366.2,539.9,152.5,0.0,2.4,0.0,653.8,413.0
2024-12-07 05:15:00,300.7,561.2,115.0,0.0,0.0,0.0,382.8,383.5
2024-12-07 05:30:00,237.4,506.0,137.1,0.0,0.0,7.0,440.0,401.5
2024-12-07 05:45:00,166.1,469.2,162.3,0.0,0.0,7.0,660.4,303.5
2024-12-07 06:00:00,139.8,375.5,110.0,0.0,0.0,7.0,579.3,195.1
2024-12-07 06:15:00,167.0,320.4,93.4,0.0,0.0,7.0,609.6,137.7
2024-12-07 06:30:00,247.4,385.2,35.1,0.0,0.0,13.8,246.5,96.3
2024-12-07 06:45:00,181.9,443.0,26.7,0.0,0.0,13.8,417.6,80.1
2024-12-07 07:00:00,167.4,446.6,26.7,0.0,0.0,13.8,608.9,121.6
2024-12-07 07:15:00,87.8,399.9,37.4,0.0,0.0,13.8,476.9,95.6
2024-12-07 07:30:00,21.0,363.6,23.2,0.0,0.0,13.8,357.7,92.2
2024-12-07 07:45:00,29.9,325.6,18.1,0.0,0.0,13.8,41.1,77.9
2024-12-07 08:00:00,24.7,252.6,0.0,0.0,0.0,13.8,306.8,96.5
2024-12-07 08:15:00,24.7,223.3,0.0,0.0,0.0,17.1,459.2,50.6
2024-12-07 08:30:00,1.6,155.2,0.0,0.0,0.0,17.1,349.8,50.6
2024-12-07 08:45:00,0.0,275.7,0.0,0.0,0.0,17.1,108.2,50.5
2024-12-07 09:00:00,9.6,182.5,0.0,0.0,0.0,14.5,307.5,11.6
2024-12-07 09:15:00,47.6,150.1,0.0,0.0,0.0,16.7,461.9,52.9
2024-12-07 09:30:00,47.6,220.4,24.3,0.0,0.0,24.9,616.1,25.7
2024-12-07 09:45:00,0.0,213.6,5.7,0.0,0.0,23.2,495.0,23.0
2024-12-07 10:00:00,34.9,199.4,0.0,0.0,0.0,23.2,497.4,23.0
2024-12-07 10:15:00,34.9,85.5,0.0,0.0,0.0,23.2,510.9,9.2
2024-12-07 10:30:00,59.1,69.9,0.0,0.0,0.0,23.2,506.5,39.9
2024-12-07 10:45:00,70.9,112.7,17.1,0.0,0.0,28.3,662.5,14.1
2024-12-07 11:00:00,153.8,449.3,17.1,0.0,0.0,30.8,929.2,35.0
2024-12-07 11:15:00,124.2,599.4,41.5,0.0,0.0,30.8,846.2,35.0
2024-12-07 11:30:00,256.1,711.5,121.0,0.0,0.0,35.0,837.4,89.0
2024-12-07 11:45:00,321.6,496.7,88.2,0.0,0.0,41.1,839.4,104.8
2024-12-07 12:00:00,358.6,343.8,112.6,0.0,0.0,51.3,958.1,176.3
2024-12-07 12:15:00,213.6,217.9,127.7,218.3,11.6,49.5,934.9,180.4
2024-12-07 12:30:00,100.2,362.1,171.3,218.3,11.6,41.9,771.5,166.4
2024-12-07 12:45:00,219.1,473.1,194.4,218.3,11.6,46.0,848.5,189.2
2024-12-07 13:00:00,170.4,591.6,113.8,218.3,18.3,46.0,871.0,130.2
2024-12-07 13:15:00,140.6,406.3,133.9,218.3,18.3,46.0,944.7,85.5
2024-12-07 13:30:00,139.2,370.1,90.4,137.5,18.3,46.0,849.5,86.1
2024-12-07 13:45:00,237.0,249.3,38.7,0.0,18.3,43.2,800.3,185.1
2024-12-07 14:00:00,153.8,339.0,35.0,0.0,7.8,38.8,784.6,170.6
2024-12-07 14:15:00,156.6,381.6,108.1,0.0,6.7,36.8,770.3,118.1
2024-12-07 14:30:00,97.1,388.7,170.0,0.0,6.7,37.9,958.1,99.7
2024-12-07 14:45:00,156.7,448.3,151.1,0.0,6.7,28.9,876.1,96.1
2024-12-07 15:00:00,142.5,548.7,171.1,0.0,6.7,28.5,655.8,98.4
2024-12-07 15:15:00,194.5,319.7,224.5,0.0,6.7,27.7,46.2,104.3
2024-12-07 15:30:00,150.8,514.2,236.4,0.0,6.7,23.4,0.0,191.2
2024-12-07 15:45:00,215.7,586.2,135.2,0.0,6.7,23.4,0.0,211.7
2024-12-07 16:00:00,131.0,537.1,32.3,0.0,6.7,29.4,0.0,203.5
2024-12-07 16:15:00,258.2,542.6,69.2,0.0,0.1,24.3,0.0,205.6
2024-12-07 16:30:00,226.1,602.1,52.1,0.0,0.0,20.2,0.0,297.8
2024-12-07 16:45:00,253.8,374.0,129.5,0.0,0.0,20.2,876.8,275.3
2024-12-07 17:00:00,203.1,224.4,90.0,0.0,0.0,23.7,979.5,392.5
2024-12-07 17:15:00,213.5,424.9,71.3,0.0,0.0,23.7,874.5,335.8
2024-12-07 17:30:00,211.1,388.5,39.6,0.0,3.1,18.3,1003.9,247.4
2024-12-07 17:45:00,101.6,325.0,0.0,0.0,3.1,14.6,710.9,56.3
2024-12-07 18:00:00,50.4,334.6,0.0,0.0,3.1,14.5,776.9,55.0
2024-12-07 18:15:00,50.4,157.9,0.0,0.0,3.1,17.8,433.4,55.0
2024-12-07 18:30:00,71.4,163.6,0.0,0.0,3.1,17.8,77.5,73.1
2024-12-07 18:45:00,52.6,205.7,0.0,0.0,3.1,21.5,151.2,46.8
2024-12-07 19:00:00,52.6,265.5,0.0,0.0,3.1,21.4,303.8,0.6
2024-12-07 19:15:00,24.9,176.5,39.7,0.0,3.1,15.6,316.1,0.0
2024-12-07 19:30:00,25.4,88.3,39.7,0.0,3.1,27.8,379.2,0.0
2024-12-07 19:45:00,54.5,123.2,36.6,0.0,3.1,34.7,454.8,0.0
2024-12-07 20:00:00,54.5,105.7,22.4,0.0,3.1,37.9,477.6,0.0
2024-12-07 20:15:00,54.5,89.3,22.4,0.0,3.1,45.7,428.7,0.0
2024-12-07 20:30:00,54.5,107.5,19.3,0.0,3.1,44.9,237.1,0.0
2024-12-07 20:45:00,65.8,185.7,0.0,0.0,3.1,39.0,92.7,0.0
2024-12-07 21:00:00,317.3,399.1,141.1,0.0,3.1,38.2,153.7,0.0
2024-12-07 21:15:00,317.0,520.9,186.4,0.0,1.1,38.2,461.3,80.9
2024-12-07 21:30:00,238.7,520.1,160.0,72.3,0.0,38.2,578.5,33.7
2024-12-07 21:45:00,151.9,650.9,132.1,1363.3,0.0,46.3,691.4,145.7
2024-12-07 22:00:00,447.2,1004.5,1512.7,5961.3,5.9,53.5,414.2,542.4
2024-12-07 22:15:00,922.7,899.9,2161.5,6242.1,9.7,42.5,430.0,595.9
2024-12-07 22:30:00,983.8,1129.9,2146.6,6157.3,9.7,42.2,306.2,589.5
2024-12-07 22:45:00,781.4,1221.9,2595.0,6130.2,9.7,39.0,423.4,510.0
2024-12-07 23:00:00,569.6,1141.7,3275.3,5941.5,13.3,39.0,590.6,527.6
2024-12-07 23:15:00,333.9,1268.3,2859.7,5608.8,13.3,39.0,577.2,512.0
2024-12-07 23:30:00,367.7,1601.7,2663.7,4568.4,13.3,39.0,575.2,611.8
2024-12-07 23:45:00,308.9,1015.7,1107.8,2482.1,8.0,18.0,303.8,409.2
2024-12-08 00:00:00,811.3,1955.8,2705.9,3748.6,13.3,35.3,732.5,636.1
2024-12-08 00:15:00,805.2,2119.2,2710.8,4644.0,19.6,34.7,805.5,667.1
2024-12-08 00:30:00,641.2,1908.0,2749.8,5087.1,19.6,34.7,830.3,628.4
2024-12-08 00:45:00,649.5,1720.4,2636.0,5330.8,19.6,37.3,924.7,424.4
2024-12-08 01:00:00,514.1,1696.4,2261.5,5845.1,19.6,40.7,813.4,532.3
2024-12-08 01:15:00,448.9,1639.7,1944.5,5537.2,19.6,34.5,788.2,641.5
2024-12-08 01:30:00,443.0,1515.5,1466.8,5037.4,19.6,26.7,828.7,609.5
2024-12-08 01:45:00,324.6,1547.9,1170.5,4309.8,19.6,26.5,806.5,550.5
2024-12-08 02:00:00,223.1,1143.8,1067.9,3765.1,19.6,24.1,679.7,540.6
2024-12-08 02:15:00,307.8,960.5,721.8,2603.0,19.6,15.2,695.4,511.4
2024-12-08 02:30:00,354.2,833.6,476.4,1752.6,19.6,10.1,630.5,423.0
2024-12-08 02:45:00,429.3,796.6,353.1,909.6,17.0,10.1,805.8,382.2
2024-12-08 03:00:00,379.3,588.4,262.4,358.9,13.7,10.1,858.5,347.6
2024-12-08 03:15:00,259.0,446.7,130.1,41.2,13.7,10.1,816.8,457.2
2024-12-08 03:30:00,304.1,558.6,192.8,0.0,13.4,10.1,830.3,409.2
2024-12-08 03:45:00,312.0,517.1,266.0,0.0,10.1,10.1,847.1,392.5
2024-12-08 04:00:00,312.0,529.6,255.9,0.0,10.1,10.1,730.7,419.8
2024-12-08 04:15:00,226.3,551.3,173.0,0.0,10.1,10.1,839.5,331.9
2024-12-08 04:30:00,194.1,510.4,206.4,0.0,10.1,10.1,731.2,274.7
2024-12-08 04:45:00,132.0,439.6,217.5,0.0,10.1,4.6,580.0,308.6
2024-12-08 05:00:00,277.1,563.2,222.9,0.0,10.1,3.4,662.2,307.2
2024-12-08 05:15:00,226.3,483.3,147.2,0.0,10.1,3.4,790.5,221.5
2024-12-08 05:30:00,219.0,416.6,113.5,0.0,10.1,3.4,768.7,201.2
2024-12-08 05:45:00,163.4,310.8,82.4,0.0,10.1,3.4,730.4,176.5
2024-12-08 06:00:00,155.3,244.3,48.5,0.0,7.3,3.4,808.3,147.3
2024-12-08 06:15:00,176.8,237.9,48.5,0.0,6.2,3.4,530.2,142.2
2024-12-08 06:30:00,192.0,313.0,42.2,0.0,6.2,3.4,337.8,109.3
2024-12-08 06:45:00,179.6,412.0,53.0,0.0,6.2,7.3,154.4,47.6
2024-12-08 07:00:00,82.8,468.7,24.1,0.0,6.2,10.1,154.4,47.6
2024-12-08 07:15:00,64.2,422.3,48.7,0.0,6.2,10.1,141.6,36.6
2024-12-08 07:30:00,58.2,401.6,31.0,0.0,6.2,10.1,154.1,35.0
2024-12-08 07:45:00,58.2,343.3,31.0,0.0,6.2,10.0,458.8,0.0
2024-12-08 08:00:00,58.2,223.3,30.1,0.0,6.2,6.8,610.9,14.0
2024-12-08 08:15:00,31.7,416.7,0.0,0.0,6.2,6.8,687.2,0.0
2024-12-08 08:30:00,11.1,405.0,0.0,0.0,6.2,6.8,553.8,0.0
2024-12-08 08:45:00,42.0,231.0,0.0,0.0,6.2,19.9,495.3,0.0
2024-12-08 09:00:00,8.4,198.0,0.0,0.0,6.2,19.9,551.3,0.0
2024-12-08 09:15:00,101.1,195.5,0.0,0.0,6.2,19.9,753.0,0.0
2024-12-08 09:30:00,132.8,183.2,0.0,0.0,6.2,19.9,880.3,23.9
2024-12-08 09:45:00,86.4,301.1,0.0,0.0,6.2,19.9,726.9,5.7
2024-12-08 10:00:00,92.1,356.7,22.5,0.0,12.6,26.5,650.9,23.8
2024-12-08 10:15:00,17.3,324.4,22.5,0.0,12.4,29.9,586.3,19.4
2024-12-08 10:30:00,3.5,246.5,53.5,0.0,6.4,29.9,710.5,0.0
2024-12-08 10:45:00,60.3,364.7,71.2,0.0,6.4,29.9,584.4,34.0
2024-12-08 11:00:00,342.1,551.0,80.0,0.0,7.7,27.9,691.4,140.9
2024-12-08 11:15:00,279.8,638.6,43.4,0.0,7.7,11.3,570.9,192.7
2024-12-08 11:30:00,271.8,508.1,94.0,0.0,7.7,6.1,718.2,241.9
2024-12-08 11:45:00,380.6,386.5,86.6,0.0,7.7,6.1,648.9,182.6
2024-12-08 12:00:00,264.2,377.9,384.6,0.0,7.7,10.9,691.2,200.4
2024-12-08 12:15:00,221.0,491.3,326.3,0.0,1.0,10.9,579.5,180.4
2024-12-08 12:30:00,155.5,507.9,174.4,220.0,0.0,10.9,729.5,108.7
2024-12-08 12:45:00,217.8,508.6,172.4,220.0,0.0,10.9,842.2,0.0
2024-12-08 13:00:00,258.8,283.0,176.3,220.0,0.0,10.9,569.9,0.0
2024-12-08 13:15:00,216.3,390.0,168.0,220.0,0.0,10.9,549.1,77.7
2024-12-08 13:30:00,363.8,479.7,115.3,243.7,0.0,14.1,593.8,103.8
2024-12-08 13:45:00,390.7,503.9,125.4,73.0,0.0,16.9,871.8,103.8
2024-12-08 14:00:00,304.8,547.2,113.1,72.9,0.0,13.7,735.1,88.5
2024-12-08 14:15:00,286.3,526.9,140.2,72.9,0.0,7.6,762.5,126.8
2024-12-08 14:30:00,331.1,576.2,57.0,72.9,0.0,9.7,589.9,142.2
2024-12-08 14:45:00,341.3,414.7,80.0,38.2,0.0,2.8,759.0,133.2
2024-12-08 15:00:00,406.0,650.1,144.9,0.0,0.0,2.8,771.8,166.3
2024-12-08 15:15:00,326.2,552.9,131.7,0.0,0.0,2.8,742.6,174.7
2024-12-08 15:30:00,342.8,593.7,103.3,0.0,0.0,5.7,714.2,205.4
2024-12-08 15:45:00,574.0,548.6,68.5,0.0,0.0,12.3,750.8,303.6
2024-12-08 16:00:00,509.8,563.9,136.8,0.0,6.6,11.4,674.5,244.4
2024-12-08 16:15:00,379.7,608.8,87.1,0.0,6.6,11.4,529.8,201.5
2024-12-08 16:30:00,450.6,515.2,84.8,0.0,6.6,11.4,610.1,127.5
2024-12-08 16:45:00,403.6,489.8,87.4,0.0,6.6,11.4,742.8,263.7
2024-12-08 17:00:00,437.4,438.7,81.0,0.0,6.6,18.1,622.6,256.8
2024-12-08 17:15:00,235.4,352.6,60.5,0.0,6.6,24.8,502.9,254.7
2024-12-08 17:30:00,34.0,187.6,80.4,0.0,6.6,32.1,474.5,156.1
2024-12-08 17:45:00,39.5,394.6,61.8,0.0,6.6,38.8,35.1,88.4
2024-12-08 18:00:00,137.9,324.4,18.1,0.0,6.6,45.3,0.0,53.0
2024-12-08 18:15:00,92.2,369.3,0.0,0.0,6.6,48.5,545.9,34.9
2024-12-08 18:30:00,154.8,360.2,0.0,0.0,5.1,51.3,319.7,34.9
2024-12-08 18:45:00,90.1,114.2,82.0,0.0,0.0,47.4,102.4,16.8
2024-12-08 19:00:00,71.9,96.7,82.0,0.0,0.0,46.8,0.0,0.0
2024-12-08 19:15:00,41.5,98.9,51.6,0.0,0.0,44.6,0.0,0.0
2024-12-08 19:30:00,41.5,185.6,0.0,0.0,0.0,45.9,0.0,0.0
2024-12-08 19:45:00,13.8,303.3,30.6,0.0,0.0,45.9,0.0,0.0
2024-12-08 20:00:00,18.3,414.7,30.6,0.0,0.0,42.8,0.0,0.0
2024-12-08 20:15:00,61.8,218.3,18.1,0.0,0.0,42.6,0.0,0.0
2024-12-08 20:30:00,56.9,180.6,0.0,0.0,0.0,45.2,0.0,0.0
2024-12-08 20:45:00,117.1,192.3,96.2,0.0,0.0,36.6,0.0,0.0
2024-12-08 21:00:00,255.9,389.3,262.0,0.0,0.0,32.9,0.0,64.3
2024-12-08 21:15:00,344.5,397.9,298.2,0.0,0.0,37.9,0.0,242.9
2024-12-08 21:30:00,456.2,369.3,310.9,64.4,5.7,35.4,0.0,228.2
2024-12-08 21:45:00,730.4,484.5,173.9,857.9,5.7,42.2,0.0,303.5
2024-12-08 22:00:00,1081.1,846.4,2194.4,5606.3,17.3,65.7,0.0,637.0
2024-12-08 22:15:00,949.7,1104.8,2270.3,5957.5,17.3,65.7,0.0,1035.1
2024-12-08 22:30:00,1155.1,1179.0,2235.5,6148.6,17.3,65.7,0.0,900.4
2024-12-08 22:45:00,861.9,1455.9,2211.8,6335.0,17.3,65.7,0.0,776.1
2024-12-08 23:00:00,748.3,1671.6,2790.6,6213.1,17.3,65.7,0.0,628.1
2024-12-08 23:15:00,561.8,1835.9,3085.7,6274.2,17.3,72.5,0.0,501.7
2024-12-08 23:30:00,505.1,1619.1,2985.8,6241.0,17.3,69.6,153.4,464.2
2024-12-08 23:45:00,250.7,823.0,1655.9,3366.5,10.2,40.0,117.0,309.1
2024-12-09 00:00:00,501.1,1412.0,2866.2,4167.0,17.3,61.6,613.3,616.5
2024-12-09 00:15:00,453.1,1461.7,2747.4,4409.8,17.3,59.6,924.3,573.9
2024-12-09 00:30:00,445.2,1716.9,2633.1,5007.3,17.3,45.0,1065.5,693.0
2024-12-09 00:45:00,336.5,1787.5,2427.3,5026.6,17.3,39.9,888.5,746.2
2024-12-09 01:00:00,355.3,1890.9,2030.5,5807.2,17.3,39.9,872.6,944.0
2024-12-09 01:15:00,396.4,1637.6,1843.8,5471.0,17.3,39.9,707.5,943.7
2024-12-09 01:30:00,351.4,1597.7,1390.0,5314.7,13.8,39.9,700.5,892.0
2024-12-09 01:45:00,420.6,1490.9,1044.6,4613.2,11.6,39.9,802.1,807.1
2024-12-09 02:00:00,365.7,1192.6,800.9,3780.7,11.6,39.1,842.8,697.8
2024-12-09 02:15:00,421.6,908.7,471.5,2846.2,11.6,33.8,825.0,652.5
2024-12-09 02:30:00,353.8,734.5,282.7,2165.3,11.6,29.1,914.3,621.5
2024-12-09 02:45:00,344.9,708.1,73.6,1503.9,11.6,27.6,925.8,562.5
2024-12-09 03:00:00,285.8,505.5,42.0,725.6,11.6,21.1,1031.0,467.4
2024-12-09 03:15:00,186.7,428.8,42.0,153.5,11.6,20.0,948.1,480.8
2024-12-09 03:30:00,259.2,308.2,37.8,27.7,11.6,20.0,957.5,437.7
2024-12-09 03:45:00,298.5,219.4,59.8,0.0,10.2,15.0,924.1,320.5
2024-12-09 04:00:00,415.7,219.1,85.0,0.0,5.7,13.3,855.4,171.3
2024-12-09 04:15:00,365.9,272.9,110.7,0.0,5.7,12.6,900.7,152.2
2024-12-09 04:30:00,310.0,335.2,135.2,0.0,5.7,9.9,753.7,147.7
2024-12-09 04:45:00,345.6,392.6,150.8,0.0,5.7,6.7,820.9,159.0
2024-12-09 05:00:00,397.9,408.6,109.8,0.0,5.7,3.1,954.2,191.4
2024-12-09 05:15:00,347.9,333.0,76.1,0.0,5.7,1.4,1004.7,175.1
2024-12-09 05:30:00,410.0,247.1,87.2,0.0,5.7,0.0,933.7,213.5
2024-12-09 05:45:00,183.0,137.9,158.1,0.0,5.7,0.0,918.7,125.3
2024-12-09 06:00:00,180.4,73.1,164.1,0.0,5.7,0.0,865.0,77.9
2024-12-09 06:15:00,104.5,152.0,51.1,0.0,3.4,0.0,672.2,51.2
2024-12-09 06:30:00,133.8,283.9,40.0,0.0,0.0,0.0,387.1,31.0
2024-12-09 06:45:00,105.8,326.3,34.4,0.0,0.0,0.0,393.9,46.3
2024-12-09 07:00:00,59.5,255.6,19.7,0.0,0.0,0.0,453.9,35.9
2024-12-09 07:15:00,107.9,245.4,19.4,0.0,0.0,0.0,612.1,22.3
2024-12-09 07:30:00,65.1,281.3,0.0,0.0,0.0,0.0,725.2,118.9
2024-12-09 07:45:00,63.8,273.9,21.7,0.0,0.0,0.0,449.9,115.3
2024-12-09 08:00:00,95.0,191.4,9.1,0.0,0.0,0.0,261.8,22.3
2024-12-09 08:15:00,11.8,206.3,0.0,0.0,0.0,0.0,268.4,13.4
2024-12-09 08:30:00,0.0,327.8,0.0,0.0,0.0,0.0,154.2,26.0
2024-12-09 08:45:00,0.0,249.1,0.0,0.0,7.0,0.0,303.3,0.0
2024-12-09 09:00:00,0.0,235.8,0.0,0.0,7.0,6.7,319.1,0.0
2024-12-09 09:15:00,0.0,465.0,0.0,0.0,13.9,6.7,606.8,0.0
2024-12-09 09:30:00,0.0,394.0,0.0,0.0,13.9,6.7,783.5,0.0
2024-12-09 09:45:00,44.0,403.6,0.0,0.0,13.9,6.7,797.3,0.0
2024-12-09 10:00:00,77.2,366.7,0.0,0.0,13.9,6.7,584.9,0.0
2024-12-09 10:15:00,161.2,317.4,32.7,0.0,13.9,6.7,111.6,0.0
2024-12-09 10:30:00,240.6,206.3,32.7,0.0,13.9,6.7,135.7,0.0
2024-12-09 10:45:00,214.7,186.8,42.1,0.0,31.0,6.7,290.5,10.0
2024-12-09 11:00:00,236.6,514.0,132.5,0.0,14.0,6.7,444.9,52.4
2024-12-09 11:15:00,231.8,960.7,187.1,0.0,9.8,6.7,687.7,118.7
2024-12-09 11:30:00,228.5,1057.0,253.7,0.0,24.5,3.7,646.4,184.3
2024-12-09 11:45:00,277.7,911.2,228.5,0.0,24.5,0.0,684.2,207.4
2024-12-09 12:00:00,296.1,894.7,218.3,0.0,24.5,0.0,539.0,415.6
2024-12-09 12:15:00,168.5,1007.2,203.6,0.0,24.5,9.9,511.5,338.9
2024-12-09 12:30:00,254.2,962.2,168.1,0.0,27.4,9.9,516.9,224.8
2024-12-09 12:45:00,232.0,956.6,120.7,146.5,24.4,12.3,472.8,201.1
2024-12-09 13:00:00,309.6,763.2,115.5,219.5,24.4,10.1,614.6,174.8
2024-12-09 13:15:00,218.2,903.3,81.4,219.5,11.9,12.7,809.9,139.0
2024-12-09 13:30:00,177.3,596.7,104.7,219.5,24.2,12.7,778.5,146.3
2024-12-09 13:45:00,259.0,396.9,139.9,219.5,24.2,12.7,701.4,194.1
2024-12-09 14:00:00,195.1,416.5,206.8,133.0,24.2,12.7,637.5,154.3
2024-12-09 14:15:00,254.2,427.2,121.2,0.0,19.2,19.7,807.0,153.0
2024-12-09 14:30:00,288.6,472.0,66.1,0.0,6.7,19.3,903.1,225.2
2024-12-09 14:45:00,442.6,561.0,46.3,0.0,0.0,19.3,787.8,199.0
2024-12-09 15:00:00,452.0,735.9,84.2,0.0,0.0,19.2,834.2,170.2
2024-12-09 15:15:00,460.2,871.7,50.4,0.0,0.0,16.7,830.6,171.9
2024-12-09 15:30:00,342.8,1028.4,22.2,0.0,0.0,18.5,939.1,189.5
2024-12-09 15:45:00,385.1,786.3,108.4,0.0,0.0,18.5,1028.9,239.9
2024-12-09 16:00:00,373.6,531.7,98.9,0.0,0.0,21.1,995.2,210.8
2024-12-09 16:15:00,261.7,593.8,75.4,0.0,0.4,15.8,842.9,354.5
2024-12-09 16:30:00,176.3,759.6,135.3,0.0,0.0,14.3,814.4,388.9
2024-12-09 16:45:00,299.0,713.5,109.7,0.0,0.0,9.2,715.9,276.8
2024-12-09 17:00:00,292.5,649.3,136.2,0.0,2.6,10.4,742.0,217.8
2024-12-09 17:15:00,352.8,385.8,179.3,0.0,2.6,13.9,797.7,190.8
2024-12-09 17:30:00,236.0,387.4,176.9,0.0,2.6,17.1,909.8,100.2
2024-12-09 17:45:00,196.3,460.6,40.2,0.0,2.6,24.1,956.2,19.7
2024-12-09 18:00:00,133.8,432.9,0.0,0.0,2.6,23.2,906.2,2.7
2024-12-09 18:15:00,78.6,381.3,0.0,0.0,6.9,24.1,665.6,25.5
2024-12-09 18:30:00,16.8,425.3,0.0,0.0,6.9,24.3,593.6,84.2
2024-12-09 18:45:00,2.5,199.5,43.7,0.0,6.9,29.1,301.2,28.7
2024-12-09 19:00:00,0.0,82.4,86.9,0.0,6.9,28.3,605.4,0.0
2024-12-09 19:15:00,0.0,35.2,86.9,0.0,6.9,25.3,724.3,28.3
2024-12-09 19:30:00,44.5,225.8,111.6,0.0,5.2,25.3,787.1,28.3
2024-12-09 19:45:00,88.6,262.8,111.6,0.0,7.3,21.7,663.5,40.4
2024-12-09 20:00:00,88.6,214.3,81.1,0.0,6.4,17.3,436.4,20.5
2024-12-09 20:15:00,53.5,125.6,271.5,0.0,6.4,7.4,394.9,95.7
2024-12-09 20:30:00,60.6,84.3,204.4,0.0,6.4,8.7,555.5,95.7
2024-12-09 20:45:00,14.2,243.9,59.8,0.0,6.4,8.7,586.4,70.6
2024-12-09 21:00:00,160.9,489.6,155.7,0.0,6.4,18.8,359.3,39.9
2024-12-09 21:15:00,154.5,460.5,155.7,0.0,11.6,18.8,410.2,77.8
2024-12-09 21:30:00,171.3,419.1,118.0,135.6,11.6,18.8,300.0,76.8
2024-12-09 21:45:00,208.4,548.5,137.0,784.7,11.6,25.6,342.9,73.6
2024-12-09 22:00:00,640.8,1292.2,2219.3,7644.3,42.8,44.7,458.4,404.0
2024-12-09 22:15:00,744.0,1326.1,2355.6,7634.2,42.8,50.6,724.9,658.1
2024-12-09 22:30:00,752.4,1588.4,2351.6,7913.0,42.8,50.3,699.3,728.0
2024-12-09 22:45:00,886.3,1539.7,2386.3,7977.3,42.8,54.7,649.2,704.8
2024-12-09 23:00:00,654.1,1539.0,2897.2,7600.4,42.8,58.1,722.2,732.0
2024-12-09 23:15:00,532.9,1620.0,2421.4,7225.0,42.8,57.0,635.8,650.4
2024-12-09 23:30:00,443.1,1373.8,2508.4,6522.3,42.8,54.8,462.8,623.9
2024-12-09 23:45:00,155.5,563.2,1410.6,4005.6,25.5,22.4,184.5,333.8
2024-12-10 00:00:00,496.9,1676.3,2654.5,5151.2,30.0,49.5,523.0,1057.2
2024-12-10 00:15:00,565.9,1780.4,3129.1,4647.3,30.0,47.6,491.2,986.4
2024-12-10 00:30:00,920.5,1610.1,3187.4,4910.9,30.0,42.3,313.2,976.8
2024-12-10 00:45:00,820.1,1532.2,3084.4,5430.1,30.0,41.5,267.2,939.9
2024-12-10 01:00:00,756.9,1386.4,2894.2,6363.2,30.0,35.4,309.0,776.6
2024-12-10 01:15:00,613.5,1211.5,2726.8,6331.4,30.0,33.4,448.0,908.4
2024-12-10 01:30:00,607.4,1036.1,2544.1,6044.5,30.0,24.6,459.8,857.2
2024-12-10 01:45:00,611.4,829.6,2291.7,5698.4,30.0,24.3,460.4,1046.8
2024-12-10 02:00:00,591.0,661.2,2092.5,4827.7,30.0,24.3,631.2,1079.0
2024-12-10 02:15:00,431.1,475.0,1823.5,3719.3,30.0,24.3,787.6,858.1
2024-12-10 02:30:00,475.2,385.7,1337.2,2842.7,29.4,24.1,808.5,628.3
2024-12-10 02:45:00,418.3,401.5,682.9,1808.9,24.1,17.4,801.1,478.6
2024-12-10 03:00:00,375.5,381.4,235.9,812.9,24.1,16.7,805.8,347.3
2024-12-10 03:15:00,420.3,396.2,77.3,265.9,30.8,16.1,998.2,324.4
2024-12-10 03:30:00,352.8,353.6,50.5,58.0,30.8,16.1,763.8,410.3
2024-12-10 03:45:00,231.6,328.2,29.0,0.0,30.8,16.1,531.6,390.3
2024-12-10 04:00:00,163.2,271.8,39.8,0.0,30.8,16.1,621.9,324.2
2024-12-10 04:15:00,68.4,259.3,34.4,0.0,30.8,16.1,641.6,236.1
2024-12-10 04:30:00,114.1,273.7,67.0,0.0,27.5,16.1,845.4,185.2
2024-12-10 04:45:00,174.5,335.7,86.3,0.0,25.7,16.1,676.9,112.1
2024-12-10 05:00:00,213.1,366.2,86.3,0.0,21.6,16.1,801.5,134.8
2024-12-10 05:15:00,244.1,408.6,122.9,0.0,14.4,14.9,820.9,208.2
2024-12-10 05:30:00,361.3,339.4,122.9,0.0,13.2,12.7,817.2,239.9
2024-12-10 05:45:00,270.3,289.3,110.5,0.0,13.1,10.4,810.7,279.4
2024-12-10 06:00:00,258.5,270.0,73.2,0.0,6.7,1.0,847.0,138.5
2024-12-10 06:15:00,168.4,236.9,67.9,0.0,6.5,0.0,985.1,143.5
2024-12-10 06:30:00,157.4,301.7,49.6,0.0,3.0,0.0,872.1,120.4
2024-12-10 06:45:00,107.9,311.5,31.4,0.0,3.0,0.0,830.0,68.1
2024-12-10 07:00:00,40.7,365.4,55.0,0.0,3.0,3.3,805.5,53.0
2024-12-10 07:15:00,71.5,390.9,78.2,0.0,3.0,3.3,930.1,53.0
2024-12-10 07:30:00,64.3,299.4,43.7,0.0,3.0,3.3,799.4,79.1
2024-12-10 07:45:00,59.9,289.7,0.0,0.0,3.0,1.2,482.4,63.8
2024-12-10 08:00:00,10.7,253.9,22.7,0.0,3.0,6.9,558.0,54.4
2024-12-10 08:15:00,70.0,276.1,22.7,0.0,3.0,17.0,312.8,30.6
2024-12-10 08:30:00,70.0,320.9,22.7,0.0,3.0,17.0,611.9,0.0
2024-12-10 08:45:00,70.0,417.3,6.8,0.0,3.0,17.0,621.1,0.0
2024-12-10 09:00:00,13.6,496.9,0.0,0.0,3.0,17.0,617.9,0.0
2024-12-10 09:15:00,14.2,274.5,0.0,0.0,3.0,14.4,471.0,0.0
2024-12-10 09:30:00,14.2,214.9,0.0,0.0,3.0,13.7,502.9,43.0
2024-12-10 09:45:00,76.5,312.9,0.0,0.0,0.0,13.7,763.3,13.8
2024-12-10 10:00:00,74.6,209.9,0.0,0.0,0.0,13.7,766.4,35.7
2024-12-10 10:15:00,28.6,166.3,0.0,0.0,0.0,23.0,495.1,35.7
2024-12-10 10:30:00,41.0,144.2,0.0,0.0,0.0,23.0,273.7,35.7
2024-12-10 10:45:00,0.0,158.0,0.0,0.0,0.0,19.9,309.1,131.8
2024-12-10 11:00:00,162.9,578.2,17.6,0.0,0.0,22.9,309.7,197.3
2024-12-10 11:15:00,421.6,759.9,93.3,0.0,0.0,22.9,617.4,343.3
2024-12-10 11:30:00,507.0,989.6,136.5,0.0,0.0,22.9,633.5,362.5
2024-12-10 11:45:00,352.0,913.8,125.6,0.0,0.0,21.8,507.4,221.8
2024-12-10 12:00:00,287.1,864.4,113.7,0.0,0.0,19.5,507.0,209.9
2024-12-10 12:15:00,215.1,797.1,184.5,146.3,0.0,19.5,649.3,237.3
2024-12-10 12:30:00,203.6,841.4,159.7,146.3,0.0,16.6,772.3,362.0
2024-12-10 12:45:00,187.6,830.7,88.9,146.3,0.0,16.1,811.6,311.4
2024-12-10 13:00:00,187.7,603.5,46.0,146.3,0.0,18.9,685.8,335.2
2024-12-10 13:15:00,167.5,530.1,43.0,146.3,0.0,18.9,738.1,333.3
2024-12-10 13:30:00,165.6,399.8,66.5,146.3,0.0,13.5,802.4,269.1
2024-12-10 13:45:00,215.7,504.1,151.5,12.4,0.0,12.8,929.9,271.3
2024-12-10 14:00:00,257.3,512.2,199.2,0.0,0.0,12.8,803.2,208.0
2024-12-10 14:15:00,245.5,549.1,199.2,0.0,0.0,12.8,783.6,138.4
2024-12-10 14:30:00,212.7,508.6,213.6,0.0,0.0,12.8,627.3,123.3
2024-12-10 14:45:00,529.5,684.0,157.7,0.0,0.0,13.7,807.8,218.6
2024-12-10 15:00:00,447.9,566.4,148.3,0.0,0.0,9.3,647.7,323.8
2024-12-10 15:15:00,307.0,773.4,126.0,0.0,0.0,4.2,766.9,509.0
2024-12-10 15:30:00,300.6,713.5,84.3,0.0,0.0,0.9,789.0,515.3
2024-12-10 15:45:00,332.6,797.8,151.2,0.0,0.0,3.5,768.6,446.5
2024-12-10 16:00:00,453.0,688.2,121.9,0.0,7.0,3.5,666.0,308.6
2024-12-10 16:15:00,317.0,548.6,45.9,0.0,7.0,3.5,532.1,247.3
2024-12-10 16:30:00,304.2,556.3,95.4,0.0,7.0,3.5,649.6,422.7
2024-12-10 16:45:00,366.8,471.4,114.6,0.0,7.0,9.8,753.5,402.2
2024-12-10 17:00:00,223.7,549.8,191.0,0.0,7.0,13.8,749.8,388.8
2024-12-10 17:15:00,222.2,429.9,131.2,0.0,7.0,12.4,575.8,312.5
2024-12-10 17:30:00,250.7,242.2,117.6,0.0,7.0,11.1,613.5,110.5
2024-12-10 17:45:00,225.4,248.1,34.4,0.0,7.0,11.1,770.5,79.1
2024-12-10 18:00:00,131.6,165.7,0.0,0.0,7.0,11.1,749.4,0.0
2024-12-10 18:15:00,269.3,328.3,0.0,0.0,7.0,11.1,728.4,0.0
2024-12-10 18:30:00,199.7,679.7,0.0,0.0,1.5,17.9,322.8,0.0
2024-12-10 18:45:00,206.6,521.8,0.0,0.0,0.0,17.9,613.7,74.6
2024-12-10 19:00:00,77.2,369.0,43.8,0.0,0.0,17.9,508.8,67.0
2024-12-10 19:15:00,50.4,276.0,43.8,0.0,0.0,21.0,663.8,64.7
2024-12-10 19:30:00,60.7,187.8,86.9,0.0,0.0,24.3,686.3,64.7
2024-12-10 19:45:00,16.8,245.9,86.9,0.0,0.0,21.2,580.2,6.6
2024-12-10 20:00:00,46.2,334.0,86.9,0.0,0.0,18.7,424.3,0.0
2024-12-10 20:15:00,31.6,183.3,86.9,0.0,0.0,19.7,288.6,19.2
2024-12-10 20:30:00,29.4,275.7,56.3,0.0,6.3,19.7,412.8,29.2
2024-12-10 20:45:00,69.8,355.0,43.1,0.0,6.3,31.0,462.3,29.2
2024-12-10 21:00:00,126.0,604.6,142.4,0.0,8.8,35.3,380.3,59.3
2024-12-10 21:15:00,162.0,551.4,243.7,0.0,8.8,35.3,331.5,137.0
2024-12-10 21:30:00,190.4,449.3,326.8,0.0,8.8,42.1,304.2,111.2
2024-12-10 21:45:00,199.0,483.2,301.8,363.6,15.2,45.4,237.0,189.2
2024-12-10 22:00:00,1074.1,1428.7,2205.0,6271.6,34.4,58.3,103.8,515.5
2024-12-10 22:15:00,1191.2,1547.8,2194.8,7730.1,40.6,70.8,300.7,570.7
2024-12-10 22:30:00,1145.6,1688.4,2141.4,7983.5,40.6,68.8,453.7,722.6
2024-12-10 22:45:00,888.1,1578.0,2400.9,8008.9,40.6,66.4,516.9,657.0
2024-12-10 23:00:00,800.7,1564.6,2935.4,8005.9,40.6,66.0,263.2,754.8
2024-12-10 23:15:00,603.0,1590.8,2628.2,7760.6,40.6,70.5,392.5,635.5
2024-12-10 23:30:00,603.0,1630.1,2528.1,7084.1,33.2,64.6,303.3,764.9
2024-12-10 23:45:00,333.9,902.3,1453.6,4250.3,5.8,24.8,210.1,399.2
2024-12-11 00:00:00,829.4,1881.1,2415.5,5931.6,20.5,50.8,416.1,1213.7
2024-12-11 00:15:00,1064.6,2055.3,2869.7,5688.2,19.0,50.8,306.7,1201.9
2024-12-11 00:30:00,1177.3,2058.6,3090.5,5694.7,19.0,50.8,344.9,1278.4
2024-12-11 00:45:00,1168.2,1952.5,2955.7,6195.9,19.0,50.8,460.2,1138.1
2024-12-11 01:00:00,937.4,1591.0,2935.8,6402.0,19.0,49.2,459.1,1180.1
2024-12-11 01:15:00,751.4,1579.2,2855.5,6395.5,19.0,39.3,613.7,942.6
2024-12-11 01:30:00,631.8,1494.2,2746.6,6087.6,19.0,44.8,475.1,955.8
2024-12-11 01:45:00,640.1,1177.8,2444.4,5732.2,19.0,44.8,771.6,848.6
2024-12-11 02:00:00,479.8,1064.3,2322.3,5133.9,19.0,44.8,790.2,689.4
2024-12-11 02:15:00,479.0,914.1,2089.9,3837.5,19.0,42.2,804.1,698.8
2024-12-11 02:30:00,398.5,814.4,1796.5,3100.6,19.0,35.8,835.1,849.0
2024-12-11 02:45:00,389.9,688.1,1466.7,2086.5,19.0,27.9,667.7,795.3
2024-12-11 03:00:00,461.1,683.0,1138.8,1057.4,19.0,24.3,775.1,702.2
2024-12-11 03:15:00,444.0,496.3,790.4,201.5,19.0,24.3,830.0,539.9
2024-12-11 03:30:00,408.7,435.6,323.2,109.2,19.0,24.3,945.4,572.1
2024-12-11 03:45:00,499.1,511.3,116.7,52.2,19.0,14.1,789.3,430.2
2024-12-11 04:00:00,407.4,465.2,97.4,0.0,19.0,11.2,707.5,374.9
2024-12-11 04:15:00,331.7,393.5,83.8,0.0,16.3,11.2,701.2,341.3
2024-12-11 04:30:00,249.6,425.2,50.6,0.0,12.8,8.9,806.2,231.9
2024-12-11 04:45:00,264.5,318.2,55.7,0.0,12.8,7.4,974.5,219.1
2024-12-11 05:00:00,234.6,250.9,76.9,0.0,12.8,7.1,829.9,187.8
2024-12-11 05:15:00,258.5,168.1,105.8,0.0,12.8,7.1,833.3,152.7
2024-12-11 05:30:00,244.7,99.3,105.8,0.0,12.8,7.1,785.8,121.7
2024-12-11 05:45:00,255.7,50.1,84.8,0.0,12.8,7.1,915.1,106.3
2024-12-11 06:00:00,242.9,84.3,61.3,0.0,12.8,7.1,930.2,70.0
2024-12-11 06:15:00,226.2,157.9,55.9,0.0,12.8,7.1,834.3,62.8
2024-12-11 06:30:00,180.4,144.1,30.8,0.0,8.0,14.1,796.2,9.6
2024-12-11 06:45:00,177.6,155.5,87.4,0.0,6.3,14.1,611.2,59.0
2024-12-11 07:00:00,149.0,177.1,80.0,0.0,4.9,14.1,769.5,43.7
2024-12-11 07:15:00,83.3,243.6,71.0,0.0,0.0,14.1,677.3,37.4
2024-12-11 07:30:00,189.3,204.4,83.8,0.0,0.0,14.1,473.3,75.8
2024-12-11 07:45:00,145.2,152.9,35.7,0.0,0.0,9.2,236.2,75.8
2024-12-11 08:00:00,215.0,132.3,25.0,0.0,0.0,0.1,0.0,10.3
2024-12-11 08:15:00,107.9,136.7,25.0,0.0,0.0,0.0,0.0,0.0
2024-12-11 08:30:00,109.3,158.3,25.0,0.0,0.0,6.8,0.0,0.0
2024-12-11 08:45:00,90.1,223.4,23.7,0.0,0.0,6.8,154.5,0.0
2024-12-11 09:00:00,21.9,324.8,56.0,0.0,0.0,6.8,154.5,0.0
2024-12-11 09:15:00,13.0,356.6,56.0,0.0,0.0,15.2,308.5,0.0
2024-12-11 09:30:00,28.2,396.4,14.9,0.0,0.0,22.1,185.2,0.0
2024-12-11 09:45:00,26.5,400.9,0.0,0.0,0.0,22.1,94.9,28.8
2024-12-11 10:00:00,15.2,405.9,0.0,0.0,0.0,22.0,0.0,26.4
2024-12-11 10:15:00,26.5,466.7,0.0,0.0,0.0,15.3,153.8,8.8
2024-12-11 10:30:00,56.9,422.4,0.0,0.0,0.0,15.3,302.1,56.9
2024-12-11 10:45:00,56.9,277.2,49.2,0.0,0.0,15.3,456.6,31.5
2024-12-11 11:00:00,128.5,364.5,57.6,0.0,0.0,15.3,652.2,60.7
2024-12-11 11:15:00,336.8,452.6,55.0,0.0,3.3,15.3,648.0,129.8
2024-12-11 11:30:00,549.5,745.1,625.1,0.0,3.3,22.3,635.8,169.8
2024-12-11 11:45:00,531.0,1151.0,685.1,0.0,3.3,22.3,672.3,236.7
2024-12-11 12:00:00,437.4,1266.0,362.0,0.0,3.3,22.3,758.2,216.6
2024-12-11 12:15:00,496.3,1036.9,222.2,0.0,10.0,22.3,965.4,345.9
2024-12-11 12:30:00,313.3,568.3,158.7,0.0,7.9,28.7,822.9,340.5
2024-12-11 12:45:00,307.9,380.8,118.9,0.0,6.7,28.7,894.5,315.6
2024-12-11 13:00:00,296.3,471.0,114.6,0.0,2.3,34.9,863.4,326.6
2024-12-11 13:15:00,253.1,483.7,107.2,71.7,0.0,28.1,960.9,278.9
2024-12-11 13:30:00,237.3,367.5,300.9,71.7,0.0,27.9,770.8,288.5
2024-12-11 13:45:00,190.4,384.7,342.3,71.7,0.0,26.2,810.0,261.8
2024-12-11 14:00:00,313.7,451.1,296.8,71.7,0.0,21.0,830.8,401.8
2024-12-11 14:15:00,288.2,688.1,222.2,34.9,0.0,23.5,858.8,466.3
2024-12-11 14:30:00,323.3,674.4,260.4,0.0,0.0,22.4,785.7,272.4
2024-12-11 14:45:00,296.4,547.6,334.2,0.0,0.0,22.0,670.1,179.2
2024-12-11 15:00:00,288.0,611.2,258.7,0.0,0.0,22.0,680.1,176.9
2024-12-11 15:15:00,631.7,804.6,189.3,0.0,0.0,23.5,824.7,167.5
2024-12-11 15:30:00,686.0,683.6,148.6,0.0,0.0,18.5,943.5,141.2
2024-12-11 15:45:00,565.5,590.7,176.0,0.0,0.0,16.4,889.7,334.1
2024-12-11 16:00:00,626.9,407.3,136.7,0.0,0.0,16.4,835.4,288.8
2024-12-11 16:15:00,629.3,446.4,117.8,0.0,0.0,23.1,807.7,292.9
2024-12-11 16:30:00,507.4,556.1,162.2,0.0,0.0,23.1,950.7,315.8
2024-12-11 16:45:00,267.6,672.3,140.6,0.0,0.0,24.3,1027.2,191.8
2024-12-11 17:00:00,336.0,663.1,109.0,0.0,0.0,21.1,984.7,85.9
2024-12-11 17:15:00,345.8,614.5,56.1,0.0,0.0,21.7,890.6,117.1
2024-12-11 17:30:00,278.5,525.3,66.3,0.0,19.5,40.5,884.6,191.1
2024-12-11 17:45:00,249.0,443.4,33.8,0.0,19.5,34.6,611.8,159.5
2024-12-11 18:00:00,93.7,318.2,35.1,0.0,25.7,37.0,461.8,33.6
2024-12-11 18:15:00,67.2,306.8,11.7,0.0,25.7,37.0,354.8,10.3
2024-12-11 18:30:00,79.0,333.2,0.0,0.0,16.6,39.4,167.2,34.5
2024-12-11 18:45:00,85.3,195.7,0.0,0.0,6.2,35.8,398.3,64.2
2024-12-11 19:00:00,52.1,158.2,43.8,0.0,6.2,43.7,610.0,16.4
2024-12-11 19:15:00,144.9,191.6,99.4,0.0,6.2,52.2,777.8,0.0
2024-12-11 19:30:00,119.6,145.2,150.5,0.0,6.2,51.9,685.7,0.0
2024-12-11 19:45:00,127.3,94.6,135.6,0.0,6.2,45.3,552.4,0.0
2024-12-11 20:00:00,62.6,190.8,111.6,0.0,6.2,48.9,356.4,0.0
2024-12-11 20:15:00,93.9,163.4,192.2,0.0,6.2,54.2,459.2,0.0
2024-12-11 20:30:00,139.1,77.5,168.6,0.0,6.2,56.5,425.0,40.8
2024-12-11 20:45:00,174.2,255.4,60.5,0.0,6.2,60.7,574.7,88.9
2024-12-11 21:00:00,182.3,457.1,8.7,0.0,6.2,59.2,595.5,68.5
2024-12-11 21:15:00,203.6,374.4,97.0,0.0,6.2,59.2,533.5,89.7
2024-12-11 21:30:00,179.8,381.6,115.2,0.0,6.2,60.6,460.7,125.7
2024-12-11 21:45:00,283.6,404.1,103.6,273.9,11.2,57.4,585.9,181.4
2024-12-11 22:00:00,1319.0,1040.4,2130.7,6791.4,36.7,83.3,600.6,530.0
2024-12-11 22:15:00,1658.6,1320.8,2148.0,7778.6,36.7,77.6,742.0,595.3
2024-12-11 22:30:00,1688.9,1492.2,2356.0,7973.5,36.7,83.9,619.6,726.5
2024-12-11 22:45:00,1431.9,1615.0,2391.1,7973.5,42.1,83.9,581.6,840.3
2024-12-11 23:00:00,1005.2,2038.2,2457.3,7936.8,42.1,84.1,610.3,797.1
2024-12-11 23:15:00,1053.1,2321.6,2663.2,7865.3,42.1,80.4,727.5,981.4
2024-12-11 23:30:00,1044.6,2287.3,2596.6,7382.5,42.1,80.4,843.1,920.9
2024-12-11 23:45:00,578.3,1199.6,1405.1,4868.4,32.6,44.0,385.7,362.5
2024-12-12 00:00:00,1396.6,2210.5,2854.7,6301.6,42.1,71.1,863.5,958.0
2024-12-12 00:15:00,1376.5,2077.1,2960.1,5705.0,26.9,61.8,722.0,847.2
2024-12-12 00:30:00,1111.2,2202.1,2918.7,5774.8,22.8,57.5,526.2,1038.4
2024-12-12 00:45:00,1087.4,1962.1,2955.0,6227.4,22.8,55.1,439.5,1054.4
2024-12-12 01:00:00,890.4,1758.8,2901.9,6735.1,22.8,54.2,561.7,1094.5
2024-12-12 01:15:00,797.0,1592.2,2775.3,6678.5,22.8,53.9,601.8,1043.7
2024-12-12 01:30:00,621.5,1341.5,2487.1,6585.7,22.8,53.9,546.8,933.0
2024-12-12 01:45:00,655.0,1179.7,2308.0,6007.8,22.8,53.7,441.6,931.7
2024-12-12 02:00:00,511.3,979.2,2131.9,5438.0,22.8,52.5,586.7,768.8
2024-12-12 02:15:00,541.2,892.1,1956.9,4549.5,22.8,52.5,725.1,726.3
2024-12-12 02:30:00,438.2,774.9,1436.9,3491.7,22.8,50.7,899.2,552.7
2024-12-12 02:45:00,397.0,589.0,1086.7,2652.3,22.8,45.8,730.1,395.7
2024-12-12 03:00:00,394.5,402.4,594.4,1781.4,19.0,39.0,602.6,352.5
2024-12-12 03:15:00,296.7,413.6,299.7,549.3,16.6,32.2,428.0,448.7
2024-12-12 03:30:00,341.7,368.1,206.0,181.2,16.6,30.2,617.4,415.1
2024-12-12 03:45:00,322.3,456.5,130.4,108.3,16.6,30.2,622.8,443.6
2024-12-12 04:00:00,221.3,342.3,125.3,74.7,16.0,26.9,810.9,379.0
2024-12-12 04:15:00,243.6,362.8,127.2,54.9,11.3,23.5,622.6,340.0
2024-12-12 04:30:00,244.4,318.8,149.0,0.0,11.3,22.0,753.1,310.9
2024-12-12 04:45:00,222.0,229.3,210.5,0.0,11.3,15.4,792.0,202.4
2024-12-12 05:00:00,178.5,215.4,197.2,0.0,11.3,13.3,848.1,208.2
2024-12-12 05:15:00,207.5,203.2,205.8,0.0,11.3,10.1,670.2,289.1
2024-12-12 05:30:00,194.9,252.1,180.4,0.0,11.3,3.1,539.4,289.4
2024-12-12 05:45:00,166.7,243.8,139.3,0.0,10.9,3.0,633.3,244.9
2024-12-12 06:00:00,176.3,181.2,80.9,0.0,16.4,3.0,776.8,169.7
2024-12-12 06:15:00,174.3,224.5,26.5,0.0,31.3,10.1,967.0,143.3
2024-12-12 06:30:00,152.9,192.2,53.0,0.0,20.7,10.1,847.0,93.9
2024-12-12 06:45:00,110.6,280.3,28.5,0.0,16.8,10.1,836.5,71.5
2024-12-12 07:00:00,108.9,324.4,23.4,0.0,15.7,10.1,778.1,33.7
2024-12-12 07:15:00,8.8,289.1,2.2,0.0,15.7,10.1,939.0,0.0
2024-12-12 07:30:00,0.0,205.9,58.1,0.0,15.7,17.0,832.6,17.2
2024-12-12 07:45:00,0.0,181.6,23.7,0.0,15.7,20.9,842.6,12.4
2024-12-12 08:00:00,0.0,158.7,23.7,0.0,15.7,20.0,668.9,0.0
2024-12-12 08:15:00,0.0,193.1,17.8,0.0,15.7,20.0,737.4,0.0
2024-12-12 08:30:00,0.0,257.3,0.0,0.0,15.7,20.0,608.7,19.4
2024-12-12 08:45:00,0.0,277.3,0.0,0.0,17.5,26.9,662.9,0.6
2024-12-12 09:00:00,0.0,290.0,0.0,0.0,13.3,23.3,567.0,0.0
2024-12-12 09:15:00,0.0,152.2,0.0,0.0,13.3,20.8,647.1,0.0
2024-12-12 09:30:00,0.0,276.6,0.0,0.0,13.3,20.8,555.7,0.0
2024-12-12 09:45:00,0.0,323.4,0.0,0.0,13.3,23.8,613.8,0.0
2024-12-12 10:00:00,0.0,280.0,26.2,74.0,13.3,23.8,559.5,0.0
2024-12-12 10:15:00,0.0,206.2,26.2,74.0,13.3,23.8,378.1,0.0
2024-12-12 10:30:00,0.0,159.7,53.5,74.0,13.3,21.6,249.7,13.3
2024-12-12 10:45:00,0.0,198.1,16.4,147.2,13.3,20.2,108.2,13.3
2024-12-12 11:00:00,0.0,425.6,140.3,187.6,13.3,13.8,298.8,137.6
2024-12-12 11:15:00,0.0,688.2,156.6,145.4,13.3,13.8,450.9,219.4
2024-12-12 11:30:00,0.0,859.9,116.0,38.3,13.3,13.8,471.3,230.0
2024-12-12 11:45:00,0.0,960.8,61.9,0.0,4.8,13.8,388.8,255.6
2024-12-12 12:00:00,0.0,982.9,212.1,0.0,0.0,17.1,443.1,235.3
2024-12-12 12:15:00,0.0,902.2,243.3,0.0,0.0,17.1,456.4,297.8
2024-12-12 12:30:00,0.0,889.4,267.4,146.9,0.0,24.0,616.3,267.2
2024-12-12 12:45:00,0.0,707.8,222.2,146.9,0.0,22.3,609.4,308.7
2024-12-12 13:00:00,0.0,649.3,183.9,146.9,0.0,20.7,771.3,326.7
2024-12-12 13:15:00,0.0,511.3,180.4,146.9,0.0,20.7,480.2,231.6
2024-12-12 13:30:00,0.0,680.7,86.9,146.9,0.0,23.5,641.6,231.3
2024-12-12 13:45:00,0.0,609.4,90.9,30.5,0.0,20.7,681.7,159.3
2024-12-12 14:00:00,0.0,549.7,102.7,0.0,0.0,20.7,924.8,225.5
2024-12-12 14:15:00,0.0,436.4,74.2,0.0,0.0,20.7,971.2,197.1
2024-12-12 14:30:00,0.0,370.6,100.7,0.0,0.0,20.7,735.6,82.5
2024-12-12 14:45:00,0.0,517.3,119.8,0.0,0.0,20.7,757.6,138.0
2024-12-12 15:00:00,0.0,542.1,151.7,0.0,0.0,20.7,763.6,251.2
2024-12-12 15:15:00,0.0,505.3,153.7,0.0,0.0,18.5,822.9,235.3
2024-12-12 15:30:00,0.0,659.0,109.0,0.0,0.0,18.1,892.4,260.5
2024-12-12 15:45:00,0.0,792.9,106.9,0.0,0.0,18.1,774.9,269.7
2024-12-12 16:00:00,45.9,826.1,144.0,0.0,0.0,18.1,722.7,335.4
2024-12-12 16:15:00,364.0,788.2,100.8,0.0,0.0,12.5,771.1,308.2
2024-12-12 16:30:00,434.1,610.7,194.3,0.0,0.0,9.1,928.7,236.4
2024-12-12 16:45:00,521.0,518.2,154.0,0.0,2.5,7.6,949.5,310.0
2024-12-12 17:00:00,506.7,356.3,92.3,0.0,2.5,19.6,913.6,269.4
2024-12-12 17:15:00,389.3,244.3,33.7,0.0,2.5,19.6,753.6,221.5
2024-12-12 17:30:00,375.6,439.9,65.3,0.0,2.5,19.9,791.9,123.4
2024-12-12 17:45:00,430.2,372.0,59.4,0.0,2.5,18.8,887.0,45.1
2024-12-12 18:00:00,343.2,282.8,52.7,0.0,2.5,18.8,682.0,104.5
2024-12-12 18:15:00,181.7,281.7,59.3,0.0,2.5,25.4,759.7,102.5
2024-12-12 18:30:00,36.8,244.6,0.0,0.0,2.5,28.7,610.7,49.1
2024-12-12 18:45:00,16.2,123.3,22.4,0.0,2.5,44.5,396.9,81.1
2024-12-12 19:00:00,40.4,262.5,10.4,0.0,2.5,56.9,147.8,59.6
2024-12-12 19:15:00,123.4,258.6,87.1,0.0,0.2,56.9,9.9,32.1
2024-12-12 19:30:00,77.2,391.8,113.7,0.0,0.0,52.4,153.7,52.1
2024-12-12 19:45:00,5.7,306.4,94.2,0.0,0.0,47.3,306.7,64.5
2024-12-12 20:00:00,11.2,200.2,87.1,0.0,0.0,48.6,306.7,64.5
2024-12-12 20:15:00,11.2,105.2,87.1,0.0,0.0,39.3,90.1,51.6
2024-12-12 20:30:00,30.7,136.9,87.1,0.0,0.0,29.6,151.8,87.9
2024-12-12 20:45:00,24.2,127.5,23.3,0.0,0.0,32.0,304.9,53.5
2024-12-12 21:00:00,205.2,454.5,285.2,0.0,0.0,32.0,224.8,145.9
2024-12-12 21:15:00,368.0,593.8,329.0,71.6,0.0,37.4,265.9,227.9
2024-12-12 21:30:00,294.8,462.3,289.3,144.2,0.0,36.2,303.0,172.8
2024-12-12 21:45:00,190.0,506.3,215.7,199.8,0.0,49.1,612.2,215.7
2024-12-12 22:00:00,818.2,870.7,2242.1,7949.4,25.5,56.6,647.1,643.9
2024-12-12 22:15:00,1319.0,972.3,2134.5,7981.4,31.1,56.6,769.3,848.2
2024-12-12 22:30:00,1368.1,1037.1,2237.3,8194.9,31.1,54.9,723.4,748.6
2024-12-12 22:45:00,1191.7,1270.2,2491.6,8084.3,31.1,62.5,704.3,565.2
2024-12-12 23:00:00,1005.8,1315.7,2875.2,7799.1,31.1,72.9,693.9,469.1
2024-12-12 23:15:00,986.3,1445.9,2582.6,7523.5,31.1,72.9,772.3,547.3
2024-12-12 23:30:00,912.7,1536.2,2492.1,6987.8,19.8,72.9,770.5,582.2
2024-12-12 23:45:00,520.6,873.2,1353.5,3983.7,8.2,36.0,303.7,326.4
2024-12-13 00:00:00,1195.7,1787.1,2855.1,5137.6,11.9,72.1,1004.1,931.5
2024-12-13 00:15:00,1197.2,1797.4,3223.0,4078.2,11.9,71.0,1094.7,996.1
2024-12-13 00:30:00,1390.3,1900.9,2977.0,4378.2,11.9,61.7,974.5,1088.2
2024-12-13 00:45:00,1204.1,2030.8,2764.3,5377.4,15.9,61.7,842.9,1056.6
2024-12-13 01:00:00,996.8,1946.4,2678.8,6215.7,11.9,61.7,792.6,923.1
2024-12-13 01:15:00,953.3,1836.4,2587.9,6275.3,7.4,60.8,770.2,1046.3
2024-12-13 01:30:00,779.9,1558.2,2445.9,6108.3,6.4,47.3,791.4,1005.6
2024-12-13 01:45:00,624.6,1365.9,2153.1,5614.8,6.4,44.5,700.1,841.3
2024-12-13 02:00:00,463.7,1107.2,1950.6,4444.4,6.4,44.0,771.9,811.3
2024-12-13 02:15:00,499.1,987.2,1600.6,3555.3,12.2,40.6,802.9,799.1
2024-12-13 02:30:00,587.6,708.6,1076.6,2987.5,12.2,35.7,788.5,781.4
2024-12-13 02:45:00,514.6,510.9,634.9,2150.9,12.2,29.2,873.2,630.0
2024-12-13 03:00:00,384.7,501.3,362.2,1049.2,12.2,21.9,533.3,588.3
2024-12-13 03:15:00,503.4,515.3,214.7,508.5,12.2,21.0,618.0,469.2
2024-12-13 03:30:00,418.4,637.2,165.8,159.6,12.2,21.0,726.3,640.9
2024-12-13 03:45:00,176.5,689.7,147.8,7.6,12.2,21.0,836.9,559.4
2024-12-13 04:00:00,168.9,561.6,139.9,0.0,12.2,21.0,786.3,465.4
2024-12-13 04:15:00,181.7,483.1,186.6,0.0,12.2,16.6,842.6,409.2
2024-12-13 04:30:00,170.4,440.4,210.5,0.0,12.2,6.9,735.6,279.7
2024-12-13 04:45:00,162.6,495.8,194.7,0.0,12.2,6.9,782.7,222.9
2024-12-13 05:00:00,126.6,505.6,235.0,0.0,11.8,6.9,671.9,226.1
2024-12-13 05:15:00,222.0,476.3,334.8,0.0,5.4,6.9,770.6,206.4
2024-12-13 05:30:00,264.5,305.5,226.0,0.0,0.0,6.9,715.6,150.1
2024-12-13 05:45:00,219.5,243.4,92.3,0.0,0.0,6.9,775.9,82.9
2024-12-13 06:00:00,260.4,144.0,25.3,0.0,0.0,6.9,759.8,96.7
2024-12-13 06:15:00,83.3,162.5,0.0,0.0,0.0,6.9,717.6,68.2
2024-12-13 06:30:00,201.7,164.9,33.7,0.0,0.0,6.9,271.2,76.9
2024-12-13 06:45:00,147.7,188.5,18.9,0.0,0.0,13.1,224.8,60.8
2024-12-13 07:00:00,116.9,341.4,11.3,0.0,0.0,12.3,457.5,39.4
2024-12-13 07:15:00,95.1,434.8,0.0,0.0,0.0,12.3,510.7,1.8
2024-12-13 07:30:00,71.3,433.6,18.5,0.0,0.0,12.3,323.6,0.0
2024-12-13 07:45:00,36.8,476.3,82.9,0.0,0.0,10.2,232.6,23.2
2024-12-13 08:00:00,36.8,485.7,126.7,0.0,0.0,16.5,300.2,75.6
2024-12-13 08:15:00,61.4,440.0,124.9,0.0,0.0,14.9,300.2,54.4
2024-12-13 08:30:00,36.9,420.2,51.3,0.0,0.0,13.1,200.9,52.8
2024-12-13 08:45:00,36.9,389.7,25.7,0.0,0.0,20.0,181.3,0.0
2024-12-13 09:00:00,22.1,317.7,3.7,0.0,0.0,20.0,457.0,0.0
2024-12-13 09:15:00,45.9,405.4,0.0,0.0,0.0,20.0,630.2,0.0
2024-12-13 09:30:00,45.9,221.0,0.0,0.0,6.7,20.0,594.2,0.0
2024-12-13 09:45:00,3.1,120.0,0.0,0.0,6.7,20.0,456.7,0.0
2024-12-13 10:00:00,0.0,119.4,0.0,0.0,6.7,23.3,189.8,0.0
2024-12-13 10:15:00,104.1,175.7,0.0,0.0,6.7,23.3,86.1,0.0
2024-12-13 10:30:00,93.7,178.7,0.0,0.0,6.7,23.3,306.5,0.0
2024-12-13 10:45:00,135.2,216.9,28.9,0.0,5.8,23.3,610.9,0.0
2024-12-13 11:00:00,554.9,555.1,46.4,0.0,7.0,29.2,657.5,41.0
2024-12-13 11:15:00,680.6,750.5,337.0,0.0,7.0,26.3,668.0,71.0
2024-12-13 11:30:00,603.5,910.8,296.2,0.0,7.0,18.4,460.1,171.0
2024-12-13 11:45:00,429.0,1009.0,213.2,0.0,7.0,15.8,316.0,199.6
2024-12-13 12:00:00,226.6,1047.3,305.0,0.0,7.0,19.1,246.4,175.2
2024-12-13 12:15:00,344.5,963.8,202.8,0.0,7.0,23.2,155.5,165.5
2024-12-13 12:30:00,233.6,1002.8,210.5,145.0,7.0,20.6,464.3,254.1
2024-12-13 12:45:00,467.0,782.4,151.0,145.0,7.0,13.3,666.1,268.1
2024-12-13 13:00:00,427.5,627.4,114.5,145.0,7.0,13.3,771.4,289.3
2024-12-13 13:15:00,491.8,606.1,82.2,145.0,3.6,13.3,789.0,247.7
2024-12-13 13:30:00,436.7,531.1,26.0,78.8,0.0,14.4,509.5,200.1
2024-12-13 13:45:00,457.3,674.3,190.2,0.0,2.1,11.1,658.1,110.0
2024-12-13 14:00:00,397.4,616.1,313.7,0.0,2.1,7.7,835.8,68.3
2024-12-13 14:15:00,355.0,713.0,310.0,0.0,2.1,7.7,932.7,237.5
2024-12-13 14:30:00,291.3,932.4,315.1,0.0,2.1,14.1,845.2,368.6
2024-12-13 14:45:00,190.4,1065.6,153.1,0.0,2.1,8.6,507.3,409.1
2024-12-13 15:00:00,138.0,1091.4,79.4,0.0,2.1,8.6,450.5,337.5
2024-12-13 15:15:00,85.2,732.1,62.8,0.0,2.1,8.6,255.9,291.1
2024-12-13 15:30:00,318.8,591.3,62.4,0.0,2.1,8.6,153.4,312.5
2024-12-13 15:45:00,463.8,603.8,34.9,0.0,2.1,8.6,363.0,347.7
2024-12-13 16:00:00,347.0,520.3,17.9,0.0,2.1,8.6,617.7,281.5
2024-12-13 16:15:00,356.5,417.8,0.0,0.0,2.1,7.4,772.3,355.5
2024-12-13 16:30:00,438.2,386.1,0.0,0.0,4.7,5.8,738.2,373.7
2024-12-13 16:45:00,477.7,362.0,90.9,0.0,4.7,9.2,433.1,336.6
2024-12-13 17:00:00,463.0,348.2,90.9,0.0,9.7,12.8,236.7,265.7
2024-12-13 17:15:00,585.5,403.6,181.7,0.0,9.7,29.7,122.3,292.3
2024-12-13 17:30:00,516.8,586.0,133.2,0.0,9.7,29.7,0.0,171.1
2024-12-13 17:45:00,423.8,597.4,92.1,0.0,9.7,29.1,0.0,123.4
2024-12-13 18:00:00,173.0,383.4,11.7,0.0,9.7,33.1,0.0,40.4
2024-12-13 18:15:00,36.3,231.6,43.8,0.0,28.8,36.4,0.0,1.9
2024-12-13 18:30:00,174.4,276.6,43.8,0.0,28.8,35.2,0.0,30.9
2024-12-13 18:45:00,118.0,223.3,97.0,0.0,28.8,28.1,0.0,18.3
2024-12-13 19:00:00,93.3,265.7,87.0,0.0,27.6,29.4,0.0,0.0
2024-12-13 19:15:00,62.8,257.7,116.5,0.0,26.3,29.4,292.3,0.0
2024-12-13 19:30:00,60.0,140.1,131.1,0.0,26.3,32.3,446.6,31.6
2024-12-13 19:45:00,41.8,146.4,81.9,0.0,28.3,37.9,707.6,65.3
2024-12-13 20:00:00,136.7,99.8,58.2,0.0,26.3,34.9,854.7,26.1
2024-12-13 20:15:00,46.6,113.3,13.8,0.0,26.3,34.7,856.9,26.1
2024-12-13 20:30:00,0.0,138.1,0.0,0.0,26.3,34.0,921.6,9.7
2024-12-13 20:45:00,0.0,141.6,0.0,0.0,26.3,30.7,824.5,16.4
2024-12-13 21:00:00,20.2,307.5,81.0,0.0,26.3,33.9,874.1,16.4
2024-12-13 21:15:00,79.1,332.6,159.6,0.0,26.2,33.9,960.7,61.4
2024-12-13 21:30:00,163.3,471.3,159.6,72.7,7.2,33.4,1004.2,85.4
2024-12-13 21:45:00,313.2,464.0,155.2,286.3,7.2,40.6,1084.3,167.9
2024-12-13 22:00:00,863.9,801.2,2077.5,8019.7,43.3,71.2,811.5,541.1
2024-12-13 22:15:00,1184.0,1201.2,2135.5,8028.0,43.3,73.9,755.0,658.8
2024-12-13 22:30:00,1257.0,1351.3,2231.1,8203.1,38.4,73.9,821.8,801.5
2024-12-13 22:45:00,1519.4,1459.9,2624.9,8211.9,38.2,72.3,769.4,857.9
2024-12-13 23:00:00,1148.3,1464.4,2846.0,7998.3,38.2,67.5,935.7,874.8
2024-12-13 23:15:00,1313.3,1383.1,2727.2,7436.8,38.2,63.7,764.7,545.5
2024-12-13 23:30:00,940.3,1409.2,2570.0,7174.1,38.2,63.7,865.3,558.9
2024-12-13 23:45:00,421.9,719.6,1352.2,4352.4,40.9,35.3,719.7,325.5
2024-12-14 00:00:00,918.3,2076.6,2561.2,5692.4,50.5,63.7,1082.9,664.2
2024-12-14 00:15:00,967.6,2313.2,2966.7,5459.8,50.5,60.9,1025.5,636.5
2024-12-14 00:30:00,1165.1,2308.4,3141.8,4679.0,44.2,55.1,1056.0,850.0
2024-12-14 00:45:00,1078.1,2375.0,2745.7,5191.7,40.9,54.5,874.9,1148.5
2024-12-14 01:00:00,993.5,1920.7,2652.9,6166.0,40.9,54.5,890.7,996.1
2024-12-14 01:15:00,717.0,1676.5,2668.2,6331.5,40.9,54.5,912.0,1064.8
2024-12-14 01:30:00,558.4,1644.7,2560.0,6260.8,40.9,54.5,720.6,1047.3
2024-12-14 01:45:00,407.9,1423.3,2411.6,5701.9,40.9,52.9,874.1,829.9
2024-12-14 02:00:00,356.6,1064.2,2211.0,4831.9,40.9,46.3,909.1,907.1
2024-12-14 02:15:00,496.3,865.9,1838.8,3663.4,40.9,40.8,834.4,798.0
2024-12-14 02:30:00,467.7,701.7,1461.4,2693.0,40.9,39.6,681.2,737.1
2024-12-14 02:45:00,495.1,714.4,1116.2,1954.3,37.0,34.4,584.3,818.1
2024-12-14 03:00:00,416.3,688.5,834.3,1311.7,27.0,27.3,600.5,888.3
2024-12-14 03:15:00,456.7,547.6,618.1,518.6,27.0,19.1,452.7,788.1
2024-12-14 03:30:00,461.4,547.7,387.6,129.5,27.0,12.5,346.9,685.2
2024-12-14 03:45:00,526.5,558.7,205.8,61.1,22.5,12.5,301.3,634.9
2024-12-14 04:00:00,586.8,576.9,165.9,0.0,21.1,12.5,352.9,419.1
2024-12-14 04:15:00,559.8,548.8,197.1,0.0,15.2,12.5,591.6,325.5
2024-12-14 04:30:00,465.7,443.4,202.5,0.0,15.2,15.6,633.4,229.7
2024-12-14 04:45:00,354.2,347.1,172.3,0.0,15.2,15.6,638.8,196.7
2024-12-14 05:00:00,341.9,373.8,272.3,0.0,15.2,15.6,497.6,257.1
2024-12-14 05:15:00,322.4,439.3,271.9,0.0,15.2,15.6,531.8,292.1
2024-12-14 05:30:00,380.5,321.8,168.3,0.0,15.2,15.6,590.4,231.1
2024-12-14 05:45:00,347.3,317.1,145.6,0.0,18.3,13.5,701.3,266.1
2024-12-14 06:00:00,218.9,287.8,63.9,0.0,13.7,10.4,719.9,210.7
2024-12-14 06:15:00,207.3,372.4,41.3,0.0,13.7,6.4,718.2,197.8
2024-12-14 06:30:00,151.9,354.7,31.1,0.0,13.7,6.4,448.9,129.3
2024-12-14 06:45:00,178.8,466.4,35.6,0.0,13.7,9.8,305.7,115.7
2024-12-14 07:00:00,111.4,417.6,10.5,0.0,13.7,9.8,459.8,103.9
2024-12-14 07:15:00,100.7,428.4,0.0,0.0,13.7,9.8,654.1,50.3
2024-12-14 07:30:00,141.0,386.7,58.9,0.0,7.7,9.8,739.2,23.6
2024-12-14 07:45:00,133.0,388.7,58.9,0.0,7.3,4.4,764.9,23.6
2024-12-14 08:00:00,73.2,338.4,46.9,0.0,7.3,0.0,870.7,23.6
2024-12-14 08:15:00,59.8,251.7,32.4,0.0,7.3,0.0,623.4,46.8
2024-12-14 08:30:00,22.7,376.9,22.9,0.0,7.3,3.3,803.6,12.1
2024-12-14 08:45:00,37.6,358.2,32.2,0.0,7.3,3.3,796.0,0.0
2024-12-14 09:00:00,0.0,389.7,30.3,0.0,7.3,3.3,910.2,0.0
2024-12-14 09:15:00,73.0,259.1,57.6,0.0,7.3,6.5,890.8,0.0
2024-12-14 09:30:00,81.2,234.6,38.6,0.0,7.3,6.5,722.0,29.8
2024-12-14 09:45:00,108.1,210.1,0.0,0.0,7.3,6.5,758.4,29.8
2024-12-14 10:00:00,125.6,271.6,0.0,0.0,7.3,11.9,592.0,55.1
2024-12-14 10:15:00,139.8,251.4,42.7,0.0,4.0,11.9,592.2,33.1
2024-12-14 10:30:00,95.5,256.8,42.7,0.0,0.0,18.7,452.2,33.1
2024-12-14 10:45:00,125.4,378.0,59.0,73.1,0.0,18.7,418.0,33.1
2024-12-14 11:00:00,130.2,406.5,218.3,146.3,0.0,25.8,575.7,128.8
2024-12-14 11:15:00,159.2,491.8,176.4,146.3,0.0,39.4,590.3,127.6
2024-12-14 11:30:00,216.1,708.7,127.7,146.3,0.0,43.4,586.9,130.3
2024-12-14 11:45:00,299.3,833.8,133.3,220.0,0.0,43.4,418.9,123.3
2024-12-14 12:00:00,305.8,671.1,394.7,211.5,0.0,45.8,579.3,148.4
2024-12-14 12:15:00,289.2,414.8,411.3,131.9,0.0,41.8,723.3,154.7
2024-12-14 12:30:00,248.0,274.1,359.2,73.7,0.0,38.6,715.2,114.9
2024-12-14 12:45:00,200.1,368.2,245.6,73.7,0.0,46.4,596.8,190.2
2024-12-14 13:00:00,131.1,446.0,221.3,60.5,0.0,44.6,302.6,328.9
2024-12-14 13:15:00,399.5,426.6,161.3,0.0,6.7,44.6,455.8,348.0
2024-12-14 13:30:00,483.2,333.8,199.8,0.0,6.7,44.6,488.1,249.4
2024-12-14 13:45:00,366.8,287.7,123.8,72.7,6.7,44.9,450.7,194.7
2024-12-14 14:00:00,340.0,631.3,55.6,72.7,6.7,47.5,558.6,221.0
2024-12-14 14:15:00,400.4,829.3,248.8,72.7,6.7,50.3,705.5,340.3
2024-12-14 14:30:00,353.2,815.2,180.9,72.7,0.9,43.2,429.4,319.9
2024-12-14 14:45:00,314.9,702.8,73.4,72.7,0.0,38.2,547.4,232.4
2024-12-14 15:00:00,330.2,658.0,51.9,68.0,0.0,41.7,610.2,261.9
2024-12-14 15:15:00,244.5,592.0,43.0,0.0,0.0,36.2,896.4,110.9
2024-12-14 15:30:00,300.8,543.1,93.4,0.0,0.0,31.8,839.4,77.7
2024-12-14 15:45:00,381.9,698.5,73.1,0.0,2.0,25.1,617.2,53.5
2024-12-14 16:00:00,350.4,605.9,49.6,0.0,0.0,29.0,618.7,99.9
2024-12-14 16:15:00,265.7,324.4,18.2,0.0,0.0,32.4,794.5,242.2
2024-12-14 16:30:00,236.3,404.4,195.3,0.0,0.0,26.6,789.9,282.2
2024-12-14 16:45:00,304.8,497.9,257.2,0.0,2.5,25.7,606.9,231.2
2024-12-14 17:00:00,415.1,473.7,112.6,0.0,2.5,25.7,599.2,181.3
2024-12-14 17:15:00,281.4,280.3,70.2,0.0,2.5,32.1,597.0,106.1
2024-12-14 17:30:00,186.2,196.6,64.2,0.0,2.5,28.8,760.3,132.3
2024-12-14 17:45:00,67.1,199.9,71.7,0.0,2.5,23.7,770.5,123.2
2024-12-14 18:00:00,102.0,126.5,72.4,0.0,2.5,21.8,912.9,151.9
2024-12-14 18:15:00,87.6,141.6,44.5,0.0,2.5,20.3,957.5,163.8
2024-12-14 18:30:00,32.1,115.6,18.6,0.0,2.5,20.8,570.2,131.8
2024-12-14 18:45:00,29.8,116.6,0.0,0.0,2.5,20.3,401.5,51.5
2024-12-14 19:00:00,39.2,173.4,0.0,0.0,2.5,19.0,459.9,0.0
2024-12-14 19:15:00,28.6,172.4,0.0,0.0,2.5,17.3,729.6,0.0
2024-12-14 19:30:00,57.9,203.5,110.0,0.0,0.9,14.2,668.4,0.0
2024-12-14 19:45:00,57.9,172.7,150.8,0.0,0.0,20.4,535.9,0.0
2024-12-14 20:00:00,39.5,89.7,64.1,0.0,0.0,18.6,739.1,0.0
2024-12-14 20:15:00,39.4,249.3,46.1,0.0,0.0,20.1,710.6,0.0
2024-12-14 20:30:00,39.4,214.3,16.3,0.0,0.0,20.1,604.3,0.0
2024-12-14 20:45:00,66.6,307.0,85.5,0.0,0.0,26.8,718.4,28.4
2024-12-14 21:00:00,89.5,374.0,175.5,0.0,5.9,26.8,618.2,111.9
2024-12-14 21:15:00,223.0,395.9,226.9,0.0,5.9,26.8,711.5,148.7
2024-12-14 21:30:00,245.0,344.9,154.8,72.6,5.9,26.4,490.8,210.3
2024-12-14 21:45:00,324.8,382.1,208.7,346.7,5.9,29.5,450.7,171.6
2024-12-14 22:00:00,1005.5,800.1,2176.5,6600.1,27.7,49.9,318.4,584.3
2024-12-14 22:15:00,1261.9,926.7,2303.9,6698.3,27.7,59.4,420.0,811.8
2024-12-14 22:30:00,1385.7,1050.0,2380.4,6698.3,27.7,70.3,594.1,853.5
2024-12-14 22:45:00,1256.4,1153.2,2414.3,6905.4,27.7,67.7,691.1,716.2
2024-12-14 23:00:00,1033.4,1434.0,2940.2,7051.9,33.9,67.2,443.0,544.4
2024-12-14 23:15:00,1003.4,1606.9,2723.1,7254.9,33.9,67.2,519.0,493.6
2024-12-14 23:30:00,1040.9,1754.9,2935.0,7138.9,33.9,68.4,354.5,685.1
2024-12-14 23:45:00,620.0,835.9,1455.7,4546.6,29.2,38.1,266.7,371.4
2024-12-15 00:00:00,900.3,1686.3,2883.1,6435.0,33.9,73.8,694.7,1067.0
2024-12-15 00:15:00,939.5,1663.4,2619.4,5551.3,33.9,71.1,763.6,1057.0
2024-12-15 00:30:00,880.4,1610.8,2559.4,4700.2,33.9,71.1,924.9,956.8
2024-12-15 00:45:00,880.5,1653.1,2561.5,5270.5,33.9,68.1,941.4,894.0
2024-12-15 01:00:00,758.7,1717.2,2493.9,5856.9,33.9,60.5,750.0,796.0
2024-12-15 01:15:00,642.2,1593.0,2178.4,5583.0,33.9,51.8,788.3,670.7
2024-12-15 01:30:00,485.3,1702.1,1846.4,5478.4,29.2,51.7,771.6,864.3
2024-12-15 01:45:00,367.0,1416.8,1592.7,5027.6,27.7,51.7,767.8,854.7
2024-12-15 02:00:00,329.8,1120.9,1318.1,4048.9,27.7,51.7,772.1,1040.0
2024-12-15 02:15:00,234.4,1257.4,880.4,2961.3,27.7,45.5,858.6,1043.5
2024-12-15 02:30:00,261.3,1018.4,562.1,2354.3,27.7,45.1,807.3,857.9
2024-12-15 02:45:00,281.6,831.4,253.9,1857.1,27.2,45.1,880.3,804.4
2024-12-15 03:00:00,218.7,600.2,194.5,1453.6,25.0,43.1,885.9,778.5
2024-12-15 03:15:00,428.4,424.2,105.5,779.6,23.7,41.9,820.8,696.6
2024-12-15 03:30:00,530.1,391.1,83.1,367.1,18.1,38.3,867.8,599.4
2024-12-15 03:45:00,488.5,427.5,56.5,45.2,18.1,23.9,701.3,495.9
2024-12-15 04:00:00,402.1,489.0,45.6,0.0,18.1,18.8,768.7,329.5
2024-12-15 04:15:00,268.2,471.8,45.6,0.0,12.5,11.9,902.8,421.2
2024-12-15 04:30:00,226.3,478.0,45.6,0.0,12.2,10.2,856.6,399.1
2024-12-15 04:45:00,243.5,519.9,72.0,0.0,12.2,10.2,908.3,353.2
2024-12-15 05:00:00,178.9,537.4,116.1,0.0,12.2,7.3,844.9,523.6
2024-12-15 05:15:00,207.5,631.0,79.9,0.0,8.8,6.3,882.0,562.8
2024-12-15 05:30:00,480.8,638.3,79.3,0.0,1.3,6.3,868.6,498.8
2024-12-15 05:45:00,425.5,441.4,56.3,0.0,0.0,6.3,926.2,403.6
2024-12-15 06:00:00,304.2,353.8,49.0,0.0,0.0,6.3,1000.7,175.5
2024-12-15 06:15:00,198.5,334.2,16.6,0.0,0.0,6.3,731.8,143.6
2024-12-15 06:30:00,200.1,303.2,0.0,0.0,0.0,6.3,350.4,124.3
2024-12-15 06:45:00,166.6,376.2,21.2,0.0,0.0,6.3,426.1,43.5
2024-12-15 07:00:00,240.7,339.9,21.2,0.0,0.0,6.3,304.9,25.1
2024-12-15 07:15:00,181.3,357.5,21.2,0.0,0.0,16.4,313.3,52.4
2024-12-15 07:30:00,184.2,270.9,12.8,0.0,0.0,16.4,306.3,45.4
2024-12-15 07:45:00,155.6,185.5,0.0,0.0,0.0,16.4,610.9,7.1
2024-12-15 08:00:00,216.3,167.4,0.0,0.0,0.0,14.9,367.5,0.0
2024-12-15 08:15:00,191.0,148.6,0.0,0.0,5.2,16.3,304.6,0.0
2024-12-15 08:30:00,153.4,156.6,27.9,0.0,5.2,16.2,69.4,48.1
2024-12-15 08:45:00,92.7,240.9,27.9,0.0,5.2,11.7,154.0,43.1
2024-12-15 09:00:00,144.1,293.5,13.0,0.0,5.2,10.0,307.7,0.0
2024-12-15 09:15:00,113.6,295.6,0.0,0.0,5.2,16.7,617.4,35.3
2024-12-15 09:30:00,125.2,265.9,0.0,0.0,18.8,23.4,764.2,35.3
2024-12-15 09:45:00,145.4,227.6,0.0,0.0,18.8,23.4,598.5,35.3
2024-12-15 10:00:00,226.5,195.9,0.0,0.0,18.8,23.4,467.5,17.4
2024-12-15 10:15:00,258.4,160.6,42.0,0.0,18.8,23.4,584.9,31.0
2024-12-15 10:30:00,174.2,262.3,11.6,0.0,22.0,25.5,772.1,25.0
2024-12-15 10:45:00,186.9,299.8,0.0,0.0,22.0,21.0,819.5,56.1
2024-12-15 11:00:00,240.4,400.7,304.9,145.9,22.9,20.0,618.9,146.2
2024-12-15 11:15:00,222.4,393.2,304.8,145.9,14.4,19.2,630.7,128.2
2024-12-15 11:30:00,250.1,458.0,85.9,145.9,14.4,9.9,546.1,124.0
2024-12-15 11:45:00,239.8,571.4,92.4,145.9,32.4,7.3,772.5,95.0
2024-12-15 12:00:00,279.2,598.7,180.5,145.9,34.4,3.2,839.5,69.3
2024-12-15 12:15:00,274.2,597.8,210.2,140.7,34.4,3.2,635.7,57.5
2024-12-15 12:30:00,321.9,471.4,221.0,74.8,34.4,3.2,652.6,120.2
2024-12-15 12:45:00,128.0,343.9,205.3,73.2,34.4,3.2,565.2,245.0
2024-12-15 13:00:00,107.7,288.9,325.4,73.2,34.4,3.2,771.6,298.1
2024-12-15 13:15:00,142.2,533.5,333.6,73.2,40.9,6.5,697.9,271.6
2024-12-15 13:30:00,270.0,539.0,261.7,73.2,38.2,6.5,632.3,167.0
2024-12-15 13:45:00,215.7,606.3,153.9,73.2,23.7,6.5,649.8,144.3
2024-12-15 14:00:00,227.6,735.8,109.1,3.5,17.7,9.7,790.2,95.7
2024-12-15 14:15:00,245.1,628.4,135.9,0.0,16.2,9.7,840.0,86.0
2024-12-15 14:30:00,182.9,574.2,214.2,0.0,15.7,9.7,688.8,116.5
2024-12-15 14:45:00,209.7,663.7,275.7,0.0,22.6,12.5,767.5,134.5
2024-12-15 15:00:00,307.7,564.6,234.1,0.0,21.7,14.8,771.2,104.3
2024-12-15 15:15:00,200.3,569.1,181.0,0.0,19.4,17.6,971.4,143.0
2024-12-15 15:30:00,222.7,434.4,148.7,0.0,19.4,12.1,775.5,112.9
2024-12-15 15:45:00,281.4,425.7,127.9,0.0,19.4,9.5,771.8,167.1
2024-12-15 16:00:00,362.9,376.2,162.9,0.0,19.4,11.0,835.3,213.6
2024-12-15 16:15:00,388.6,595.9,210.7,0.0,19.4,11.0,795.1,177.0
2024-12-15 16:30:00,330.3,645.6,163.9,0.0,19.4,17.8,774.8,188.2
2024-12-15 16:45:00,326.8,537.7,145.8,0.0,19.4,21.6,625.3,181.7
2024-12-15 17:00:00,310.6,573.6,197.7,0.0,19.4,22.5,610.2,211.2
2024-12-15 17:15:00,240.8,360.1,217.1,0.0,19.4,20.6,781.3,171.7
2024-12-15 17:30:00,214.0,326.0,258.0,0.0,13.2,21.7,867.8,201.1
2024-12-15 17:45:00,226.3,354.9,166.9,0.0,12.6,26.4,769.6,181.2
2024-12-15 18:00:00,168.2,446.7,123.6,0.0,12.6,26.4,508.7,102.9
2024-12-15 18:15:00,135.0,313.3,5.1,0.0,12.6,30.8,108.2,64.0
2024-12-15 18:30:00,86.7,358.6,0.0,0.0,12.6,36.6,0.0,17.2
2024-12-15 18:45:00,80.3,227.7,0.0,0.0,12.6,34.0,306.9,0.0
2024-12-15 19:00:00,26.5,157.7,0.0,0.0,12.6,34.4,452.2,0.0
2024-12-15 19:15:00,45.3,91.4,0.0,0.0,12.6,29.9,680.3,68.3
2024-12-15 19:30:00,26.0,32.7,77.0,0.0,12.6,29.9,527.0,93.8
2024-12-15 19:45:00,78.2,0.0,9.0,0.0,12.6,31.0,578.1,38.0
2024-12-15 20:00:00,66.7,26.2,0.0,0.0,12.6,36.4,286.9,27.4
2024-12-15 20:15:00,14.3,167.1,48.8,0.0,12.6,31.0,307.8,14.9
2024-12-15 20:30:00,0.0,74.3,13.2,43.0,12.6,27.6,480.2,47.1
2024-12-15 20:45:00,0.0,113.6,48.4,43.0,12.6,27.6,615.8,47.1
2024-12-15 21:00:00,158.6,137.8,162.8,43.0,12.6,27.6,756.9,38.5
2024-12-15 21:15:00,246.9,342.9,227.2,115.3,12.6,30.6,798.6,62.8
2024-12-15 21:30:00,189.8,495.9,280.7,249.0,12.6,30.9,621.8,112.2
2024-12-15 21:45:00,375.6,645.6,223.1,249.0,10.1,37.5,503.4,289.1
2024-12-15 22:00:00,828.8,1278.7,2342.5,6654.3,32.1,56.8,492.0,755.2
2024-12-15 22:15:00,1080.2,1500.8,2319.6,6997.8,32.1,73.0,457.4,793.1
2024-12-15 22:30:00,1185.3,1709.3,2314.1,7126.3,29.7,73.0,580.4,972.7
2024-12-15 22:45:00,1221.2,1790.6,2290.1,7144.4,23.1,73.0,352.0,803.1
2024-12-15 23:00:00,1031.5,1671.5,2455.5,7154.4,6.1,73.0,606.0,694.9
2024-12-15 23:15:00,984.1,1573.6,2901.9,6958.8,6.1,70.2,467.6,665.8
2024-12-15 23:30:00,794.8,1442.0,2566.8,6740.9,6.1,76.8,736.7,679.1
2024-12-15 23:45:00,327.4,701.8,1772.3,4188.2,3.4,43.4,511.8,345.1
2024-12-16 00:00:00,625.1,1557.1,2374.6,5341.6,6.1,73.8,924.0,674.8
2024-12-16 00:15:00,581.2,1676.3,2831.3,4637.1,6.1,70.1,916.9,612.2
2024-12-16 00:30:00,514.7,1824.1,2886.8,3931.5,6.1,64.2,889.3,733.4
2024-12-16 00:45:00,356.7,1849.5,2688.2,5267.5,6.1,59.6,564.3,856.3
2024-12-16 01:00:00,535.1,1554.1,2424.9,5921.0,6.1,59.6,591.8,998.9
2024-12-16 01:15:00,537.3,1446.5,2276.8,5883.7,6.1,59.6,568.5,1033.9
2024-12-16 01:30:00,560.6,1195.0,2115.4,5645.4,6.1,56.0,498.3,787.9
2024-12-16 01:45:00,633.7,1089.1,1936.3,5096.2,6.1,48.0,669.9,737.0
2024-12-16 02:00:00,608.1,930.2,1411.4,4444.2,6.1,46.0,681.1,786.7
2024-12-16 02:15:00,559.7,774.0,991.4,3661.6,6.1,44.2,624.5,921.5
2024-12-16 02:30:00,377.9,683.0,656.8,2997.2,6.1,38.5,656.1,1035.4
2024-12-16 02:45:00,318.2,492.7,338.9,2138.5,6.1,35.8,772.6,948.3
2024-12-16 03:00:00,300.9,385.0,109.5,1219.2,6.1,35.8,838.8,888.3
2024-12-16 03:15:00,282.3,334.8,91.3,505.7,6.1,35.8,784.9,829.5
2024-12-16 03:30:00,205.9,370.4,91.3,184.5,6.1,29.3,735.8,671.0
2024-12-16 03:45:00,121.6,304.3,51.2,59.4,6.1,28.9,692.5,642.9
2024-12-16 04:00:00,63.3,281.9,41.9,0.0,6.1,28.9,764.2,346.0
2024-12-16 04:15:00,132.5,215.3,83.4,0.0,1.9,28.9,900.9,264.1
2024-12-16 04:30:00,117.6,197.2,115.7,0.0,0.0,26.2,806.8,240.9
2024-12-16 04:45:00,153.6,221.9,118.6,0.0,0.0,22.2,675.3,268.1
2024-12-16 05:00:00,174.2,228.6,135.8,0.0,0.0,20.5,698.2,327.4
2024-12-16 05:15:00,208.0,180.1,76.4,0.0,0.0,15.4,807.5,270.7
2024-12-16 05:30:00,301.7,155.7,78.1,0.0,0.0,15.4,892.5,218.5
2024-12-16 05:45:00,242.1,113.2,78.1,0.0,0.0,14.8,963.8,141.6
2024-12-16 06:00:00,221.1,31.4,30.5,0.0,0.0,2.7,802.1,104.5
2024-12-16 06:15:00,137.5,245.7,0.0,0.0,0.0,5.1,874.2,120.3
2024-12-16 06:30:00,72.2,250.2,28.2,0.0,0.0,5.1,615.9,36.3
2024-12-16 06:45:00,88.4,287.3,52.2,0.0,0.0,5.1,456.9,4.2
2024-12-16 07:00:00,65.5,321.3,49.5,0.0,0.0,8.4,479.4,33.7
2024-12-16 07:15:00,149.0,272.8,24.0,0.0,0.0,8.4,616.5,69.0
2024-12-16 07:30:00,82.9,338.0,24.0,0.0,0.0,8.3,420.8,69.0
2024-12-16 07:45:00,95.6,346.7,8.5,0.0,0.0,5.1,446.8,40.4
2024-12-16 08:00:00,74.1,401.8,0.0,0.0,0.0,7.7,461.8,35.3
2024-12-16 08:15:00,92.6,380.1,15.2,0.0,0.0,7.0,751.2,16.1
2024-12-16 08:30:00,21.7,397.2,1.6,0.0,0.0,6.9,792.7,20.0
2024-12-16 08:45:00,6.3,263.4,0.0,0.0,0.0,6.9,690.4,0.0
2024-12-16 09:00:00,0.0,358.1,0.0,0.0,0.0,6.0,650.7,0.0
2024-12-16 09:15:00,16.2,398.1,0.0,0.0,0.0,5.8,743.5,0.0
2024-12-16 09:30:00,16.2,335.9,0.0,0.0,0.0,11.9,967.8,0.4
2024-12-16 09:45:00,16.2,337.1,0.0,0.0,0.0,8.9,885.1,0.0
2024-12-16 10:00:00,5.4,441.7,42.2,0.0,0.0,8.7,589.2,0.0
2024-12-16 10:15:00,67.4,509.5,34.6,0.0,0.0,6.5,249.5,0.0
2024-12-16 10:30:00,79.5,552.1,0.0,0.0,0.0,6.5,459.4,0.0
2024-12-16 10:45:00,137.8,516.9,49.7,0.0,0.0,6.5,721.9,0.0
2024-12-16 11:00:00,278.2,602.9,289.4,0.0,0.0,13.2,683.6,56.1
2024-12-16 11:15:00,302.8,661.7,473.6,0.0,0.0,13.2,725.9,114.1
2024-12-16 11:30:00,369.8,755.8,569.3,0.0,0.0,16.0,621.9,151.1
2024-12-16 11:45:00,507.8,944.5,419.7,83.7,0.0,12.6,702.5,189.1
2024-12-16 12:00:00,567.2,1108.2,300.8,71.7,0.0,10.0,765.4,187.9
2024-12-16 12:15:00,505.1,999.0,199.9,145.4,0.0,13.3,668.0,238.6
2024-12-16 12:30:00,518.5,898.9,159.7,145.4,0.0,13.3,693.2,275.5
2024-12-16 12:45:00,469.8,854.4,133.1,145.4,0.0,10.1,588.9,186.8
2024-12-16 13:00:00,445.4,683.3,170.9,145.4,0.0,3.3,377.1,204.1
2024-12-16 13:15:00,365.0,617.6,153.3,95.9,0.0,3.3,247.9,260.3
2024-12-16 13:30:00,311.8,683.2,90.8,0.0,0.0,3.3,459.8,265.9
2024-12-16 13:45:00,364.3,698.8,20.1,0.0,0.0,3.3,582.3,180.9
2024-12-16 14:00:00,228.7,672.1,309.5,0.0,0.0,3.1,574.5,128.9
2024-12-16 14:15:00,334.0,771.7,338.8,0.0,0.0,0.0,604.5,224.3
2024-12-16 14:30:00,358.3,848.5,300.1,0.0,0.0,0.0,765.6,271.5
2024-12-16 14:45:00,417.4,781.8,129.2,0.0,0.0,6.1,835.8,237.7
2024-12-16 15:00:00,333.8,757.2,58.0,0.0,0.0,6.1,761.7,317.3
2024-12-16 15:15:00,353.6,682.0,122.8,0.0,0.0,6.1,612.3,440.1
2024-12-16 15:30:00,484.4,564.6,187.3,0.0,0.0,6.1,465.4,433.2
2024-12-16 15:45:00,351.4,574.6,184.9,0.0,0.0,6.1,494.5,284.6
2024-12-16 16:00:00,212.5,359.8,132.8,0.0,0.0,6.1,684.5,155.6
2024-12-16 16:15:00,306.2,318.6,131.8,0.0,0.0,6.1,652.3,57.5
2024-12-16 16:30:00,250.0,599.6,228.7,0.0,0.0,13.0,545.4,64.4
2024-12-16 16:45:00,179.8,743.2,226.5,0.0,0.0,16.0,605.2,62.8
2024-12-16 17:00:00,269.4,721.6,225.6,0.0,0.0,16.0,770.4,21.8
2024-12-16 17:15:00,189.9,686.8,78.2,0.0,0.0,17.6,812.9,98.1
2024-12-16 17:30:00,200.5,502.4,38.3,0.0,0.0,20.9,725.8,180.2
2024-12-16 17:45:00,181.9,337.9,96.1,0.0,0.0,20.9,573.6,121.9
2024-12-16 18:00:00,110.7,76.3,69.9,0.0,0.0,15.4,660.6,158.8
2024-12-16 18:15:00,16.1,60.2,69.9,0.0,0.0,16.3,668.9,91.5
2024-12-16 18:30:00,62.9,122.6,66.8,0.0,0.0,21.4,726.6,109.7
2024-12-16 18:45:00,133.0,184.9,43.8,0.0,0.0,20.0,800.4,45.8
2024-12-16 19:00:00,133.0,192.4,87.1,0.0,0.0,19.4,749.8,13.1
2024-12-16 19:15:00,61.2,173.9,87.1,0.0,0.0,18.7,718.6,0.0
2024-12-16 19:30:00,64.2,272.6,132.9,0.0,2.6,17.4,569.3,45.3
2024-12-16 19:45:00,116.5,236.6,177.6,0.0,2.6,17.4,429.4,45.3
2024-12-16 20:00:00,87.7,261.6,86.2,0.0,2.6,30.9,303.4,11.5
2024-12-16 20:15:00,34.6,295.6,41.7,0.0,2.6,26.9,259.5,35.6
2024-12-16 20:30:00,21.7,173.8,0.0,0.0,2.6,24.5,153.3,37.6
2024-12-16 20:45:00,53.0,203.3,42.6,70.7,2.6,36.8,461.8,56.6
2024-12-16 21:00:00,137.4,303.7,249.5,70.7,2.6,36.8,341.0,185.4
2024-12-16 21:15:00,344.7,269.9,237.6,70.7,2.6,36.8,430.4,173.2
2024-12-16 21:30:00,374.5,414.8,245.9,70.7,2.6,36.8,154.5,203.8
2024-12-16 21:45:00,460.9,294.8,192.6,356.0,2.6,43.4,142.9,191.2
2024-12-16 22:00:00,1143.2,1068.7,2220.6,7721.2,34.2,50.4,153.8,587.9
2024-12-16 22:15:00,1132.6,1251.1,2221.8,7892.4,32.0,45.8,307.0,528.6
2024-12-16 22:30:00,1456.9,1374.4,2167.1,7870.2,31.6,42.8,575.3,517.1
2024-12-16 22:45:00,1345.9,1726.6,2339.0,7925.0,38.4,42.8,768.2,420.7
2024-12-16 23:00:00,903.5,1689.4,3024.3,7828.2,38.4,42.8,785.5,537.2
2024-12-16 23:15:00,699.6,1680.7,2713.2,7348.8,38.4,46.1,700.1,484.8
2024-12-16 23:30:00,829.9,1638.0,2484.1,6939.2,23.9,46.1,600.0,633.3
2024-12-16 23:45:00,461.0,715.6,1188.2,3900.2,5.9,30.8,360.7,331.5
2024-12-17 00:00:00,897.5,1888.1,2852.7,5462.0,19.1,41.3,581.8,800.0
2024-12-17 00:15:00,783.4,2129.6,3084.7,5455.5,19.6,34.5,488.1,933.7
2024-12-17 00:30:00,758.5,2058.3,3171.3,4774.6,18.3,30.0,682.7,1035.4
2024-12-17 00:45:00,574.5,1940.2,2962.8,5513.3,18.3,30.0,807.6,1025.2
2024-12-17 01:00:00,500.1,1765.9,2843.3,6731.1,18.3,30.0,774.9,874.0
2024-12-17 01:15:00,467.7,1390.0,2575.2,6532.7,18.3,27.2,615.1,696.6
2024-12-17 01:30:00,332.4,1390.0,2459.4,6216.7,18.3,24.3,576.1,923.5
2024-12-17 01:45:00,241.9,1298.7,2263.6,5591.4,18.3,20.0,418.6,775.3
2024-12-17 02:00:00,317.2,1204.3,2008.3,4822.7,18.3,20.0,610.6,794.7
2024-12-17 02:15:00,196.7,979.8,1724.0,3868.0,18.3,20.0,670.4,766.7
2024-12-17 02:30:00,248.1,792.3,1417.6,2930.7,18.3,20.0,752.8,726.4
2024-12-17 02:45:00,402.2,717.6,1055.7,2262.6,18.3,20.0,671.6,642.5
2024-12-17 03:00:00,470.6,596.2,490.2,1627.5,14.9,20.0,638.6,495.5
2024-12-17 03:15:00,477.6,410.3,196.4,760.0,12.3,20.0,757.7,350.7
2024-12-17 03:30:00,413.0,382.3,85.0,313.7,12.3,18.2,859.7,359.1
2024-12-17 03:45:00,328.9,393.0,58.8,41.5,12.3,13.8,779.3,397.1
2024-12-17 04:00:00,265.8,251.9,52.5,0.0,12.3,8.8,749.0,451.8
2024-12-17 04:15:00,223.5,205.6,78.2,0.0,12.3,6.9,628.5,436.4
2024-12-17 04:30:00,170.8,185.5,105.7,0.0,8.0,6.9,722.4,389.6
2024-12-17 04:45:00,151.3,245.6,200.2,0.0,0.6,6.9,836.0,429.3
2024-12-17 05:00:00,263.8,283.6,295.6,0.0,0.0,6.9,717.4,304.5
2024-12-17 05:15:00,283.7,335.9,240.6,0.0,0.0,6.9,809.4,198.8
2024-12-17 05:30:00,438.8,263.7,193.7,0.0,0.0,6.7,699.8,171.4
2024-12-17 05:45:00,243.7,239.3,144.3,0.0,0.0,4.4,789.4,101.8
2024-12-17 06:00:00,315.9,230.1,108.1,0.0,0.0,4.4,693.2,152.1
2024-12-17 06:15:00,316.4,198.0,80.8,0.0,0.0,4.4,851.5,156.4
2024-12-17 06:30:00,231.4,272.6,20.2,0.0,0.0,4.4,512.6,158.0
2024-12-17 06:45:00,182.1,443.7,37.9,0.0,0.0,4.4,541.3,78.2
2024-12-17 07:00:00,196.8,492.6,24.1,0.0,0.0,4.4,468.2,6.5
2024-12-17 07:15:00,175.5,385.3,17.9,0.0,0.0,4.4,437.1,6.5
2024-12-17 07:30:00,106.0,360.7,3.1,0.0,0.0,4.4,103.6,5.9
2024-12-17 07:45:00,35.1,212.3,0.0,0.0,0.0,4.4,153.0,47.5
2024-12-17 08:00:00,15.7,142.8,21.1,0.0,0.0,4.4,153.0,47.5
2024-12-17 08:15:00,44.8,218.4,46.8,0.0,0.0,7.2,126.1,47.5
2024-12-17 08:30:00,44.8,218.0,31.6,0.0,0.0,7.2,154.9,47.5
2024-12-17 08:45:00,31.2,255.6,25.7,0.0,16.1,7.2,154.9,76.9
2024-12-17 09:00:00,29.1,288.2,9.2,0.0,16.1,6.7,154.9,45.4
2024-12-17 09:15:00,5.8,300.1,93.2,0.0,16.1,6.1,186.0,30.0
2024-12-17 09:30:00,0.0,235.9,93.2,0.0,16.1,12.2,308.3,0.0
2024-12-17 09:45:00,43.4,262.7,72.0,0.0,16.1,15.4,433.0,0.0
2024-12-17 10:00:00,68.8,249.1,0.0,0.0,10.6,13.4,430.5,0.0
2024-12-17 10:15:00,68.8,251.3,0.0,0.0,0.0,11.4,308.6,0.0
2024-12-17 10:30:00,68.8,420.5,0.0,0.0,0.0,16.2,517.0,0.0
2024-12-17 10:45:00,89.9,262.4,28.3,0.0,0.0,16.2,456.6,72.4
2024-12-17 11:00:00,173.4,421.5,199.6,0.0,0.0,16.2,611.0,97.8
2024-12-17 11:15:00,191.9,458.9,304.2,0.0,0.0,16.2,528.7,213.9
2024-12-17 11:30:00,381.5,927.0,313.2,0.0,3.3,16.2,464.1,207.5
2024-12-17 11:45:00,430.9,1258.6,269.8,0.0,3.3,16.2,516.0,210.0
2024-12-17 12:00:00,488.9,1168.7,322.9,0.0,9.5,13.3,589.8,217.1
2024-12-17 12:15:00,389.2,1158.3,220.7,72.1,9.5,7.7,765.8,300.2
2024-12-17 12:30:00,420.2,965.2,214.7,72.1,9.5,6.9,701.0,310.7
2024-12-17 12:45:00,426.3,657.3,213.6,72.1,6.4,6.9,826.1,308.7
2024-12-17 13:00:00,334.6,810.3,180.7,145.0,6.2,6.9,790.7,226.3
2024-12-17 13:15:00,257.2,649.8,140.8,131.1,6.2,6.9,944.9,144.0
2024-12-17 13:30:00,202.1,610.8,140.9,72.9,6.2,6.9,1016.0,114.3
2024-12-17 13:45:00,262.8,436.4,57.1,72.9,6.2,6.9,813.7,201.2
2024-12-17 14:00:00,299.5,418.5,328.4,72.9,6.2,6.3,806.9,169.0
2024-12-17 14:15:00,272.5,456.6,293.7,72.9,6.2,0.0,802.5,193.0
2024-12-17 14:30:00,243.0,458.5,272.9,1.1,6.2,0.0,974.4,307.6
2024-12-17 14:45:00,251.2,602.2,179.5,0.0,12.2,0.0,799.5,375.1
2024-12-17 15:00:00,286.9,810.9,95.7,0.0,14.6,0.0,676.7,345.5
2024-12-17 15:15:00,286.2,757.2,66.9,0.0,14.6,0.0,715.7,219.9
2024-12-17 15:30:00,258.3,804.0,42.3,0.0,14.6,0.0,744.9,194.7
2024-12-17 15:45:00,233.6,600.6,65.2,0.0,14.6,0.0,793.2,222.2
2024-12-17 16:00:00,317.4,650.5,0.0,0.0,14.6,0.0,664.9,314.9
2024-12-17 16:15:00,285.6,663.5,0.0,0.0,14.6,0.0,773.3,393.1
2024-12-17 16:30:00,217.1,559.9,0.0,0.0,14.6,0.0,762.1,324.7
2024-12-17 16:45:00,142.4,609.0,0.0,0.0,14.6,0.0,710.1,173.4
2024-12-17 17:00:00,202.8,541.6,115.6,0.0,11.7,0.0,662.3,120.5
2024-12-17 17:15:00,308.8,500.8,107.1,0.0,8.5,1.0,795.8,60.2
2024-12-17 17:30:00,355.7,384.7,91.0,0.0,8.5,11.2,765.8,120.0
2024-12-17 17:45:00,352.8,371.7,8.7,0.0,6.3,11.2,793.3,98.1
2024-12-17 18:00:00,235.2,281.4,32.1,0.0,6.0,13.5,786.4,21.8
2024-12-17 18:15:00,148.7,302.5,21.1,0.0,6.0,17.3,704.6,0.0
2024-12-17 18:30:00,131.7,200.2,0.0,0.0,6.0,28.9,460.5,0.0
2024-12-17 18:45:00,75.7,271.2,67.1,0.0,6.0,34.8,480.6,0.0
2024-12-17 19:00:00,58.4,250.6,67.1,0.0,6.0,34.4,456.8,23.6
2024-12-17 19:15:00,49.6,119.3,110.5,0.0,6.0,34.5,290.9,0.0
2024-12-17 19:30:00,47.6,266.4,100.3,0.0,6.0,41.3,55.7,33.0
2024-12-17 19:45:00,19.6,236.9,87.2,0.0,6.0,41.1,153.9,33.0
2024-12-17 20:00:00,40.3,239.7,101.3,0.0,6.0,39.8,311.1,7.3
2024-12-17 20:15:00,40.3,347.9,55.0,0.0,6.0,33.3,274.2,0.0
2024-12-17 20:30:00,85.2,302.1,17.9,0.0,6.0,27.6,265.6,0.0
2024-12-17 20:45:00,137.3,221.7,43.2,0.0,6.0,31.5,306.1,143.2
2024-12-17 21:00:00,194.1,196.3,281.5,0.0,6.0,37.5,564.6,88.3
2024-12-17 21:15:00,139.0,254.9,359.3,0.0,6.0,42.8,578.3,215.2
2024-12-17 21:30:00,174.5,271.2,281.7,136.0,6.0,42.8,526.7,185.7
2024-12-17 21:45:00,310.7,258.5,223.8,1136.7,11.9,49.8,565.5,344.3
2024-12-17 22:00:00,1180.6,755.4,2333.6,7205.0,38.8,57.1,719.6,671.1
2024-12-17 22:15:00,1378.5,937.0,2253.2,8007.8,38.8,60.4,680.9,823.7
2024-12-17 22:30:00,1458.0,1209.6,2305.5,7985.9,38.8,76.9,667.9,831.7
2024-12-17 22:45:00,1058.2,1263.0,2289.5,7983.6,45.1,76.9,726.6,634.9
2024-12-17 23:00:00,684.7,1454.0,2840.8,7621.6,45.1,74.4,847.3,436.1
2024-12-17 23:15:00,779.4,1419.5,2591.6,7110.5,45.1,66.8,729.8,310.9
2024-12-17 23:30:00,685.5,1430.1,2759.9,6293.8,45.1,64.5,551.3,301.0
2024-12-17 23:45:00,372.0,614.2,1240.5,3524.3,34.3,28.8,374.0,194.9
2024-12-18 00:00:00,811.0,1787.2,2633.2,5504.4,51.2,60.0,790.3,610.3
2024-12-18 00:15:00,872.4,1812.0,2689.6,4906.7,51.2,57.3,782.3,862.7
2024-12-18 00:30:00,749.1,1881.4,3065.8,4557.2,48.5,47.4,845.2,818.6
2024-12-18 00:45:00,665.0,1904.8,2912.3,5316.4,45.2,44.4,603.9,804.5
2024-12-18 01:00:00,665.6,1833.4,2802.1,6511.2,45.2,40.4,711.6,753.0
2024-12-18 01:15:00,560.4,1564.2,2623.3,6338.3,38.6,40.2,590.6,903.3
2024-12-18 01:30:00,447.8,1320.0,2552.5,6034.8,37.9,37.3,560.5,857.7
2024-12-18 01:45:00,337.6,1210.3,2382.3,5327.1,31.9,31.3,469.3,705.3
2024-12-18 02:00:00,376.5,990.3,1942.6,4438.0,26.3,24.9,604.4,771.6
2024-12-18 02:15:00,326.7,915.9,1592.5,3733.8,26.3,19.1,702.3,792.8
2024-12-18 02:30:00,341.6,806.6,1065.3,2863.8,26.3,19.1,858.1,730.9
2024-12-18 02:45:00,319.3,652.0,648.2,2061.7,26.3,19.1,529.9,770.0
2024-12-18 03:00:00,406.2,484.8,400.0,1216.7,18.9,19.1,737.9,657.5
2024-12-18 03:15:00,333.1,354.5,102.1,695.7,17.9,19.1,689.3,508.5
2024-12-18 03:30:00,357.8,318.1,59.0,255.3,17.9,19.1,529.0,488.5
2024-12-18 03:45:00,298.8,338.0,56.4,17.9,17.9,13.6,674.7,489.7
2024-12-18 04:00:00,143.0,259.2,35.8,0.0,17.9,9.8,747.4,462.3
2024-12-18 04:15:00,90.3,215.4,61.9,0.0,17.9,8.6,750.3,476.8
2024-12-18 04:30:00,47.7,356.0,87.1,0.0,12.4,8.6,599.2,498.6
2024-12-18 04:45:00,38.9,372.7,117.4,0.0,11.6,8.6,565.9,382.3
2024-12-18 05:00:00,67.4,343.8,223.8,0.0,11.6,8.6,554.6,374.7
2024-12-18 05:15:00,161.3,381.4,258.9,0.0,2.0,6.2,655.1,417.4
2024-12-18 05:30:00,290.4,482.5,178.7,0.0,0.0,5.3,495.9,341.3
2024-12-18 05:45:00,268.1,479.6,51.6,0.0,0.0,5.3,509.7,272.6
2024-12-18 06:00:00,302.0,310.2,38.9,0.0,0.0,5.3,424.6,142.4
2024-12-18 06:15:00,155.5,168.2,18.7,0.0,0.0,5.3,239.3,109.6
2024-12-18 06:30:00,125.5,186.3,37.0,0.0,0.0,5.3,132.0,76.0
2024-12-18 06:45:00,48.7,282.6,46.5,0.0,0.0,5.3,286.3,194.3
2024-12-18 07:00:00,102.5,304.3,42.5,0.0,0.0,5.3,286.3,182.7
2024-12-18 07:15:00,127.3,325.8,22.5,0.0,0.0,5.3,175.0,132.6
2024-12-18 07:30:00,141.9,406.6,10.1,0.0,0.0,5.3,306.5,95.5
2024-12-18 07:45:00,43.1,284.3,0.0,0.0,0.0,5.3,458.9,8.9
2024-12-18 08:00:00,13.6,156.7,0.0,0.0,0.0,8.4,706.4,0.0
2024-12-18 08:15:00,0.0,307.1,0.0,0.0,0.0,15.3,599.8,0.0
2024-12-18 08:30:00,52.0,411.1,36.4,0.0,0.0,14.2,577.8,0.0
2024-12-18 08:45:00,52.0,464.5,17.6,0.0,0.0,10.0,611.2,0.0
2024-12-18 09:00:00,52.0,393.7,0.0,0.0,0.0,11.6,597.2,0.0
2024-12-18 09:15:00,41.8,394.6,0.0,0.0,6.4,8.7,587.7,0.0
2024-12-18 09:30:00,41.0,393.3,0.0,0.0,6.4,8.7,587.1,0.0
2024-12-18 09:45:00,16.4,356.5,0.0,0.0,6.4,15.2,722.3,0.0
2024-12-18 10:00:00,0.0,345.8,0.0,0.0,6.4,15.2,736.1,26.2
2024-12-18 10:15:00,0.0,266.8,75.5,0.0,6.4,15.2,703.0,45.0
2024-12-18 10:30:00,48.8,335.6,63.7,0.0,6.4,15.2,612.8,35.6
2024-12-18 10:45:00,3.2,293.0,22.0,0.0,6.4,15.2,755.0,0.0
2024-12-18 11:00:00,45.7,777.2,210.8,0.0,6.4,15.2,752.2,123.8
2024-12-18 11:15:00,234.0,907.3,495.8,0.0,12.0,14.9,726.8,146.7
2024-12-18 11:30:00,418.1,972.9,652.2,0.0,12.0,8.3,923.2,241.7
2024-12-18 11:45:00,539.2,967.8,382.8,0.0,12.0,8.3,707.4,172.1
2024-12-18 12:00:00,327.1,953.4,138.4,0.0,10.0,4.5,733.2,124.3
2024-12-18 12:15:00,389.2,865.0,151.6,145.7,5.6,1.7,505.1,65.7
2024-12-18 12:30:00,367.9,881.9,92.0,145.7,5.6,1.7,762.1,37.3
2024-12-18 12:45:00,261.1,798.6,66.0,145.7,5.6,1.7,789.4,93.0
2024-12-18 13:00:00,342.6,561.4,96.7,145.7,5.6,1.7,714.5,86.1
2024-12-18 13:15:00,334.0,670.1,101.1,145.7,5.6,1.7,758.7,100.1
2024-12-18 13:30:00,183.2,615.8,358.8,30.5,5.6,8.5,804.2,177.8
2024-12-18 13:45:00,76.7,731.4,310.0,0.0,5.6,7.7,667.4,174.2
2024-12-18 14:00:00,36.6,634.0,142.1,0.0,5.6,6.8,747.8,193.7
2024-12-18 14:15:00,119.7,614.9,65.2,0.0,5.6,6.8,733.6,210.9
2024-12-18 14:30:00,123.6,791.2,90.4,0.0,5.6,7.1,563.5,203.9
2024-12-18 14:45:00,242.1,1057.3,171.0,0.0,5.6,12.8,479.7,146.9
2024-12-18 15:00:00,351.3,942.8,136.6,0.0,5.6,12.8,606.9,275.1
2024-12-18 15:15:00,267.5,878.5,44.5,0.0,5.6,12.8,746.6,234.6
2024-12-18 15:30:00,250.0,1098.8,34.7,0.0,5.6,12.8,550.8,201.5
2024-12-18 15:45:00,243.6,872.3,36.5,0.0,5.6,16.0,417.4,250.8
2024-12-18 16:00:00,294.2,754.6,63.7,0.0,8.0,16.0,602.3,380.2
2024-12-18 16:15:00,273.1,531.9,55.1,0.0,8.0,19.7,761.3,407.8
2024-12-18 16:30:00,188.7,439.1,22.6,0.0,8.0,23.3,564.9,266.8
2024-12-18 16:45:00,191.7,417.8,145.0,0.0,8.0,24.5,267.5,238.8
2024-12-18 17:00:00,181.1,379.4,158.3,0.0,8.0,22.1,164.6,187.4
2024-12-18 17:15:00,337.8,571.8,111.2,0.0,2.8,21.3,306.3,131.1
2024-12-18 17:30:00,410.3,736.9,167.4,0.0,2.5,31.3,604.5,201.4
2024-12-18 17:45:00,283.3,352.6,116.7,0.0,2.5,42.5,730.8,144.0
2024-12-18 18:00:00,255.9,316.9,38.2,0.0,2.5,43.9,735.0,83.8
2024-12-18 18:15:00,157.5,208.6,13.5,0.0,8.9,42.5,726.0,45.6
2024-12-18 18:30:00,44.5,155.7,13.5,0.0,8.9,44.9,411.1,27.2
2024-12-18 18:45:00,42.8,93.9,49.1,0.0,8.5,51.4,347.7,17.6
2024-12-18 19:00:00,96.9,147.1,91.7,0.0,6.4,51.4,460.2,15.1
2024-12-18 19:15:00,62.2,277.1,105.9,0.0,24.0,47.6,399.5,51.8
2024-12-18 19:30:00,75.3,266.3,87.1,0.0,24.0,41.4,320.7,51.8
2024-12-18 19:45:00,0.0,443.7,136.2,0.0,24.0,38.1,274.7,20.2
2024-12-18 20:00:00,169.0,211.1,203.9,0.0,24.0,31.3,510.4,54.8
2024-12-18 20:15:00,130.9,188.5,227.4,0.0,24.0,39.3,481.4,44.6
2024-12-18 20:30:00,69.3,188.6,154.3,0.0,24.0,39.3,764.0,1.2
2024-12-18 20:45:00,100.3,298.2,158.6,0.0,24.0,31.9,644.5,28.4
2024-12-18 21:00:00,214.4,280.5,188.1,0.0,24.0,35.3,617.4,75.7
2024-12-18 21:15:00,199.2,451.0,207.2,0.0,24.0,34.1,332.7,165.6
2024-12-18 21:30:00,174.1,638.3,155.3,73.0,30.5,29.6,478.7,213.4
2024-12-18 21:45:00,319.2,507.0,136.0,208.3,36.4,26.7,525.5,171.5
2024-12-18 22:00:00,991.5,858.7,2167.3,6705.0,59.9,49.8,463.4,595.1
2024-12-18 22:15:00,1159.1,1027.3,2162.6,8024.6,54.4,49.6,580.8,619.8
2024-12-18 22:30:00,1291.1,1232.0,2196.6,8063.1,47.8,51.9,309.2,702.1
2024-12-18 22:45:00,1349.9,1315.3,2337.2,8071.9,47.8,51.9,556.2,1042.2
2024-12-18 23:00:00,1017.0,1399.3,2509.5,8028.8,47.8,51.9,353.3,1081.6
2024-12-18 23:15:00,811.1,1297.8,2433.0,7805.5,47.8,51.9,459.6,1042.9
2024-12-18 23:30:00,967.4,1585.0,2427.9,7488.0,47.8,51.9,323.1,1028.9
2024-12-18 23:45:00,594.9,843.0,1572.6,4637.9,30.6,34.1,152.7,513.0
2024-12-19 00:00:00,1233.2,1925.1,2943.5,6729.9,47.8,54.0,567.7,1038.2
2024-12-19 00:15:00,1306.1,2179.5,3152.6,6063.1,35.6,46.4,770.8,1091.7
2024-12-19 00:30:00,1057.8,2239.7,2825.7,5037.8,30.0,41.3,786.5,943.3
2024-12-19 00:45:00,726.3,2169.0,2763.6,5369.0,30.0,43.7,845.2,912.3
2024-12-19 01:00:00,477.2,1950.0,2656.9,6549.2,30.0,42.9,879.7,1001.2
2024-12-19 01:15:00,346.4,1880.5,2688.8,6359.7,30.0,40.5,935.6,904.0
2024-12-19 01:30:00,261.0,1673.9,2626.4,6129.8,29.6,37.1,845.2,799.9
2024-12-19 01:45:00,319.9,1400.1,2540.6,5755.3,23.7,36.9,824.9,721.6
2024-12-19 02:00:00,276.8,1007.7,2371.2,4762.0,20.7,36.5,849.7,842.4
2024-12-19 02:15:00,213.4,761.6,2130.0,3842.9,18.1,35.0,911.3,894.0
2024-12-19 02:30:00,212.9,605.8,1747.1,3026.3,14.4,30.4,868.5,933.9
2024-12-19 02:45:00,199.3,572.8,1133.9,2503.2,12.4,22.8,878.2,947.7
2024-12-19 03:00:00,165.2,595.1,753.6,1920.2,12.4,18.2,980.9,838.2
2024-12-19 03:15:00,112.7,613.2,522.7,1011.2,12.4,18.2,858.0,612.1
2024-12-19 03:30:00,87.3,668.9,152.1,460.3,12.4,18.2,871.7,534.2
2024-12-19 03:45:00,54.0,580.2,103.0,160.1,12.4,15.0,715.4,509.3
2024-12-19 04:00:00,107.6,574.8,102.2,0.0,12.4,11.2,805.3,510.0
2024-12-19 04:15:00,235.2,639.6,82.0,0.0,11.7,11.2,811.7,472.0
2024-12-19 04:30:00,332.4,501.9,137.2,0.0,6.5,11.2,747.8,499.2
2024-12-19 04:45:00,403.7,550.3,260.4,0.0,6.5,11.2,768.5,502.2
2024-12-19 05:00:00,316.0,523.6,207.8,0.0,6.5,9.0,829.6,483.6
2024-12-19 05:15:00,320.7,488.0,181.3,0.0,6.5,4.3,796.7,328.2
2024-12-19 05:30:00,340.7,493.6,92.1,0.0,6.5,4.3,804.1,225.2
2024-12-19 05:45:00,254.3,326.3,43.0,0.0,6.5,4.3,798.9,96.1
2024-12-19 06:00:00,237.1,155.0,31.1,0.0,6.5,4.3,963.4,20.4
2024-12-19 06:15:00,145.6,282.3,12.5,0.0,6.5,3.1,806.5,0.0
2024-12-19 06:30:00,130.7,306.2,0.0,0.0,5.2,1.0,479.1,0.0
2024-12-19 06:45:00,167.4,304.2,45.8,0.0,0.0,1.0,332.6,0.0
2024-12-19 07:00:00,182.8,294.3,40.0,0.0,0.0,7.6,271.5,0.0
2024-12-19 07:15:00,225.2,303.1,35.2,0.0,0.0,7.6,458.6,0.0
2024-12-19 07:30:00,71.1,395.0,77.0,0.0,0.0,7.6,611.7,47.0
2024-12-19 07:45:00,60.7,384.9,61.4,0.0,0.0,7.4,476.6,47.0
2024-12-19 08:00:00,57.0,469.2,59.0,0.0,6.8,1.0,251.3,37.2
2024-12-19 08:15:00,15.4,365.3,37.5,0.0,6.8,1.0,307.5,0.0
2024-12-19 08:30:00,67.5,348.1,0.0,0.0,6.8,1.0,177.1,0.0
2024-12-19 08:45:00,19.7,270.5,0.0,0.0,6.8,1.0,308.4,0.0
2024-12-19 09:00:00,78.4,173.1,0.0,0.0,6.8,1.0,173.9,0.0
2024-12-19 09:15:00,205.2,86.1,0.0,0.0,6.8,1.0,156.0,0.0
2024-12-19 09:30:00,93.1,15.3,0.0,0.0,6.8,1.0,232.8,0.0
2024-12-19 09:45:00,71.1,95.9,75.1,0.0,10.8,1.0,460.8,0.0
2024-12-19 10:00:00,111.0,228.4,75.1,0.0,10.8,1.0,573.7,27.2
2024-12-19 10:15:00,149.1,214.6,75.1,0.0,10.8,1.0,412.1,27.2
2024-12-19 10:30:00,140.7,300.1,4.3,0.0,10.8,1.0,309.3,73.3
2024-12-19 10:45:00,111.8,287.3,0.0,0.0,10.8,1.0,352.9,51.3
2024-12-19 11:00:00,246.8,519.4,230.0,0.0,10.8,3.4,606.2,188.2
2024-12-19 11:15:00,327.1,600.3,188.2,0.0,10.8,3.2,790.5,208.1
2024-12-19 11:30:00,393.3,772.1,169.8,0.0,10.8,3.2,787.2,193.4
2024-12-19 11:45:00,454.9,980.7,192.7,0.0,10.8,10.1,668.1,223.5
2024-12-19 12:00:00,444.5,926.9,304.5,0.0,8.5,10.1,669.7,262.0
2024-12-19 12:15:00,418.6,525.7,307.3,143.6,6.8,10.1,804.7,288.4
2024-12-19 12:30:00,415.3,436.1,280.4,203.4,6.8,16.7,762.2,184.6
2024-12-19 12:45:00,556.5,569.1,253.9,203.4,6.8,23.5,555.2,168.9
2024-12-19 13:00:00,483.5,489.3,221.0,195.5,6.8,23.5,638.5,132.6
2024-12-19 13:15:00,347.4,546.8,138.4,76.6,6.8,26.1,786.5,90.5
2024-12-19 13:30:00,222.2,556.8,212.3,73.0,6.8,24.1,672.3,125.9
2024-12-19 13:45:00,201.3,467.7,288.3,3.8,6.8,22.9,790.4,158.8
2024-12-19 14:00:00,218.2,635.2,359.0,0.0,6.5,22.9,786.8,207.2
2024-12-19 14:15:00,260.1,843.1,244.4,0.0,0.0,22.9,1007.1,181.6
2024-12-19 14:30:00,331.8,789.7,241.3,0.0,3.9,22.9,966.7,334.5
2024-12-19 14:45:00,244.7,864.2,139.9,0.0,3.9,21.4,918.8,453.6
2024-12-19 15:00:00,364.2,675.1,81.6,0.0,3.9,20.3,806.3,406.5
2024-12-19 15:15:00,404.5,744.0,72.8,0.0,3.9,20.3,791.2,326.3
2024-12-19 15:30:00,484.3,521.6,55.2,0.0,3.9,20.3,934.7,250.3
2024-12-19 15:45:00,597.9,781.2,44.6,0.0,3.9,23.2,751.1,173.0
2024-12-19 16:00:00,486.2,834.6,14.2,0.0,3.9,23.2,775.6,218.4
2024-12-19 16:15:00,499.3,920.9,47.2,0.0,3.9,23.2,462.3,406.5
2024-12-19 16:30:00,483.5,785.4,72.9,0.0,3.1,17.7,717.7,397.3
2024-12-19 16:45:00,393.6,519.6,51.5,0.0,2.5,16.4,676.2,411.5
2024-12-19 17:00:00,396.7,471.6,64.6,0.0,2.5,25.7,910.6,322.5
2024-12-19 17:15:00,298.2,304.3,42.5,0.0,2.5,22.7,802.0,215.9
2024-12-19 17:30:00,228.0,272.0,42.5,0.0,2.5,27.9,739.2,153.4
2024-12-19 17:45:00,196.5,159.9,33.7,0.0,2.5,26.0,616.0,131.9
2024-12-19 18:00:00,102.3,156.8,116.9,0.0,2.5,19.7,589.1,76.2
2024-12-19 18:15:00,163.7,106.3,61.8,0.0,2.5,36.1,423.6,39.2
2024-12-19 18:30:00,174.8,142.5,10.9,0.0,2.5,41.3,136.5,0.0
2024-12-19 18:45:00,292.2,177.9,0.0,0.0,2.5,46.5,148.9,27.8
2024-12-19 19:00:00,209.5,402.8,26.0,0.0,2.5,50.6,299.0,73.3
2024-12-19 19:15:00,122.2,340.7,79.8,0.0,0.7,47.5,133.3,67.9
2024-12-19 19:30:00,51.5,250.0,119.4,0.0,0.0,43.1,154.2,41.4
2024-12-19 19:45:00,40.7,181.9,81.1,0.0,0.0,41.3,308.6,34.3
2024-12-19 20:00:00,50.5,300.1,89.0,0.0,0.0,39.4,436.2,34.3
2024-12-19 20:15:00,182.2,161.0,84.9,0.0,0.0,37.7,600.7,34.3
2024-12-19 20:30:00,151.2,113.3,116.8,0.0,0.0,36.2,609.4,50.5
2024-12-19 20:45:00,55.9,93.0,49.3,0.0,0.0,40.9,768.4,50.5
2024-12-19 21:00:00,119.0,269.8,70.4,0.0,5.8,44.0,602.6,181.8
2024-12-19 21:15:00,326.4,428.4,225.6,0.0,5.8,44.0,616.6,123.9
2024-12-19 21:30:00,282.7,695.1,241.0,144.4,5.8,40.8,661.9,215.5
2024-12-19 21:45:00,271.2,650.4,205.6,359.5,5.8,40.8,767.4,276.1
2024-12-19 22:00:00,850.8,1151.5,2099.1,7037.5,25.1,40.8,784.0,554.4
2024-12-19 22:15:00,1048.6,1373.8,2271.6,7793.7,25.1,47.5,790.0,773.5
2024-12-19 22:30:00,1031.8,1445.6,2248.9,7632.9,25.1,54.4,640.4,821.8
2024-12-19 22:45:00,843.6,1560.0,2331.6,7794.9,25.1,54.4,785.9,884.7
2024-12-19 23:00:00,698.8,1635.3,2562.1,7770.5,25.1,57.7,792.5,831.9
2024-12-19 23:15:00,585.0,1821.5,2832.9,7790.4,25.1,57.7,744.1,890.2
2024-12-19 23:30:00,649.5,1761.6,2627.1,7508.3,25.1,57.7,777.1,938.0
2024-12-19 23:45:00,482.8,1011.9,1406.6,4800.0,19.1,21.0,422.5,545.4
2024-12-20 00:00:00,935.1,2080.2,2596.8,6806.3,17.7,58.3,1029.3,1028.1
2024-12-20 00:15:00,896.8,2185.3,2419.1,5886.4,5.8,54.8,871.7,934.3
2024-12-20 00:30:00,725.5,2090.5,2985.4,4446.9,5.8,50.1,957.4,931.5
2024-12-20 00:45:00,683.3,1955.0,2895.5,5350.0,5.8,47.0,884.1,898.7
2024-12-20 01:00:00,628.7,1709.4,2837.3,6435.7,5.8,42.3,820.3,920.5
2024-12-20 01:15:00,566.0,1574.9,2816.2,6444.7,5.8,36.9,818.3,887.3
2024-12-20 01:30:00,425.5,1469.4,2580.4,6289.6,5.8,39.5,651.9,1076.9
2024-12-20 01:45:00,277.9,1355.4,2475.8,5990.1,5.8,35.2,808.4,1038.7
2024-12-20 02:00:00,318.5,1245.1,2369.8,5621.5,5.8,35.2,864.2,883.2
2024-12-20 02:15:00,207.6,1119.9,2321.7,4605.5,5.8,35.2,903.9,730.3
2024-12-20 02:30:00,226.9,1077.2,1948.7,3589.3,5.8,29.8,948.0,516.2
2024-12-20 02:45:00,327.4,781.9,1485.6,2817.4,5.8,28.3,950.2,616.6
2024-12-20 03:00:00,358.1,652.4,785.3,2087.7,5.8,28.3,700.5,635.5
2024-12-20 03:15:00,349.6,586.7,430.0,940.6,5.8,28.3,694.0,578.5
2024-12-20 03:30:00,296.2,522.3,320.2,470.6,5.8,28.3,632.9,479.8
2024-12-20 03:45:00,239.7,410.3,160.5,231.6,5.8,25.6,772.2,321.6
2024-12-20 04:00:00,132.2,419.6,83.3,100.1,5.8,20.8,666.9,393.0
2024-12-20 04:15:00,71.5,458.7,192.6,23.3,5.8,14.7,774.6,420.2
2024-12-20 04:30:00,87.7,490.8,276.1,0.0,5.8,14.7,626.8,373.9
2024-12-20 04:45:00,125.4,431.3,217.4,0.0,5.8,14.7,765.0,430.6
2024-12-20 05:00:00,148.8,370.5,107.2,0.0,5.8,12.5,476.7,439.3
2024-12-20 05:15:00,187.9,335.6,47.4,0.0,5.8,7.8,584.3,375.2
2024-12-20 05:30:00,276.1,326.4,44.3,0.0,1.2,14.8,453.1,356.5
2024-12-20 05:45:00,342.8,245.2,2.7,0.0,0.0,12.4,654.1,290.0
2024-12-20 06:00:00,253.7,235.3,0.0,0.0,0.0,11.4,719.7,196.5
2024-12-20 06:15:00,253.9,194.2,27.2,0.0,0.0,11.4,703.7,90.5
2024-12-20 06:30:00,254.0,188.6,100.7,0.0,0.0,11.4,392.2,18.1
2024-12-20 06:45:00,227.3,282.7,119.2,0.0,0.0,11.4,241.0,48.8
2024-12-20 07:00:00,252.6,393.7,98.9,0.0,0.0,11.4,153.3,48.8
2024-12-20 07:15:00,113.2,368.2,82.4,0.0,0.0,11.4,100.7,47.1
2024-12-20 07:30:00,100.1,418.7,27.2,0.0,0.0,11.4,307.5,11.0
2024-12-20 07:45:00,89.6,454.0,0.0,0.0,0.0,11.4,615.3,3.9
2024-12-20 08:00:00,61.5,374.2,0.0,0.0,0.0,18.1,728.3,39.3
2024-12-20 08:15:00,83.6,207.0,55.8,0.0,0.0,18.1,742.5,56.5
2024-12-20 08:30:00,91.8,167.5,55.8,0.0,0.0,20.5,452.6,66.4
2024-12-20 08:45:00,105.5,197.5,54.8,0.0,0.0,24.8,453.5,34.3
2024-12-20 09:00:00,144.9,147.0,36.0,0.0,0.0,22.8,469.7,64.5
2024-12-20 09:15:00,19.8,234.6,53.0,0.0,0.0,18.1,612.9,38.3
2024-12-20 09:30:00,73.5,303.9,26.8,0.0,0.0,18.1,782.7,11.9
2024-12-20 09:45:00,37.0,400.8,17.0,0.0,0.0,18.1,797.9,16.7
2024-12-20 10:00:00,70.8,313.6,21.0,0.0,0.0,10.7,891.3,16.7
2024-12-20 10:15:00,132.8,176.5,34.5,0.0,18.2,7.7,923.7,16.7
2024-12-20 10:30:00,69.0,228.9,25.3,0.0,18.2,7.7,744.1,13.1
2024-12-20 10:45:00,99.3,305.0,54.3,0.0,18.2,7.7,459.4,0.0
2024-12-20 11:00:00,294.7,522.2,261.0,0.0,17.1,7.7,384.0,141.0
2024-12-20 11:15:00,332.7,718.1,173.0,0.0,17.5,14.4,615.9,149.2
2024-12-20 11:30:00,337.5,1035.8,187.3,63.0,17.5,14.4,722.2,100.2
2024-12-20 11:45:00,388.6,1055.8,487.6,63.0,17.5,14.4,733.1,150.7
2024-12-20 12:00:00,233.7,1084.6,469.2,63.0,17.5,14.4,616.4,204.9
2024-12-20 12:15:00,200.7,950.7,346.3,136.9,12.8,14.4,382.8,222.9
2024-12-20 12:30:00,169.5,880.8,277.8,173.5,0.0,14.4,430.9,147.6
2024-12-20 12:45:00,146.2,596.6,193.6,132.5,0.0,14.4,454.7,86.2
2024-12-20 13:00:00,166.1,494.7,150.0,132.5,0.0,14.4,579.1,91.5
2024-12-20 13:15:00,276.3,532.2,145.6,132.5,0.0,17.0,437.8,90.5
2024-12-20 13:30:00,281.5,555.5,260.8,97.2,0.0,23.9,462.4,75.0
2024-12-20 13:45:00,533.7,521.4,469.2,44.3,0.0,23.9,697.4,162.9
2024-12-20 14:00:00,378.3,687.0,540.3,0.0,0.0,23.9,780.4,170.2
2024-12-20 14:15:00,236.3,513.0,304.4,0.0,0.0,23.9,760.7,176.0
2024-12-20 14:30:00,256.6,408.0,175.2,0.0,0.0,27.2,747.0,121.4
2024-12-20 14:45:00,378.8,355.1,67.3,70.7,13.5,31.9,746.0,145.3
2024-12-20 15:00:00,498.2,408.8,30.6,14.5,13.5,18.8,901.7,200.1
2024-12-20 15:15:00,468.2,583.9,116.2,0.0,13.5,14.0,865.0,389.8
2024-12-20 15:30:00,598.4,675.9,78.2,0.0,13.5,11.0,889.7,462.9
2024-12-20 15:45:00,410.3,830.5,96.0,0.0,19.6,6.1,866.4,413.5
2024-12-20 16:00:00,259.0,983.3,99.4,0.0,19.6,6.1,559.1,259.8
2024-12-20 16:15:00,282.9,902.4,52.6,0.0,22.0,9.5,615.9,190.0
2024-12-20 16:30:00,284.7,771.3,30.6,0.0,22.0,12.8,733.6,169.2
2024-12-20 16:45:00,269.1,602.1,0.9,0.0,22.0,24.9,609.8,200.6
2024-12-20 17:00:00,230.6,454.2,38.8,0.0,22.0,24.9,409.7,183.1
2024-12-20 17:15:00,191.4,475.2,43.4,0.0,22.0,30.6,542.8,168.1
2024-12-20 17:30:00,241.1,417.2,55.1,0.0,22.0,34.9,592.1,68.1
2024-12-20 17:45:00,346.7,378.0,51.9,0.0,12.7,40.6,643.6,4.3
2024-12-20 18:00:00,248.1,377.7,10.2,0.0,12.5,37.3,596.6,0.0
2024-12-20 18:15:00,179.7,273.6,34.6,0.0,12.5,32.2,375.4,28.7
2024-12-20 18:30:00,131.3,254.4,74.6,0.0,12.5,31.2,81.3,28.7
2024-12-20 18:45:00,57.8,243.0,68.7,0.0,11.8,31.7,0.0,28.7
2024-12-20 19:00:00,7.7,167.8,111.9,0.0,10.1,38.1,151.9,4.0
2024-12-20 19:15:00,0.0,159.0,88.0,0.0,10.1,38.1,458.0,0.0
2024-12-20 19:30:00,52.6,126.3,112.6,0.0,10.5,36.3,661.6,91.1
2024-12-20 19:45:00,52.6,161.9,113.4,0.0,10.1,28.1,579.3,55.3
2024-12-20 20:00:00,52.6,244.8,107.6,0.0,10.1,28.1,350.7,67.4
2024-12-20 20:15:00,28.1,200.3,64.2,0.0,10.1,24.4,305.6,33.4
2024-12-20 20:30:00,62.5,263.1,28.0,0.0,10.1,23.5,456.6,40.4
2024-12-20 20:45:00,8.3,367.4,0.0,0.0,10.1,21.1,351.8,27.2
2024-12-20 21:00:00,214.0,577.5,131.2,0.0,8.3,23.9,439.2,27.2
2024-12-20 21:15:00,308.8,507.9,151.8,0.0,4.1,23.9,459.6,138.4
2024-12-20 21:30:00,270.7,498.0,261.6,0.0,4.1,27.1,493.7,212.3
2024-12-20 21:45:00,293.0,548.4,183.0,872.3,4.1,34.0,665.0,308.2
2024-12-20 22:00:00,1056.4,994.5,2283.7,7780.5,31.9,63.5,609.0,677.4
2024-12-20 22:15:00,1604.8,1174.2,2293.5,8070.6,44.1,70.3,583.4,675.9
2024-12-20 22:30:00,1571.2,1237.6,2261.4,8070.6,38.8,69.7,502.0,750.6
2024-12-20 22:45:00,1387.0,1105.2,2185.5,8111.0,38.3,67.2,532.5,530.3
2024-12-20 23:00:00,1011.2,1155.1,2702.4,7838.4,38.3,67.2,302.8,512.6
2024-12-20 23:15:00,762.7,1396.3,2778.8,7712.6,53.0,67.2,304.3,609.8
2024-12-20 23:30:00,591.7,1471.1,2740.4,7495.3,53.0,67.2,443.4,638.0
2024-12-20 23:45:00,453.1,722.1,1257.4,4282.9,37.6,41.4,480.6,330.2
2024-12-21 00:00:00,655.1,1715.1,2612.7,6194.6,53.0,57.9,891.5,1101.9
2024-12-21 00:15:00,778.6,1870.7,2918.7,5158.0,53.0,60.8,940.1,996.0
2024-12-21 00:30:00,818.1,2120.4,2885.4,4469.7,53.0,57.6,985.6,1097.9
2024-12-21 00:45:00,795.4,1916.8,2819.2,5217.4,53.0,53.5,978.6,1185.1
2024-12-21 01:00:00,654.9,2070.0,2657.2,6339.8,51.0,49.1,1037.5,951.6
2024-12-21 01:15:00,540.0,2171.5,2349.4,6204.9,41.6,49.0,931.4,958.0
2024-12-21 01:30:00,504.8,2269.9,2083.2,5975.4,38.2,49.0,799.6,1048.1
2024-12-21 01:45:00,251.9,1882.8,1901.0,5482.7,35.9,49.0,847.9,1022.5
2024-12-21 02:00:00,232.1,1473.8,1639.3,4508.6,35.1,43.6,846.9,836.6
2024-12-21 02:15:00,256.8,1223.3,1194.5,3360.0,31.1,40.9,989.2,662.9
2024-12-21 02:30:00,182.3,989.3,818.7,2776.1,31.1,36.5,1026.2,601.3
2024-12-21 02:45:00,187.8,905.7,536.4,2232.8,29.8,33.9,853.7,525.5
2024-12-21 03:00:00,108.6,751.3,381.5,1602.1,16.5,31.6,861.4,537.7
2024-12-21 03:15:00,152.8,579.0,252.6,615.5,16.5,27.1,883.7,601.4
2024-12-21 03:30:00,326.0,584.9,140.1,295.1,16.5,27.1,994.4,436.7
2024-12-21 03:45:00,335.3,640.0,176.4,115.0,16.5,26.9,909.7,316.3
2024-12-21 04:00:00,322.6,527.0,123.8,0.0,16.5,24.0,877.9,445.5
2024-12-21 04:15:00,330.1,530.9,110.8,0.0,16.5,24.0,869.2,414.1
2024-12-21 04:30:00,276.8,512.0,160.8,0.0,15.6,22.9,798.2,469.4
2024-12-21 04:45:00,338.3,502.2,282.0,0.0,4.2,17.1,792.6,424.2
2024-12-21 05:00:00,328.3,553.4,257.4,0.0,4.1,9.0,791.3,449.9
2024-12-21 05:15:00,357.1,542.8,227.0,0.0,4.1,6.3,891.6,434.2
2024-12-21 05:30:00,384.3,511.9,177.9,0.0,4.1,6.3,842.1,354.9
2024-12-21 05:45:00,342.4,380.5,165.2,0.0,4.1,6.3,785.6,221.2
2024-12-21 06:00:00,280.8,234.9,94.4,0.0,1.9,6.3,648.4,135.0
2024-12-21 06:15:00,177.4,304.6,30.9,0.0,0.0,6.3,497.5,120.4
2024-12-21 06:30:00,150.8,329.8,26.1,0.0,0.0,4.9,303.7,154.2
2024-12-21 06:45:00,232.3,470.3,43.5,0.0,0.0,3.4,411.6,140.0
2024-12-21 07:00:00,194.7,581.1,57.1,0.0,0.0,3.4,454.7,161.4
2024-12-21 07:15:00,138.6,575.8,40.0,0.0,0.0,3.4,497.6,124.7
2024-12-21 07:30:00,107.5,456.8,25.0,0.0,0.0,3.4,468.3,110.9
2024-12-21 07:45:00,65.8,356.6,22.6,0.0,0.0,3.4,276.2,94.9
2024-12-21 08:00:00,44.5,269.1,19.4,0.0,0.0,13.5,239.7,53.6
2024-12-21 08:15:00,35.4,255.1,0.0,0.0,0.0,13.5,456.3,63.1
2024-12-21 08:30:00,91.8,228.2,0.0,0.0,0.0,20.3,565.0,0.0
2024-12-21 08:45:00,91.8,256.8,0.0,0.0,6.8,20.3,545.8,0.0
2024-12-21 09:00:00,78.8,180.9,0.0,0.0,6.8,20.3,532.5,13.7
2024-12-21 09:15:00,70.1,117.8,0.0,0.0,6.8,27.1,562.6,90.6
2024-12-21 09:30:00,70.1,135.3,0.0,0.0,6.8,27.1,602.1,44.2
2024-12-21 09:45:00,0.0,196.6,0.0,0.0,6.8,29.5,475.3,48.8
2024-12-21 10:00:00,10.9,402.4,0.0,0.0,2.2,26.0,477.2,0.0
2024-12-21 10:15:00,10.9,303.5,38.1,0.0,0.0,23.9,576.1,56.6
2024-12-21 10:30:00,88.1,170.9,38.1,0.0,0.0,31.7,596.2,56.6
2024-12-21 10:45:00,148.0,198.4,58.7,0.0,1.8,31.7,606.4,52.4
2024-12-21 11:00:00,384.4,258.1,184.3,0.0,1.8,31.7,716.3,185.2
2024-12-21 11:15:00,487.1,256.6,403.7,0.0,18.4,37.8,510.7,198.9
2024-12-21 11:30:00,379.5,410.9,396.5,0.0,18.4,38.1,428.1,156.2
2024-12-21 11:45:00,183.9,617.4,175.6,0.0,18.4,38.1,365.2,281.9
2024-12-21 12:00:00,95.2,683.2,176.2,219.6,18.4,41.5,461.8,304.4
2024-12-21 12:15:00,119.4,514.2,279.6,219.6,17.1,41.4,545.6,319.1
2024-12-21 12:30:00,104.0,415.8,170.9,219.6,8.3,38.0,678.3,246.9
2024-12-21 12:45:00,120.4,441.7,176.9,219.6,0.0,37.0,674.4,222.1
2024-12-21 13:00:00,158.6,559.3,153.1,219.6,0.0,43.2,734.0,181.1
2024-12-21 13:15:00,153.7,495.6,57.9,120.7,0.0,39.7,803.3,211.3
2024-12-21 13:30:00,256.0,627.8,115.4,0.0,0.0,38.8,771.1,171.3
2024-12-21 13:45:00,267.2,626.6,172.5,0.0,0.0,32.3,876.1,123.9
2024-12-21 14:00:00,198.6,570.3,165.3,0.0,0.0,38.5,873.5,98.7
2024-12-21 14:15:00,229.6,610.0,114.9,0.0,0.0,39.5,795.8,129.5
2024-12-21 14:30:00,267.3,493.2,28.2,0.0,0.0,41.4,882.0,53.9
2024-12-21 14:45:00,339.4,574.3,79.5,0.0,0.0,44.5,747.7,15.6
2024-12-21 15:00:00,350.4,623.0,110.9,0.0,0.0,44.3,874.6,48.9
2024-12-21 15:15:00,215.0,826.6,163.8,0.0,0.0,44.3,746.2,202.7
2024-12-21 15:30:00,301.6,846.7,196.3,0.0,0.0,40.3,771.5,294.5
2024-12-21 15:45:00,445.1,902.4,158.0,0.0,0.0,45.1,822.3,293.8
2024-12-21 16:00:00,494.7,660.3,245.3,0.0,0.0,55.5,889.9,295.5
2024-12-21 16:15:00,387.0,488.4,234.9,0.0,5.0,47.2,777.0,188.6
2024-12-21 16:30:00,336.2,437.8,275.2,0.0,5.0,53.4,713.1,197.1
2024-12-21 16:45:00,208.3,610.4,235.9,0.0,5.0,53.3,557.7,268.7
2024-12-21 17:00:00,220.8,718.8,156.6,0.0,17.6,45.2,687.1,221.9
2024-12-21 17:15:00,151.7,729.0,66.8,0.0,16.7,44.4,687.5,100.7
2024-12-21 17:30:00,144.2,484.9,15.1,0.0,9.0,51.0,633.0,97.0
2024-12-21 17:45:00,236.5,301.6,0.0,0.0,0.0,55.0,595.9,109.9
2024-12-21 18:00:00,218.0,160.3,0.0,0.0,0.0,55.0,766.7,70.0
2024-12-21 18:15:00,71.6,122.8,0.0,0.0,0.0,55.0,622.5,101.6
2024-12-21 18:30:00,82.1,74.0,0.0,0.0,0.0,52.7,252.8,104.0
2024-12-21 18:45:00,65.7,118.5,18.4,0.0,0.0,45.3,322.7,36.7
2024-12-21 19:00:00,104.1,172.3,60.1,0.0,0.0,51.9,306.3,0.0
2024-12-21 19:15:00,102.1,175.0,31.6,0.0,0.0,54.7,179.4,0.0
2024-12-21 19:30:00,67.3,142.6,48.1,0.0,0.0,54.7,304.3,0.0
2024-12-21 19:45:00,100.5,216.2,54.1,0.0,0.0,53.4,304.3,0.0
2024-12-21 20:00:00,64.6,212.7,59.2,0.0,0.0,44.7,434.1,0.0
2024-12-21 20:15:00,79.4,305.8,45.5,0.0,0.0,44.7,152.2,0.0
2024-12-21 20:30:00,137.3,244.3,27.8,0.0,0.0,50.7,236.1,0.0
2024-12-21 20:45:00,156.9,208.7,0.0,0.0,0.0,54.0,304.1,0.0
2024-12-21 21:00:00,241.9,314.9,94.7,0.0,0.0,50.6,424.3,117.6
2024-12-21 21:15:00,256.6,389.8,171.8,0.0,0.0,50.6,429.9,155.8
2024-12-21 21:30:00,372.9,460.1,128.7,7.6,0.0,50.6,565.7,215.3
2024-12-21 21:45:00,350.1,580.5,136.1,906.9,0.0,57.6,601.5,257.3
2024-12-21 22:00:00,876.4,1174.2,2184.4,5835.2,6.3,65.2,494.7,426.0
2024-12-21 22:15:00,959.9,1283.7,2339.3,6480.1,16.0,61.4,577.7,553.3
2024-12-21 22:30:00,1081.9,1406.6,2246.7,6760.4,16.0,61.4,744.9,606.5
2024-12-21 22:45:00,821.5,1569.4,2196.0,6918.8,16.0,68.2,776.4,778.7
2024-12-21 23:00:00,797.7,1585.1,2448.9,6855.1,16.0,68.2,695.0,784.5
2024-12-21 23:15:00,695.4,1530.4,2403.4,6807.4,16.0,71.9,760.5,867.0
2024-12-21 23:30:00,680.3,1611.4,2381.7,6674.5,16.0,67.0,918.2,953.5
2024-12-21 23:45:00,266.3,789.1,1534.7,4244.3,7.0,28.0,436.0,447.9
2024-12-22 00:00:00,340.0,1722.2,2870.2,6224.6,22.9,50.3,885.0,734.8
2024-12-22 00:15:00,360.8,1575.7,2633.7,5187.1,22.9,50.3,957.7,697.2
2024-12-22 00:30:00,458.7,1665.7,2630.8,4743.0,22.9,56.6,987.7,650.3
2024-12-22 00:45:00,525.3,1613.0,2510.9,4838.5,22.9,56.6,912.5,603.2
2024-12-22 01:00:00,505.7,1510.9,2293.5,5826.1,22.9,56.6,960.9,699.6
2024-12-22 01:15:00,555.5,1096.6,2153.2,5943.1,22.9,56.6,973.4,828.9
2024-12-22 01:30:00,402.8,1038.1,2007.8,5780.7,22.9,56.6,813.4,920.5
2024-12-22 01:45:00,251.6,903.3,1514.3,5263.8,22.9,56.6,826.7,977.1
2024-12-22 02:00:00,148.9,845.2,1303.3,4590.5,22.9,56.6,795.8,891.5
2024-12-22 02:15:00,59.2,783.0,799.2,3631.0,22.9,56.6,915.6,832.5
2024-12-22 02:30:00,86.1,823.7,389.3,2791.0,22.9,56.6,793.7,780.1
2024-12-22 02:45:00,123.8,804.8,289.0,2199.4,22.9,56.6,779.3,760.0
2024-12-22 03:00:00,144.9,880.5,219.2,1526.3,16.7,54.3,798.0,569.5
2024-12-22 03:15:00,172.2,1051.3,168.4,846.1,13.2,53.6,787.1,417.5
2024-12-22 03:30:00,341.1,963.7,185.3,428.5,10.9,47.5,831.5,413.0
2024-12-22 03:45:00,374.5,817.1,140.2,100.0,6.9,27.6,802.4,365.7
2024-12-22 04:00:00,423.0,679.3,112.4,0.0,6.9,26.2,882.8,398.0
2024-12-22 04:15:00,430.7,655.5,104.5,0.0,6.9,19.7,676.5,507.4
2024-12-22 04:30:00,485.3,493.7,68.8,0.0,6.9,19.4,598.5,445.5
2024-12-22 04:45:00,393.3,370.6,68.8,0.0,6.9,14.6,290.7,525.2
2024-12-22 05:00:00,316.2,423.2,74.0,0.0,6.9,13.0,414.7,429.8
2024-12-22 05:15:00,301.7,385.8,83.8,0.0,6.9,13.0,458.0,299.7
2024-12-22 05:30:00,251.4,316.2,71.8,0.0,6.9,8.8,518.7,144.4
2024-12-22 05:45:00,270.1,158.7,98.0,0.0,6.8,3.4,423.3,178.8
2024-12-22 06:00:00,218.0,112.8,98.0,0.0,0.0,3.4,581.5,162.9
2024-12-22 06:15:00,198.4,210.1,68.0,0.0,0.0,3.4,439.7,129.7
2024-12-22 06:30:00,297.3,237.9,75.9,0.0,0.0,3.4,259.6,126.7
2024-12-22 06:45:00,217.7,305.0,54.7,0.0,0.0,3.4,289.1,104.9
2024-12-22 07:00:00,190.9,451.9,54.7,0.0,0.0,3.4,420.9,102.1
2024-12-22 07:15:00,150.6,490.8,54.7,0.0,0.0,3.4,572.5,96.0
2024-12-22 07:30:00,40.2,508.9,7.7,0.0,4.5,10.4,593.1,83.5
2024-12-22 07:45:00,54.4,348.7,33.5,0.0,4.5,10.4,754.9,41.3
2024-12-22 08:00:00,113.0,257.1,33.5,0.0,4.5,13.6,769.0,9.4
2024-12-22 08:15:00,118.6,175.9,20.2,0.0,4.5,13.6,724.9,10.1
2024-12-22 08:30:00,76.3,201.1,0.0,0.0,4.5,17.0,534.1,24.7
2024-12-22 08:45:00,78.8,189.7,27.6,0.0,4.5,23.6,601.4,12.6
2024-12-22 09:00:00,55.8,208.5,27.6,0.0,4.5,30.2,750.7,4.2
2024-12-22 09:15:00,59.7,213.2,27.6,0.0,4.5,30.2,890.1,0.0
2024-12-22 09:30:00,52.2,179.6,51.1,0.0,1.7,36.6,878.5,0.0
2024-12-22 09:45:00,146.6,146.3,48.5,0.0,0.0,33.7,668.1,0.0
2024-12-22 10:00:00,130.0,112.4,42.1,0.0,19.6,33.7,617.2,0.0
2024-12-22 10:15:00,91.2,97.1,28.5,0.0,1.2,40.4,630.1,0.0
2024-12-22 10:30:00,58.8,133.0,24.3,0.0,0.0,47.4,470.8,28.8
2024-12-22 10:45:00,36.2,253.2,84.4,0.0,0.0,40.8,661.0,29.6
2024-12-22 11:00:00,131.7,301.2,263.1,0.4,0.0,38.0,620.9,106.0
2024-12-22 11:15:00,320.2,441.1,520.9,76.5,0.0,33.5,927.0,81.6
2024-12-22 11:30:00,326.7,473.9,460.3,72.9,0.0,33.2,786.7,205.1
2024-12-22 11:45:00,129.3,503.1,402.3,72.9,0.0,37.0,818.2,176.5
2024-12-22 12:00:00,151.2,560.5,297.5,202.7,0.0,37.0,641.3,223.3
2024-12-22 12:15:00,192.5,524.3,280.3,197.1,0.0,37.0,808.9,195.6
2024-12-22 12:30:00,151.0,611.3,257.7,129.8,0.0,37.0,816.5,178.9
2024-12-22 12:45:00,140.7,468.4,187.0,129.8,0.0,37.0,922.2,163.0
2024-12-22 13:00:00,112.1,541.4,190.7,129.8,22.8,37.0,812.5,204.6
2024-12-22 13:15:00,141.3,417.0,248.7,129.8,22.8,31.9,802.6,147.2
2024-12-22 13:30:00,245.8,362.6,190.9,54.6,22.8,32.5,595.1,153.7
2024-12-22 13:45:00,284.1,472.3,106.6,0.0,22.8,32.5,751.8,157.4
2024-12-22 14:00:00,316.1,565.1,12.5,0.0,6.6,32.5,636.0,77.0
2024-12-22 14:15:00,381.4,534.2,93.6,0.0,3.4,32.5,771.7,116.8
2024-12-22 14:30:00,465.6,532.3,99.2,0.0,3.4,42.6,823.1,236.6
2024-12-22 14:45:00,302.4,460.4,157.4,0.0,3.4,42.6,952.5,254.7
2024-12-22 15:00:00,192.7,590.2,81.7,0.0,3.4,40.5,968.7,301.6
2024-12-22 15:15:00,263.0,433.6,175.9,0.0,3.4,46.0,960.9,377.6
2024-12-22 15:30:00,147.7,371.0,129.3,0.0,3.4,40.2,717.1,413.7
2024-12-22 15:45:00,289.6,427.4,33.7,0.0,3.4,37.4,766.6,376.2
2024-12-22 16:00:00,237.4,605.8,34.8,0.0,3.4,35.0,733.8,482.0
2024-12-22 16:15:00,303.6,602.9,85.5,0.0,3.4,36.7,875.1,278.0
2024-12-22 16:30:00,333.3,485.6,91.2,0.0,3.4,31.8,988.7,121.9
2024-12-22 16:45:00,364.2,367.2,121.6,0.0,5.8,26.9,760.4,119.6
2024-12-22 17:00:00,324.8,252.6,190.4,0.0,9.4,32.1,593.9,124.6
2024-12-22 17:15:00,263.4,236.0,144.3,0.0,9.4,39.1,578.5,125.0
2024-12-22 17:30:00,180.1,205.4,123.7,0.0,9.4,39.1,766.1,127.5
2024-12-22 17:45:00,169.6,212.1,120.7,0.0,9.4,48.4,863.8,70.7
2024-12-22 18:00:00,127.1,315.8,59.5,0.0,6.2,48.4,707.0,17.7
2024-12-22 18:15:00,72.4,201.4,20.6,0.0,6.0,48.4,494.4,77.1
2024-12-22 18:30:00,24.3,134.2,29.8,0.0,6.0,48.4,276.0,116.7
2024-12-22 18:45:00,24.3,196.4,11.1,0.0,6.0,46.7,282.4,83.7
2024-12-22 19:00:00,60.6,184.0,0.0,0.0,6.0,44.4,447.9,34.5
2024-12-22 19:15:00,60.6,246.7,0.0,0.0,6.0,44.4,631.0,24.3
2024-12-22 19:30:00,127.1,284.8,0.0,0.0,0.3,50.7,592.3,44.5
2024-12-22 19:45:00,143.3,174.7,43.1,0.0,0.0,61.7,670.1,43.8
2024-12-22 20:00:00,49.2,16.3,0.5,0.0,0.0,59.4,424.5,29.5
2024-12-22 20:15:00,40.7,63.9,0.0,0.0,0.0,45.8,148.0,0.0
2024-12-22 20:30:00,68.7,63.9,0.0,0.0,0.0,39.0,153.4,48.1
2024-12-22 20:45:00,16.3,201.5,40.8,0.0,0.0,42.6,308.5,48.1
2024-12-22 21:00:00,107.4,443.1,227.9,0.0,0.0,41.9,617.3,164.5
2024-12-22 21:15:00,171.3,447.6,270.0,0.0,0.0,43.7,494.7,164.5
2024-12-22 21:30:00,211.9,422.7,296.6,0.0,0.0,44.4,684.5,78.4
2024-12-22 21:45:00,319.4,317.9,239.2,271.6,0.0,34.6,673.9,149.2
2024-12-22 22:00:00,798.4,1055.8,1603.6,5531.9,25.9,27.8,607.7,597.9
2024-12-22 22:15:00,877.9,1276.8,2220.7,6528.3,25.9,44.4,357.7,721.3
2024-12-22 22:30:00,1026.6,1420.2,2313.4,6660.2,25.9,43.2,25.0,799.0
2024-12-22 22:45:00,1084.4,1335.0,2356.0,6927.2,25.9,41.2,153.4,753.9
2024-12-22 23:00:00,922.2,1568.2,2384.0,7016.5,25.9,47.5,307.4,613.1
2024-12-22 23:15:00,753.0,1671.2,2708.4,6831.8,25.9,47.5,617.0,632.6
2024-12-22 23:30:00,600.5,2010.4,2260.1,6633.9,25.9,47.5,672.9,581.6
2024-12-22 23:45:00,310.2,983.2,1477.0,4544.6,21.5,23.5,309.6,247.8
2024-12-23 00:00:00,775.0,2228.9,2975.6,5920.1,25.9,47.5,1012.5,990.6
2024-12-23 00:15:00,705.6,2301.1,2898.0,5187.3,25.9,47.2,918.5,1001.0
2024-12-23 00:30:00,649.3,2290.3,3039.8,4449.1,25.9,41.9,989.1,1108.1
2024-12-23 00:45:00,453.3,2162.0,2665.0,4621.3,25.9,37.5,753.2,1074.9
2024-12-23 01:00:00,337.4,1748.2,2473.0,5913.2,25.9,40.6,781.0,1183.0
2024-12-23 01:15:00,269.9,1463.6,2168.3,5748.9,25.9,40.6,669.6,1198.4
2024-12-23 01:30:00,354.9,1460.2,1819.5,5478.6,25.9,40.6,817.0,1262.2
2024-12-23 01:45:00,347.8,1304.9,1549.0,5038.3,22.5,40.6,923.9,1099.0
2024-12-23 02:00:00,415.3,1156.6,1113.4,4286.3,16.9,40.6,972.6,1024.8
2024-12-23 02:15:00,386.6,996.8,639.5,3426.4,11.1,40.6,1005.3,802.9
2024-12-23 02:30:00,275.2,803.1,446.3,2747.2,5.4,32.5,863.8,751.8
2024-12-23 02:45:00,229.6,482.8,204.4,2084.8,0.0,27.3,892.6,619.3
2024-12-23 03:00:00,152.2,389.7,51.0,1810.6,0.0,26.9,734.6,657.9
2024-12-23 03:15:00,77.2,298.6,34.3,697.0,0.0,20.9,837.3,588.0
2024-12-23 03:30:00,41.4,252.6,34.3,320.5,0.0,17.9,918.6,692.4
2024-12-23 03:45:00,117.1,281.1,12.4,97.6,0.0,17.9,969.4,656.4
2024-12-23 04:00:00,127.1,400.1,9.2,12.4,0.0,16.1,889.2,554.9
2024-12-23 04:15:00,171.6,407.9,31.7,12.4,0.0,10.9,865.2,365.4
2024-12-23 04:30:00,170.3,455.0,31.7,12.4,0.0,10.9,851.5,257.9
2024-12-23 04:45:00,122.5,449.7,31.7,12.4,0.0,10.9,925.4,283.1
2024-12-23 05:00:00,115.6,341.7,87.9,12.4,0.0,10.9,841.3,299.6
2024-12-23 05:15:00,129.9,342.6,66.5,12.4,0.0,10.9,780.1,260.9
2024-12-23 05:30:00,316.4,331.0,134.3,12.4,0.0,10.9,461.4,177.5
2024-12-23 05:45:00,303.9,309.4,176.1,12.4,0.0,10.9,597.3,119.9
2024-12-23 06:00:00,309.2,278.4,216.2,12.4,0.0,6.6,485.2,119.4
2024-12-23 06:15:00,239.0,298.6,110.0,12.4,0.0,4.1,759.4,103.2
2024-12-23 06:30:00,214.9,275.7,123.7,12.4,0.0,3.0,693.1,60.7
2024-12-23 06:45:00,162.9,416.5,97.8,12.4,0.0,0.7,759.7,17.7
2024-12-23 07:00:00,93.2,400.2,88.0,12.4,0.0,0.7,732.6,17.7
2024-12-23 07:15:00,70.7,302.0,48.3,12.4,0.0,0.7,706.6,17.7
2024-12-23 07:30:00,94.5,280.1,34.8,12.4,0.0,0.7,342.6,45.7
2024-12-23 07:45:00,60.5,291.8,25.0,12.4,0.0,0.7,132.9,25.2
2024-12-23 08:00:00,23.2,251.2,0.0,12.4,0.0,0.7,153.6,0.0
2024-12-23 08:15:00,56.5,401.7,0.0,12.4,0.0,8.8,153.6,0.0
2024-12-23 08:30:00,44.1,358.0,0.0,12.4,0.0,8.8,308.5,0.0
2024-12-23 08:45:00,87.0,257.9,36.6,12.4,0.0,8.8,199.0,0.0
2024-12-23 09:00:00,64.8,177.4,14.8,12.4,0.0,10.2,309.1,0.0
2024-12-23 09:15:00,88.8,213.1,12.7,12.4,0.0,10.2,181.4,0.0
2024-12-23 09:30:00,84.5,379.6,12.7,12.4,0.0,23.5,309.2,0.0
2024-12-23 09:45:00,108.0,308.2,6.4,12.4,0.0,23.5,530.4,0.0
2024-12-23 10:00:00,125.6,217.3,0.0,12.4,0.0,26.1,613.1,29.0
2024-12-23 10:15:00,115.8,246.9,0.0,12.4,0.0,30.0,471.9,29.0
2024-12-23 10:30:00,118.5,290.9,36.1,12.4,0.0,29.9,404.5,29.0
2024-12-23 10:45:00,268.0,441.9,36.1,12.4,0.0,29.9,474.1,29.0
2024-12-23 11:00:00,368.1,912.0,327.2,12.4,0.0,29.9,616.1,41.1
2024-12-23 11:15:00,347.5,1148.2,322.7,12.4,0.0,34.1,688.3,50.2
2024-12-23 11:30:00,467.8,1164.4,351.9,12.4,0.0,34.1,703.9,76.3
2024-12-23 11:45:00,476.5,1208.2,368.5,12.4,0.0,34.1,776.4,158.8
2024-12-23 12:00:00,552.8,906.1,321.1,12.4,0.0,32.4,799.2,185.4
2024-12-23 12:15:00,493.4,634.1,182.7,145.5,19.5,29.5,684.2,157.9
2024-12-23 12:30:00,339.3,792.2,153.8,218.3,19.5,26.4,508.3,150.0
2024-12-23 12:45:00,394.5,792.6,159.8,218.3,19.5,21.9,667.1,176.6
2024-12-23 13:00:00,458.4,662.9,107.8,203.9,19.5,21.9,853.2,172.8
2024-12-23 13:15:00,236.4,564.8,84.6,145.3,13.4,21.9,789.6,133.9
2024-12-23 13:30:00,224.1,572.9,174.6,115.4,0.0,21.9,879.9,126.7
2024-12-23 13:45:00,169.4,710.2,138.3,72.5,0.0,19.9,876.3,180.8
2024-12-23 14:00:00,217.3,751.0,140.3,62.6,0.0,15.0,774.3,181.6
2024-12-23 14:15:00,270.6,873.2,183.5,0.0,0.0,15.0,837.9,162.0
2024-12-23 14:30:00,317.4,817.2,189.5,0.0,0.0,14.5,840.1,129.5
2024-12-23 14:45:00,345.4,751.2,55.3,0.0,0.0,9.7,961.1,224.6
2024-12-23 15:00:00,293.5,659.2,136.5,0.0,18.6,7.2,959.7,216.9
2024-12-23 15:15:00,221.1,579.9,198.7,0.0,18.6,7.2,939.7,158.4
2024-12-23 15:30:00,284.4,871.2,188.8,0.0,18.6,9.9,823.2,81.8
2024-12-23 15:45:00,330.7,799.1,132.2,0.0,18.6,5.7,825.3,167.3
2024-12-23 16:00:00,450.7,559.6,102.3,0.0,18.6,3.4,704.9,45.6
2024-12-23 16:15:00,455.8,518.1,247.1,0.0,18.6,6.7,753.0,114.4
2024-12-23 16:30:00,329.3,523.3,329.6,0.0,18.6,6.7,818.8,141.9
2024-12-23 16:45:00,220.4,503.4,220.9,0.0,18.6,11.1,972.5,171.7
2024-12-23 17:00:00,381.7,351.0,148.2,0.0,18.6,17.9,1047.9,231.7
2024-12-23 17:15:00,400.4,262.5,99.1,0.0,25.2,21.6,833.7,249.3
2024-12-23 17:30:00,446.3,337.2,129.6,0.0,25.2,21.5,796.1,181.1
2024-12-23 17:45:00,281.3,241.4,96.3,0.0,27.7,21.5,807.5,129.0
2024-12-23 18:00:00,190.0,210.2,37.8,0.0,19.7,21.5,971.0,94.2
2024-12-23 18:15:00,99.4,203.6,50.6,0.0,9.2,21.5,792.9,136.4
2024-12-23 18:30:00,116.4,207.5,84.6,0.0,9.2,23.5,508.4,79.7
2024-12-23 18:45:00,111.0,147.8,110.1,0.0,15.6,32.3,442.5,28.9
2024-12-23 19:00:00,106.9,70.1,202.2,0.0,15.6,32.8,613.0,10.9
2024-12-23 19:15:00,77.4,187.9,155.9,0.0,15.6,32.0,781.3,37.8
2024-12-23 19:30:00,51.2,276.0,86.5,0.0,15.6,31.3,533.8,37.8
2024-12-23 19:45:00,26.9,237.8,86.5,0.0,15.6,36.3,331.6,114.1
2024-12-23 20:00:00,52.8,118.0,86.5,0.0,15.6,38.3,304.5,60.3
2024-12-23 20:15:00,21.6,122.5,61.6,0.0,15.3,45.3,406.5,40.8
2024-12-23 20:30:00,91.3,197.7,11.8,0.0,13.0,40.8,405.9,28.4
2024-12-23 20:45:00,129.5,101.7,0.0,0.0,13.0,27.6,239.1,4.5
2024-12-23 21:00:00,251.3,397.1,0.0,0.0,13.0,25.7,458.7,97.7
2024-12-23 21:15:00,350.5,442.0,0.0,0.0,8.2,30.3,472.6,217.5
2024-12-23 21:30:00,293.8,422.4,25.0,0.0,6.4,31.2,504.4,262.1
2024-12-23 21:45:00,238.8,441.3,56.5,791.3,12.6,28.1,581.6,324.6
2024-12-23 22:00:00,769.7,1108.3,2118.0,7484.4,33.6,34.7,590.1,695.5
2024-12-23 22:15:00,727.0,1379.8,2377.5,7701.6,33.6,34.7,739.0,973.1
2024-12-23 22:30:00,741.6,1404.6,2466.5,7701.6,33.6,34.7,592.0,1050.1
2024-12-23 22:45:00,686.3,1489.5,2437.2,7617.2,33.6,41.8,736.7,965.7
2024-12-23 23:00:00,820.2,1452.1,2452.2,7561.4,33.6,41.8,770.2,849.3
2024-12-23 23:15:00,791.0,1526.4,2604.6,7013.0,33.6,45.1,793.5,696.9
2024-12-23 23:30:00,545.4,1301.7,2665.4,6680.8,33.6,45.1,798.6,745.3
2024-12-23 23:45:00,332.1,710.3,1565.6,3906.8,27.7,21.8,524.1,337.5
2024-12-24 00:00:00,649.0,1585.1,2863.7,6236.0,33.6,48.5,998.4,947.0
2024-12-24 00:15:00,585.6,1597.0,2547.3,5749.2,33.6,43.3,839.0,1004.1
2024-12-24 00:30:00,593.7,1971.6,2617.4,4637.6,33.6,45.6,695.8,1109.7
2024-12-24 00:45:00,511.8,2090.8,3020.4,5647.0,33.6,42.8,451.4,998.5
2024-12-24 01:00:00,575.7,1933.6,2923.2,6497.8,33.6,42.2,594.3,786.6
2024-12-24 01:15:00,515.4,1907.7,2840.1,6512.9,33.6,41.7,614.2,703.8
2024-12-24 01:30:00,455.9,1758.2,2605.7,6298.3,33.6,40.8,739.7,925.5
2024-12-24 01:45:00,359.1,1332.2,2359.8,5674.1,33.6,36.5,749.5,946.8
2024-12-24 02:00:00,269.9,1250.3,2064.7,5026.1,33.6,33.8,744.4,956.3
2024-12-24 02:15:00,262.5,903.0,1753.3,3739.9,32.0,33.8,732.1,928.6
2024-12-24 02:30:00,194.5,700.6,1379.4,2822.7,25.0,33.8,747.0,755.2
2024-12-24 02:45:00,161.9,592.6,944.8,2092.5,17.5,32.8,591.7,795.3
2024-12-24 03:00:00,180.9,630.4,523.3,1540.8,17.5,28.5,601.4,835.4
2024-12-24 03:15:00,165.7,543.2,265.1,814.4,17.5,27.1,670.3,769.6
2024-12-24 03:30:00,168.9,521.9,126.9,303.8,17.5,27.1,692.0,626.8
2024-12-24 03:45:00,159.2,337.4,84.5,142.8,16.9,27.1,769.4,579.4
2024-12-24 04:00:00,164.6,257.0,21.4,29.3,3.1,27.1,611.3,476.3
2024-12-24 04:15:00,231.9,228.9,0.0,0.0,0.0,23.0,771.7,353.1
2024-12-24 04:30:00,303.1,264.3,138.5,0.0,0.0,14.9,656.5,406.4
2024-12-24 04:45:00,293.0,328.1,238.5,0.0,0.0,13.2,767.0,310.2
2024-12-24 05:00:00,214.2,324.2,257.0,0.0,0.0,12.0,854.5,312.6
2024-12-24 05:15:00,117.2,336.1,124.4,0.0,0.0,10.0,678.5,355.2
2024-12-24 05:30:00,207.6,351.9,96.8,0.0,0.0,10.0,717.9,291.8
2024-12-24 05:45:00,161.9,340.3,38.1,0.0,0.0,10.0,696.1,191.3
2024-12-24 06:00:00,155.6,304.9,16.7,0.0,0.0,10.0,747.5,79.1
2024-12-24 06:15:00,124.2,213.3,0.0,0.0,0.0,10.0,523.5,26.1
2024-12-24 06:30:00,219.8,70.6,25.1,0.0,0.0,9.4,286.2,33.2
2024-12-24 06:45:00,259.2,36.0,25.1,0.0,0.0,13.9,452.0,43.8
2024-12-24 07:00:00,230.8,197.4,46.2,0.0,7.0,13.9,304.0,36.1
2024-12-24 07:15:00,181.4,300.5,66.3,0.0,7.0,8.5,154.4,3.9
2024-12-24 07:30:00,125.8,316.0,50.2,0.0,7.0,6.9,153.1,13.6
2024-12-24 07:45:00,49.4,239.0,29.4,0.0,25.3,2.9,307.6,0.0
2024-12-24 08:00:00,76.2,134.9,29.1,0.0,25.3,0.0,460.7,0.0
2024-12-24 08:15:00,61.7,82.4,15.2,0.0,25.3,15.6,476.2,0.0
2024-12-24 08:30:00,61.7,210.4,0.0,0.0,25.3,22.2,587.7,0.0
2024-12-24 08:45:00,61.7,324.3,0.0,0.0,25.3,22.2,614.5,0.0
2024-12-24 09:00:00,12.3,438.2,0.0,0.0,25.3,22.2,594.1,0.0
2024-12-24 09:15:00,0.0,471.3,0.0,0.0,25.3,22.2,412.1,0.0
2024-12-24 09:30:00,19.4,362.3,0.0,0.0,25.3,22.2,442.2,3.2
2024-12-24 09:45:00,65.1,431.7,0.0,0.0,25.3,20.0,417.3,0.0
2024-12-24 10:00:00,46.5,284.7,34.7,0.0,8.9,9.5,586.0,0.0
2024-12-24 10:15:00,8.6,166.6,34.7,0.0,7.0,6.9,753.9,0.0
2024-12-24 10:30:00,0.0,236.0,11.8,0.0,7.0,6.9,921.4,0.0
2024-12-24 10:45:00,25.5,190.8,0.0,0.0,7.0,6.9,736.7,0.0
2024-12-24 11:00:00,119.1,512.2,36.5,0.0,0.7,10.1,609.6,129.4
2024-12-24 11:15:00,152.0,659.3,284.3,0.0,0.0,12.1,310.0,144.1
2024-12-24 11:30:00,221.2,791.7,339.4,0.0,0.0,9.9,157.0,151.4
2024-12-24 11:45:00,362.0,1021.5,359.0,0.0,0.0,11.5,326.8,125.5
2024-12-24 12:00:00,322.6,1115.3,339.4,73.0,0.0,9.9,616.4,165.1
2024-12-24 12:15:00,285.3,985.5,161.7,146.4,0.0,9.9,770.3,151.5
2024-12-24 12:30:00,386.7,818.1,168.8,146.4,0.0,16.6,678.7,152.0
2024-12-24 12:45:00,390.5,503.5,171.2,146.4,0.0,16.7,661.7,148.1
2024-12-24 13:00:00,385.5,589.2,294.1,119.2,0.0,16.6,798.4,79.8
2024-12-24 13:15:00,316.2,663.8,324.7,1.1,0.0,16.6,796.6,86.8
2024-12-24 13:30:00,264.0,629.3,222.0,0.0,0.0,16.6,850.0,64.4
2024-12-24 13:45:00,270.6,647.2,297.4,0.0,0.0,10.0,631.9,101.7
2024-12-24 14:00:00,224.6,837.3,329.4,0.0,0.0,13.3,850.1,214.5
2024-12-24 14:15:00,205.3,775.0,281.9,59.6,0.0,13.3,677.3,220.3
2024-12-24 14:30:00,175.1,671.1,174.9,59.6,0.0,14.0,759.1,242.1
2024-12-24 14:45:00,177.5,725.3,129.0,39.6,0.0,14.0,642.8,197.3
2024-12-24 15:00:00,150.9,587.7,138.8,0.0,0.0,14.0,589.7,280.0
2024-12-24 15:15:00,164.8,586.3,192.5,0.0,0.0,14.0,621.4,241.1
2024-12-24 15:30:00,363.5,537.7,148.5,0.0,0.0,14.0,764.8,175.6
2024-12-24 15:45:00,456.9,685.3,147.5,0.0,2.5,14.0,918.1,212.0
2024-12-24 16:00:00,317.5,728.2,63.4,0.0,2.5,17.4,973.3,190.9
2024-12-24 16:15:00,318.4,690.3,22.2,0.0,2.5,27.4,735.0,156.4
2024-12-24 16:30:00,340.7,571.4,27.9,0.0,2.5,31.7,757.9,164.9
2024-12-24 16:45:00,324.7,649.4,51.0,0.0,2.5,27.8,821.9,126.9
2024-12-24 17:00:00,271.5,910.2,86.9,0.0,2.5,30.9,912.9,131.2
2024-12-24 17:15:00,182.4,832.5,101.4,0.0,2.5,30.9,957.2,40.6
2024-12-24 17:30:00,290.2,650.4,118.6,0.0,2.5,29.8,954.9,36.3
2024-12-24 17:45:00,200.9,702.7,43.5,0.0,2.5,30.9,759.2,26.8
2024-12-24 18:00:00,122.2,593.7,25.5,0.0,4.2,37.6,742.0,0.0
2024-12-24 18:15:00,183.4,290.3,0.0,0.0,3.8,41.0,605.3,0.0
2024-12-24 18:30:00,157.4,269.2,0.0,0.0,1.7,41.7,599.3,14.1
2024-12-24 18:45:00,121.7,241.5,0.0,0.0,1.7,36.3,415.8,83.8
2024-12-24 19:00:00,81.2,120.3,43.6,0.0,1.7,31.6,298.9,77.9
2024-12-24 19:15:00,36.7,141.3,86.9,0.0,1.7,30.1,270.0,79.9
2024-12-24 19:30:00,24.0,153.7,86.9,0.0,1.7,30.5,303.1,77.9
2024-12-24 19:45:00,39.5,219.0,86.9,0.0,1.7,31.7,275.2,44.8
2024-12-24 20:00:00,51.1,279.4,86.9,0.0,1.7,24.0,271.2,0.0
2024-12-24 20:15:00,15.7,243.8,65.7,0.0,1.7,22.8,152.4,0.0
2024-12-24 20:30:00,0.0,191.9,43.3,0.0,1.7,24.7,375.7,0.0
2024-12-24 20:45:00,0.0,285.7,3.7,0.0,1.7,37.3,458.6,32.5
2024-12-24 21:00:00,218.6,443.6,74.4,0.0,1.7,47.1,638.5,32.5
2024-12-24 21:15:00,212.9,387.9,74.4,0.0,1.7,49.7,617.8,58.5
2024-12-24 21:30:00,183.6,281.0,65.3,0.0,7.9,49.7,484.0,117.5
2024-12-24 21:45:00,212.8,366.4,36.3,353.6,7.9,49.7,351.8,118.5
2024-12-24 22:00:00,591.2,849.1,1998.7,7911.3,27.2,67.1,306.2,442.4
2024-12-24 22:15:00,829.5,1131.8,2066.0,7884.5,27.2,67.1,284.8,481.4
2024-12-24 22:30:00,791.6,1161.7,2192.4,7956.7,27.2,67.1,307.3,604.0
2024-12-24 22:45:00,536.6,1049.8,2675.9,8030.4,27.2,67.1,495.5,689.5
2024-12-24 23:00:00,414.2,1317.3,3027.2,7750.3,27.2,57.3,616.0,826.9
2024-12-24 23:15:00,352.5,1446.3,2600.8,7427.6,27.2,51.4,801.7,689.3
2024-12-24 23:30:00,399.6,1419.6,2318.7,7149.7,17.2,46.7,845.3,561.4
2024-12-24 23:45:00,241.4,793.7,1369.4,4250.8,6.0,23.9,529.3,275.7
2024-12-25 00:00:00,690.5,1929.3,2801.6,5490.0,7.9,45.5,904.7,612.7
2024-12-25 00:15:00,645.0,1975.3,3041.0,4972.8,7.9,40.8,788.0,736.4
2024-12-25 00:30:00,644.8,2058.4,3038.9,4742.9,7.9,34.6,902.0,910.1
2024-12-25 00:45:00,760.1,1974.1,2912.9,5783.3,7.9,37.3,620.6,927.2
2024-12-25 01:00:00,510.9,1726.3,2932.7,6395.0,7.9,33.4,817.0,1171.7
2024-12-25 01:15:00,484.3,1677.6,2792.2,6195.9,13.8,30.5,913.1,1166.0
2024-12-25 01:30:00,290.3,1516.3,2625.7,5911.2,13.8,30.5,948.2,1163.4
2024-12-25 01:45:00,189.5,1381.4,2313.9,5414.5,13.8,30.5,867.8,1043.5
2024-12-25 02:00:00,302.9,1110.6,1978.0,4257.5,13.8,30.5,833.0,894.4
2024-12-25 02:15:00,307.1,941.6,1539.5,3356.6,13.8,30.5,789.2,731.7
2024-12-25 02:30:00,307.1,790.4,1049.7,2497.1,13.8,30.5,769.6,637.8
2024-12-25 02:45:00,343.3,837.7,447.4,1871.2,13.8,30.5,824.8,565.7
2024-12-25 03:00:00,310.0,817.9,177.2,1160.6,13.8,30.5,776.3,502.2
2024-12-25 03:15:00,317.5,756.4,78.1,367.8,13.8,24.1,947.1,423.3
2024-12-25 03:30:00,240.3,630.4,129.8,77.9,13.8,23.6,988.9,447.7
2024-12-25 03:45:00,204.5,573.4,141.5,42.9,13.8,23.6,711.0,432.5
2024-12-25 04:00:00,170.6,394.4,105.4,0.0,13.8,20.2,788.5,507.5
2024-12-25 04:15:00,225.9,380.2,106.6,0.0,13.8,3.4,801.6,489.2
2024-12-25 04:30:00,187.6,453.6,221.5,0.0,13.8,3.4,962.9,400.0
2024-12-25 04:45:00,180.3,463.6,288.6,0.0,13.8,3.4,903.7,290.8
2024-12-25 05:00:00,239.8,482.8,214.4,0.0,13.8,3.4,793.4,341.2
2024-12-25 05:15:00,247.4,432.6,168.9,0.0,13.8,3.4,801.7,383.9
2024-12-25 05:30:00,409.3,334.2,126.6,0.0,13.8,3.4,731.0,323.8
2024-12-25 05:45:00,297.0,177.3,118.3,0.0,11.2,3.4,479.2,194.1
2024-12-25 06:00:00,241.3,181.1,55.3,0.0,1.4,3.4,303.6,128.2
2024-12-25 06:15:00,165.5,160.5,68.8,0.0,0.0,3.4,153.3,152.6
2024-12-25 06:30:00,217.1,208.7,79.0,0.0,0.0,3.4,84.3,64.1
2024-12-25 06:45:00,100.4,155.2,97.0,0.0,0.0,3.4,303.8,20.7
2024-12-25 07:00:00,124.4,173.4,24.3,0.0,0.0,10.1,609.9,66.8
2024-12-25 07:15:00,85.6,205.9,13.1,0.0,0.0,10.1,731.9,43.2
2024-12-25 07:30:00,107.1,237.8,0.0,0.0,0.0,10.1,610.4,32.2
2024-12-25 07:45:00,25.4,249.7,19.5,0.0,0.0,12.8,422.4,78.0
2024-12-25 08:00:00,0.0,226.3,6.5,0.0,0.0,9.0,478.4,63.5
2024-12-25 08:15:00,0.0,216.1,0.0,0.0,0.0,12.8,583.3,31.5
2024-12-25 08:30:00,0.0,311.8,0.0,0.0,0.0,12.8,547.4,29.2
2024-12-25 08:45:00,28.0,362.7,0.0,0.0,0.0,12.8,455.2,0.0
2024-12-25 09:00:00,16.8,333.7,21.3,0.0,0.0,12.8,612.5,0.0
2024-12-25 09:15:00,0.0,236.1,21.3,0.0,0.0,12.8,380.9,25.4
2024-12-25 09:30:00,0.0,188.3,21.3,0.0,0.0,11.3,429.9,25.4
2024-12-25 09:45:00,54.2,265.9,0.1,0.0,0.0,17.0,309.6,25.4
2024-12-25 10:00:00,54.2,275.2,0.0,0.0,0.0,23.4,443.5,9.5
2024-12-25 10:15:00,97.9,316.1,0.0,0.0,0.0,23.4,320.7,0.0
2024-12-25 10:30:00,97.9,438.5,51.9,0.0,0.0,20.4,289.7,0.0
2024-12-25 10:45:00,90.8,481.2,51.9,0.0,0.0,23.0,394.6,0.0
2024-12-25 11:00:00,355.6,642.7,379.7,0.0,0.0,23.0,310.6,108.1
2024-12-25 11:15:00,333.5,753.9,556.7,0.0,0.0,23.0,463.6,142.8
2024-12-25 11:30:00,281.4,1035.8,532.7,0.0,0.0,23.0,547.5,159.1
2024-12-25 11:45:00,202.0,1118.9,245.1,0.0,0.0,23.0,615.0,292.9
2024-12-25 12:00:00,138.9,1151.2,176.7,0.0,0.0,23.0,704.6,289.5
2024-12-25 12:15:00,117.4,906.6,159.7,145.4,0.0,23.0,635.5,250.2
2024-12-25 12:30:00,151.9,629.9,152.6,145.4,0.0,23.0,611.4,281.7
2024-12-25 12:45:00,193.0,467.8,160.0,145.4,0.0,23.0,515.0,217.8
2024-12-25 13:00:00,107.5,465.2,151.8,145.4,0.0,23.0,471.4,278.3
2024-12-25 13:15:00,179.1,353.3,129.7,121.0,0.0,23.0,646.8,292.5
2024-12-25 13:30:00,186.2,466.7,179.9,0.0,0.0,17.9,617.7,231.9
2024-12-25 13:45:00,221.6,555.7,229.8,0.0,0.0,16.2,618.2,225.2
2024-12-25 14:00:00,193.5,685.7,249.2,0.0,0.0,16.2,419.5,213.7
2024-12-25 14:15:00,197.9,754.8,224.6,0.0,0.0,13.1,534.4,205.5
2024-12-25 14:30:00,280.2,901.3,169.2,0.0,0.0,9.8,656.4,250.6
2024-12-25 14:45:00,259.6,943.6,47.8,0.0,0.0,9.8,923.1,241.9
2024-12-25 15:00:00,304.0,796.7,129.2,0.0,18.2,9.8,968.4,362.1
2024-12-25 15:15:00,314.9,648.7,93.0,0.0,18.2,5.0,990.4,365.0
2024-12-25 15:30:00,247.1,619.9,151.8,0.0,18.9,6.6,965.6,373.8
2024-12-25 15:45:00,380.3,659.0,137.5,0.0,2.5,9.8,774.7,351.9
2024-12-25 16:00:00,502.5,636.9,171.7,0.0,2.5,9.8,611.7,353.9
2024-12-25 16:15:00,479.6,461.3,93.7,0.0,2.5,7.6,616.3,279.7
2024-12-25 16:30:00,334.7,380.7,48.5,0.0,2.5,6.8,666.6,388.4
2024-12-25 16:45:00,439.9,327.4,101.1,0.0,2.5,6.8,818.8,232.5
2024-12-25 17:00:00,469.5,387.5,150.6,0.0,2.5,7.8,806.8,241.7
2024-12-25 17:15:00,390.8,397.8,143.2,0.0,2.5,7.8,774.5,160.8
2024-12-25 17:30:00,454.5,333.2,128.3,0.0,2.5,7.8,858.8,191.0
2024-12-25 17:45:00,347.7,306.0,48.4,0.0,2.5,7.8,826.7,92.9
2024-12-25 18:00:00,236.2,278.6,26.7,0.0,1.3,7.8,759.1,12.3
2024-12-25 18:15:00,192.5,357.4,0.0,0.0,0.0,14.2,801.6,28.8
2024-12-25 18:30:00,181.3,237.5,0.0,0.0,0.0,31.0,684.3,28.8
2024-12-25 18:45:00,52.1,165.7,43.6,0.0,0.0,34.3,804.1,28.8
2024-12-25 19:00:00,37.6,171.4,137.7,0.0,0.0,35.5,766.0,44.2
2024-12-25 19:15:00,25.3,179.2,111.2,0.0,0.0,39.7,583.7,65.7
2024-12-25 19:30:00,35.2,202.1,156.1,0.0,0.0,38.1,626.0,53.7
2024-12-25 19:45:00,47.7,227.7,88.0,0.0,0.0,41.1,533.3,31.5
2024-12-25 20:00:00,92.9,196.4,129.9,0.0,19.5,41.6,666.6,112.6
2024-12-25 20:15:00,92.9,200.9,65.4,0.0,19.5,41.6,738.7,112.6
2024-12-25 20:30:00,123.9,107.7,34.4,0.0,19.5,41.6,355.6,24.8
2024-12-25 20:45:00,150.8,216.0,0.0,0.0,12.2,45.5,203.0,0.0
2024-12-25 21:00:00,216.3,379.2,121.8,0.0,5.9,56.3,152.3,128.6
2024-12-25 21:15:00,257.9,556.9,226.6,0.0,5.9,55.1,51.4,128.6
2024-12-25 21:30:00,259.2,543.8,224.9,0.0,5.9,54.0,0.0,178.2
2024-12-25 21:45:00,364.1,521.7,160.8,289.1,5.9,49.9,0.0,205.3
2024-12-25 22:00:00,551.4,1132.3,2190.7,7529.8,44.0,78.6,306.8,700.8
2024-12-25 22:15:00,562.5,1360.3,2312.7,7587.5,44.0,75.1,611.0,844.1
2024-12-25 22:30:00,746.3,1541.2,2311.4,7688.3,44.0,87.4,504.3,869.4
2024-12-25 22:45:00,567.4,1777.9,2744.4,7875.4,44.0,90.8,435.9,649.1
2024-12-25 23:00:00,718.2,1754.4,2660.5,7537.1,44.0,90.8,605.0,601.6
2024-12-25 23:15:00,752.1,1798.9,2479.2,6960.0,44.0,90.8,645.6,578.9
2024-12-25 23:30:00,626.3,1606.0,2777.6,6365.6,28.3,90.8,482.4,631.3
2024-12-25 23:45:00,365.0,702.6,1013.1,3667.2,18.8,54.7,223.1,199.1
2024-12-26 00:00:00,539.6,1737.9,2785.7,5145.0,24.8,90.8,665.4,833.2
2024-12-26 00:15:00,544.0,1932.2,2871.4,4857.0,24.8,87.7,783.6,1055.6
2024-12-26 00:30:00,492.4,1997.8,2699.8,4599.5,24.8,86.1,826.7,1040.3
2024-12-26 00:45:00,518.8,2028.7,2797.5,5762.8,24.8,85.7,549.2,1109.8
2024-12-26 01:00:00,446.9,1979.6,2766.9,6419.9,24.8,77.6,367.1,916.5
2024-12-26 01:15:00,522.8,1723.2,2680.8,6284.4,24.8,69.2,458.3,1144.7
2024-12-26 01:30:00,460.1,1487.9,2372.6,5878.7,24.8,65.7,542.7,962.1
2024-12-26 01:45:00,552.2,1237.6,2131.0,5225.0,24.8,60.3,622.5,1002.4
2024-12-26 02:00:00,408.9,1220.7,1753.7,4445.9,24.8,59.4,428.5,890.9
2024-12-26 02:15:00,288.4,884.5,1382.1,2951.5,24.8,50.0,367.9,738.3
2024-12-26 02:30:00,200.1,755.8,998.1,2056.6,24.8,43.8,474.8,681.0
2024-12-26 02:45:00,242.4,697.4,716.3,1435.9,24.8,37.1,568.5,581.9
2024-12-26 03:00:00,195.6,715.0,433.0,529.7,23.7,28.5,688.2,551.5
2024-12-26 03:15:00,153.8,674.7,281.4,259.9,18.7,28.5,717.8,645.8
2024-12-26 03:30:00,85.3,567.4,166.7,57.4,14.2,28.5,665.4,632.6
2024-12-26 03:45:00,43.2,613.5,103.1,6.7,11.1,27.5,702.6,554.9
2024-12-26 04:00:00,90.1,574.1,116.8,0.0,6.4,18.7,696.6,521.2
2024-12-26 04:15:00,124.3,463.5,62.5,0.0,6.4,18.1,696.4,462.0
2024-12-26 04:30:00,180.5,443.0,113.5,0.0,6.4,18.1,594.5,418.1
2024-12-26 04:45:00,114.4,360.2,245.0,0.0,6.4,18.1,741.6,450.1
2024-12-26 05:00:00,217.5,482.3,250.3,0.0,6.4,14.5,854.3,438.2
2024-12-26 05:15:00,218.6,413.6,145.3,0.0,6.4,14.5,870.3,338.9
2024-12-26 05:30:00,243.1,354.8,103.3,0.0,1.5,8.5,846.3,214.7
2024-12-26 05:45:00,111.9,291.0,77.1,0.0,0.0,7.7,901.3,79.1
2024-12-26 06:00:00,35.6,116.7,90.2,0.0,0.0,2.8,846.7,35.1
2024-12-26 06:15:00,17.8,152.7,66.4,0.0,0.0,1.0,910.7,8.5
2024-12-26 06:30:00,70.1,188.5,66.4,0.0,0.0,1.0,552.2,0.0
2024-12-26 06:45:00,150.2,250.9,54.4,0.0,0.0,1.0,312.7,19.8
2024-12-26 07:00:00,140.5,435.0,60.7,0.0,0.0,1.0,446.0,28.5
2024-12-26 07:15:00,74.2,356.9,42.2,0.0,0.0,1.0,646.2,3.7
2024-12-26 07:30:00,100.0,424.8,22.0,0.0,0.0,1.0,405.6,18.4
2024-12-26 07:45:00,140.0,316.3,16.4,0.0,0.0,1.0,306.9,5.6
2024-12-26 08:00:00,88.8,181.4,1.6,0.0,0.0,1.0,133.0,0.0
2024-12-26 08:15:00,9.7,185.9,0.0,0.0,0.0,3.7,305.8,0.0
2024-12-26 08:30:00,0.0,257.2,0.0,0.0,0.0,3.7,453.6,0.0
2024-12-26 08:45:00,78.6,214.3,63.6,0.0,0.0,5.8,310.7,0.0
2024-12-26 09:00:00,78.6,242.1,63.6,0.0,0.0,5.8,0.0,7.0
2024-12-26 09:15:00,103.4,360.9,33.4,0.0,0.0,12.7,152.0,5.4
2024-12-26 09:30:00,143.1,287.2,23.9,0.0,0.0,12.7,152.0,36.8
2024-12-26 09:45:00,70.8,272.0,0.0,0.0,0.0,12.7,432.5,13.6
2024-12-26 10:00:00,55.4,306.6,0.0,0.0,0.0,12.5,462.1,0.0
2024-12-26 10:15:00,36.9,284.9,0.0,0.0,0.0,10.0,769.0,0.0
2024-12-26 10:30:00,0.0,277.7,0.0,0.0,0.0,16.8,594.4,0.0
2024-12-26 10:45:00,0.0,254.9,0.0,0.0,0.0,16.8,560.3,0.0
2024-12-26 11:00:00,185.6,738.5,337.8,0.0,0.0,22.2,432.8,125.1
2024-12-26 11:15:00,257.4,802.8,601.4,0.0,0.0,22.2,609.3,184.0
2024-12-26 11:30:00,207.5,920.8,478.9,0.0,0.0,22.2,429.4,157.0
2024-12-26 11:45:00,312.7,995.6,340.5,0.0,0.0,22.2,253.7,138.6
2024-12-26 12:00:00,295.2,1025.8,203.6,0.0,0.0,22.2,307.8,84.8
2024-12-26 12:15:00,556.4,1019.3,417.8,72.8,0.0,13.5,614.8,152.0
2024-12-26 12:30:00,551.6,951.4,337.5,145.2,0.0,13.3,736.9,153.2
2024-12-26 12:45:00,549.8,847.3,251.1,145.2,0.0,12.6,426.1,144.4
2024-12-26 13:00:00,425.1,739.5,109.5,145.2,0.0,12.2,451.7,195.3
2024-12-26 13:15:00,242.8,682.3,74.6,111.0,0.0,12.2,616.6,175.4
2024-12-26 13:30:00,144.2,633.6,302.6,33.1,0.0,12.2,743.8,193.2
2024-12-26 13:45:00,168.2,635.9,279.7,0.0,0.0,12.2,886.7,240.6
2024-12-26 14:00:00,183.2,566.8,191.0,0.0,0.0,12.2,794.9,266.6
2024-12-26 14:15:00,313.9,509.8,84.2,0.0,0.0,12.2,606.9,272.8
2024-12-26 14:30:00,365.3,627.0,84.6,41.2,0.0,11.8,616.3,216.0
2024-12-26 14:45:00,337.3,739.5,72.0,41.2,0.0,11.5,675.2,215.1
2024-12-26 15:00:00,513.0,828.3,48.2,41.2,0.0,11.5,766.6,270.3
2024-12-26 15:15:00,454.6,861.0,172.1,7.2,0.0,11.5,658.2,231.1
2024-12-26 15:30:00,381.4,735.5,154.5,0.0,0.0,11.5,637.6,274.4
2024-12-26 15:45:00,324.3,660.3,142.9,0.0,0.0,6.3,783.2,238.2
2024-12-26 16:00:00,200.6,410.3,118.5,0.0,2.5,9.4,788.5,264.7
2024-12-26 16:15:00,221.7,585.4,180.7,0.0,2.5,9.4,905.5,328.0
2024-12-26 16:30:00,205.2,529.8,126.3,0.0,2.5,9.4,872.9,362.2
2024-12-26 16:45:00,319.2,358.8,157.8,0.0,2.5,10.5,953.9,333.0
2024-12-26 17:00:00,257.4,279.8,106.7,0.0,2.5,10.5,1033.0,377.2
2024-12-26 17:15:00,262.6,349.0,133.5,0.0,2.5,6.4,905.8,246.3
2024-12-26 17:30:00,91.9,350.6,235.7,0.0,20.7,7.8,858.1,185.7
2024-12-26 17:45:00,130.0,416.8,181.5,0.0,20.7,14.3,762.7,111.7
2024-12-26 18:00:00,59.3,262.6,104.1,0.0,20.7,17.2,832.4,64.4
2024-12-26 18:15:00,129.6,231.0,68.9,0.0,16.8,22.0,909.6,31.6
2024-12-26 18:30:00,163.1,234.4,29.6,0.0,2.5,25.2,772.3,57.8
2024-12-26 18:45:00,104.9,339.8,50.3,0.0,0.6,30.8,781.1,33.1
2024-12-26 19:00:00,108.8,433.9,93.8,0.0,0.0,38.4,756.3,26.2
2024-12-26 19:15:00,108.8,330.7,86.9,0.0,0.0,38.4,692.3,8.5
2024-12-26 19:30:00,145.7,247.3,86.9,0.0,0.0,38.4,704.3,0.0
2024-12-26 19:45:00,79.1,197.0,101.3,0.0,0.0,47.1,704.9,43.7
2024-12-26 20:00:00,72.7,290.7,86.9,0.0,0.0,38.5,572.8,43.7
2024-12-26 20:15:00,64.4,206.4,75.6,0.0,0.0,38.3,514.8,32.9
2024-12-26 20:30:00,66.1,183.0,31.7,0.0,0.0,41.5,203.0,17.3
2024-12-26 20:45:00,82.9,51.0,4.8,0.0,0.0,44.6,306.9,36.3
2024-12-26 21:00:00,198.6,354.5,91.2,0.0,0.0,41.0,613.8,123.6
2024-12-26 21:15:00,196.4,439.9,140.4,0.0,0.0,41.0,549.8,129.5
2024-12-26 21:30:00,250.2,375.7,144.8,0.0,0.0,40.0,368.3,94.2
2024-12-26 21:45:00,324.9,519.4,140.4,289.1,0.0,44.6,304.2,98.4
2024-12-26 22:00:00,556.7,850.6,2183.0,7476.3,11.6,70.6,397.4,173.9
2024-12-26 22:15:00,549.5,978.6,2284.5,7553.9,11.6,66.6,256.7,358.1
2024-12-26 22:30:00,684.4,1105.0,2245.2,7683.8,31.3,64.1,289.8,606.7
2024-12-26 22:45:00,681.0,1318.3,2447.6,7820.5,31.3,64.1,307.8,790.3
2024-12-26 23:00:00,698.8,1527.1,2575.5,7696.0,31.3,64.1,294.1,896.4
2024-12-26 23:15:00,590.5,1561.7,2444.9,7565.2,31.3,74.5,307.7,1016.9
2024-12-26 23:30:00,714.9,1552.5,2755.8,7251.2,31.3,71.4,180.4,934.5
2024-12-26 23:45:00,341.0,768.3,1647.0,3757.5,22.6,39.5,82.3,511.8
2024-12-27 00:00:00,763.3,1822.7,2690.3,5994.4,31.3,68.0,198.9,1057.0
2024-12-27 00:15:00,708.2,1980.5,2405.2,5325.4,31.3,65.2,154.1,982.4
2024-12-27 00:30:00,542.5,2128.9,2533.7,5627.4,25.9,59.1,454.1,1001.5
2024-12-27 00:45:00,567.1,2044.9,3015.4,5868.3,19.7,53.4,605.7,1180.6
2024-12-27 01:00:00,419.5,1880.5,2979.8,6337.9,19.7,50.1,844.4,1069.5
2024-12-27 01:15:00,532.6,1633.1,2935.2,5969.8,19.7,50.1,796.7,993.3
2024-12-27 01:30:00,591.5,1386.2,2673.8,5761.2,19.7,50.1,903.5,840.5
2024-12-27 01:45:00,571.0,1201.3,2307.9,5117.3,19.7,50.1,781.6,846.6
2024-12-27 02:00:00,450.1,952.7,2082.1,3912.2,19.7,50.1,799.6,759.2
2024-12-27 02:15:00,204.3,958.6,1640.2,3018.2,8.9,50.1,610.3,777.3
2024-12-27 02:30:00,149.2,871.2,1220.2,2314.6,6.4,50.1,838.5,850.3
2024-12-27 02:45:00,108.9,673.0,873.1,1509.8,6.4,45.7,879.2,835.1
2024-12-27 03:00:00,199.6,548.8,445.0,969.5,6.4,37.7,835.3,767.4
2024-12-27 03:15:00,213.2,623.8,132.2,412.6,6.4,36.3,796.2,523.2
2024-12-27 03:30:00,308.5,429.9,45.8,147.1,6.4,27.1,742.9,575.0
2024-12-27 03:45:00,269.4,401.6,45.5,42.3,6.4,20.1,922.8,585.9
2024-12-27 04:00:00,185.8,367.2,105.6,0.0,6.4,16.4,950.1,764.1
2024-12-27 04:15:00,143.6,424.1,134.8,0.0,6.4,16.4,824.0,727.3
2024-12-27 04:30:00,116.7,548.0,139.7,0.0,6.4,10.4,776.2,582.6
2024-12-27 04:45:00,99.9,563.7,254.7,0.0,6.4,9.2,706.6,393.1
2024-12-27 05:00:00,198.2,560.0,290.2,0.0,2.8,8.5,771.1,320.5
2024-12-27 05:15:00,164.2,419.7,286.2,0.0,0.0,8.5,808.7,249.3
2024-12-27 05:30:00,291.9,359.0,126.0,0.0,0.0,8.5,772.7,164.5
2024-12-27 05:45:00,258.7,302.8,50.0,0.0,0.0,8.5,769.7,138.9
2024-12-27 06:00:00,228.9,251.0,16.4,0.0,0.0,8.5,843.1,80.8
2024-12-27 06:15:00,145.0,139.1,0.0,0.0,0.0,8.5,860.2,48.3
2024-12-27 06:30:00,134.3,139.3,24.2,0.0,0.0,8.5,780.5,46.0
2024-12-27 06:45:00,93.1,66.7,89.3,0.0,0.0,8.5,643.3,68.5
2024-12-27 07:00:00,75.8,352.3,80.4,0.0,0.0,6.2,802.7,67.0
2024-12-27 07:15:00,193.0,352.3,42.9,0.0,0.0,5.2,652.4,41.3
2024-12-27 07:30:00,184.8,345.7,0.0,0.0,0.0,2.8,529.1,20.9
2024-12-27 07:45:00,87.4,316.1,0.0,0.0,0.0,0.0,300.6,0.0
2024-12-27 08:00:00,102.2,291.7,46.8,0.0,0.0,0.0,465.7,0.0
2024-12-27 08:15:00,80.4,280.2,46.8,0.0,0.0,0.0,516.7,105.5
2024-12-27 08:30:00,36.8,358.6,31.7,0.0,0.0,0.0,617.5,97.5
2024-12-27 08:45:00,72.7,490.8,0.0,0.0,0.0,0.0,354.3,84.8
2024-12-27 09:00:00,53.1,523.8,0.0,0.0,0.0,6.8,265.8,77.9
2024-12-27 09:15:00,59.4,407.4,0.0,0.0,17.3,13.9,460.2,137.4
2024-12-27 09:30:00,52.3,238.2,0.0,0.0,12.7,20.4,424.3,67.1
2024-12-27 09:45:00,45.3,205.7,10.8,0.0,0.0,20.4,235.7,60.9
2024-12-27 10:00:00,0.0,179.1,0.0,0.0,0.0,20.4,184.2,0.0
2024-12-27 10:15:00,0.0,233.5,26.1,0.0,0.0,20.4,309.7,0.0
2024-12-27 10:30:00,59.4,251.2,16.3,0.0,0.0,20.4,617.3,0.0
2024-12-27 10:45:00,80.1,311.7,0.0,0.0,0.0,20.4,784.0,0.0
2024-12-27 11:00:00,172.1,690.8,291.2,0.0,0.0,20.4,927.2,72.4
2024-12-27 11:15:00,207.3,655.4,271.7,0.0,0.0,27.0,870.8,132.2
2024-12-27 11:30:00,221.8,954.0,316.8,0.0,0.0,23.9,868.9,152.8
2024-12-27 11:45:00,304.4,1010.8,259.3,0.0,0.0,20.4,592.0,194.3
2024-12-27 12:00:00,464.2,984.3,188.7,0.0,0.0,20.4,566.6,213.7
2024-12-27 12:15:00,407.5,830.0,80.6,0.0,0.0,20.4,461.7,221.9
2024-12-27 12:30:00,332.8,704.4,195.8,0.0,7.0,20.4,610.5,276.5
2024-12-27 12:45:00,192.7,493.6,208.3,141.1,7.0,20.9,697.3,259.8
2024-12-27 13:00:00,192.5,484.2,178.0,141.1,7.0,20.9,487.6,85.8
2024-12-27 13:15:00,209.7,771.3,209.8,141.1,7.0,15.2,771.1,129.6
2024-12-27 13:30:00,238.8,712.1,128.9,141.1,7.0,14.0,823.4,115.7
2024-12-27 13:45:00,296.5,666.1,167.9,141.1,7.0,14.0,710.0,158.9
2024-12-27 14:00:00,225.3,868.1,124.8,133.0,7.0,10.7,599.7,199.3
2024-12-27 14:15:00,166.1,764.8,147.3,38.9,7.0,7.5,487.6,172.4
2024-12-27 14:30:00,192.9,560.8,259.0,0.0,7.0,6.9,772.3,98.5
2024-12-27 14:45:00,233.0,452.0,120.3,0.0,7.0,0.4,618.2,254.6
2024-12-27 15:00:00,250.9,346.6,0.0,0.0,7.0,0.4,397.2,376.7
2024-12-27 15:15:00,271.4,482.5,0.0,0.0,0.3,0.4,181.9,416.3
2024-12-27 15:30:00,338.0,499.9,0.0,0.0,2.4,0.4,460.7,388.1
2024-12-27 15:45:00,439.0,394.6,0.0,0.0,2.4,0.4,764.7,329.6
2024-12-27 16:00:00,639.7,527.7,104.5,0.0,2.4,0.4,788.5,367.4
2024-12-27 16:15:00,606.4,382.5,110.0,0.0,2.4,0.4,765.2,356.0
2024-12-27 16:30:00,506.0,430.1,96.7,0.0,2.4,6.4,791.7,247.5
2024-12-27 16:45:00,520.7,400.4,36.3,0.0,2.4,7.4,949.2,144.7
2024-12-27 17:00:00,541.2,573.9,35.1,0.0,2.4,5.2,901.1,71.9
2024-12-27 17:15:00,488.6,525.2,35.1,0.0,2.4,7.2,879.1,113.2
2024-12-27 17:30:00,411.9,500.8,32.7,0.0,2.4,10.4,697.8,84.2
2024-12-27 17:45:00,287.2,565.2,33.1,0.0,2.4,10.4,799.3,22.9
2024-12-27 18:00:00,180.9,531.2,11.5,0.0,2.4,19.1,800.6,0.0
2024-12-27 18:15:00,78.3,569.3,0.0,0.0,4.2,20.5,909.1,45.8
2024-12-27 18:30:00,130.0,305.1,43.4,0.0,3.7,29.8,823.5,45.8
2024-12-27 18:45:00,89.6,370.4,86.8,0.0,4.1,36.2,847.8,9.6
2024-12-27 19:00:00,108.2,401.0,86.8,0.0,3.7,33.3,615.3,0.0
2024-12-27 19:15:00,68.3,346.5,120.2,0.0,3.7,43.2,504.5,0.0
2024-12-27 19:30:00,45.4,238.6,120.2,0.0,3.7,47.9,313.3,0.0
2024-12-27 19:45:00,80.2,212.1,85.0,0.0,3.7,41.5,500.3,0.0
2024-12-27 20:00:00,115.5,198.4,43.4,0.0,3.7,36.4,763.6,0.0
2024-12-27 20:15:00,34.6,158.4,28.6,0.0,3.7,32.9,791.7,0.0
2024-12-27 20:30:00,18.7,121.6,0.0,0.0,9.9,32.4,624.0,0.0
2024-12-27 20:45:00,7.5,136.3,0.0,0.0,9.9,36.9,669.9,0.0
2024-12-27 21:00:00,150.7,165.0,53.4,0.0,9.9,35.8,785.0,60.5
2024-12-27 21:15:00,330.7,248.8,191.7,0.0,9.9,35.8,790.9,46.5
2024-12-27 21:30:00,356.0,299.5,185.7,144.4,9.9,47.9,876.8,50.4
2024-12-27 21:45:00,314.5,374.4,142.5,1096.3,9.9,52.4,797.8,50.4
2024-12-27 22:00:00,786.3,740.9,2136.0,7732.6,31.0,69.5,889.3,476.5
2024-12-27 22:15:00,944.4,859.9,2225.8,7717.9,42.6,69.5,955.6,548.9
2024-12-27 22:30:00,1002.7,1042.7,2266.4,7818.1,42.6,69.5,821.2,660.7
2024-12-27 22:45:00,1097.0,1147.8,2318.0,7965.8,42.6,69.5,774.7,737.5
2024-12-27 23:00:00,1061.1,1117.3,2745.3,7841.2,42.6,69.5,639.1,474.7
2024-12-27 23:15:00,799.4,1210.2,2489.5,7554.3,42.6,72.6,583.9,682.9
2024-12-27 23:30:00,504.2,1659.7,2212.2,7296.9,42.6,71.7,257.4,875.7
2024-12-27 23:45:00,179.6,735.6,1336.3,4084.8,27.6,36.7,243.9,497.7
2024-12-28 00:00:00,520.7,1902.6,2931.9,5845.7,42.6,68.5,623.1,1081.4
2024-12-28 00:15:00,646.5,2090.1,2850.5,5171.2,39.3,65.0,739.5,925.4
2024-12-28 00:30:00,835.5,2055.7,2947.5,5308.2,37.5,63.8,781.9,928.1
2024-12-28 00:45:00,691.1,2178.4,2945.8,5601.1,37.5,63.8,582.9,1053.7
2024-12-28 01:00:00,726.5,1942.2,2879.9,6071.8,41.8,63.8,609.2,1175.1
2024-12-28 01:15:00,760.5,1655.5,2713.6,6044.4,41.8,63.8,765.6,1277.5
2024-12-28 01:30:00,731.2,1645.4,2543.3,5797.6,41.8,63.0,862.7,1181.2
2024-12-28 01:45:00,585.2,1498.6,2307.9,5251.1,41.8,60.7,699.1,1201.3
2024-12-28 02:00:00,347.0,1187.5,2070.1,4583.7,39.7,56.7,710.8,1083.8
2024-12-28 02:15:00,158.2,1217.3,1812.3,3223.5,35.6,52.3,592.6,1088.3
2024-12-28 02:30:00,212.8,1104.2,1296.9,2384.5,27.8,51.4,691.3,1020.3
2024-12-28 02:45:00,104.1,833.5,984.6,1633.1,27.8,54.8,746.9,869.2
2024-12-28 03:00:00,207.8,861.9,472.2,938.3,27.8,48.3,769.7,738.3
2024-12-28 03:15:00,218.4,833.7,286.1,538.4,27.8,43.2,616.8,716.4
2024-12-28 03:30:00,218.4,859.0,276.1,209.0,23.0,42.5,597.5,694.3
2024-12-28 03:45:00,131.4,716.8,230.0,60.0,30.6,35.6,599.3,633.7
2024-12-28 04:00:00,96.7,690.6,165.0,59.9,30.6,29.5,734.4,565.8
2024-12-28 04:15:00,121.8,595.6,108.2,0.0,22.6,29.5,618.3,500.6
2024-12-28 04:30:00,192.6,501.5,214.3,0.0,21.6,29.5,737.8,523.0
2024-12-28 04:45:00,226.7,503.9,257.6,0.0,21.6,26.6,765.7,583.1
2024-12-28 05:00:00,218.3,612.4,250.4,0.0,8.8,22.4,730.2,461.7
2024-12-28 05:15:00,356.3,578.7,149.5,0.0,0.8,22.4,550.0,530.7
2024-12-28 05:30:00,471.9,488.2,82.5,0.0,0.0,22.4,461.6,393.4
2024-12-28 05:45:00,338.0,402.7,127.2,0.0,0.0,22.4,574.4,243.2
2024-12-28 06:00:00,221.3,392.2,128.5,0.0,19.4,22.4,757.3,181.9
2024-12-28 06:15:00,198.8,409.4,88.6,0.0,19.4,22.4,900.7,144.5
2024-12-28 06:30:00,93.8,467.5,79.4,0.0,7.6,22.4,787.7,164.3
2024-12-28 06:45:00,83.8,616.0,50.4,0.0,0.0,22.4,755.6,148.5
2024-12-28 07:00:00,137.7,586.4,38.5,0.0,0.0,22.4,772.2,102.4
2024-12-28 07:15:00,190.3,594.1,103.9,0.0,0.0,22.4,710.0,38.2
2024-12-28 07:30:00,250.3,563.6,143.3,0.0,0.0,17.2,634.6,26.5
2024-12-28 07:45:00,244.0,476.0,61.9,0.0,0.0,15.7,464.7,26.5
2024-12-28 08:00:00,176.0,313.7,48.2,0.0,0.0,15.7,491.5,26.5
2024-12-28 08:15:00,120.7,176.6,42.7,0.0,0.0,10.1,504.1,26.1
2024-12-28 08:30:00,118.8,291.4,47.5,0.0,0.0,12.1,612.5,17.1
2024-12-28 08:45:00,63.6,317.4,47.5,0.0,0.0,10.2,830.9,29.5
2024-12-28 09:00:00,63.6,443.7,39.1,0.0,0.0,13.3,784.8,12.5
2024-12-28 09:15:00,164.3,442.1,37.0,0.0,0.0,13.3,907.0,11.4
2024-12-28 09:30:00,184.0,368.1,69.6,0.0,0.0,32.6,896.9,0.0
2024-12-28 09:45:00,197.3,265.6,67.7,35.6,0.0,32.6,870.4,12.3
2024-12-28 10:00:00,156.2,280.5,0.0,35.6,0.0,32.6,852.0,63.4
2024-12-28 10:15:00,100.3,224.5,25.3,35.6,0.0,30.3,738.1,77.3
2024-12-28 10:30:00,48.6,195.2,74.5,35.6,0.0,35.9,665.1,33.4
2024-12-28 10:45:00,75.4,301.0,74.5,38.4,0.0,42.7,769.6,4.4
2024-12-28 11:00:00,266.2,484.7,358.9,88.8,0.0,42.7,577.9,267.5
2024-12-28 11:15:00,244.2,752.5,446.5,147.1,0.0,36.8,614.5,334.4
2024-12-28 11:30:00,328.8,809.6,421.1,147.1,0.0,42.8,480.4,270.9
2024-12-28 11:45:00,291.4,714.4,337.9,147.1,0.0,42.8,747.5,224.8
2024-12-28 12:00:00,186.9,621.9,338.2,147.1,0.0,41.8,604.6,143.7
2024-12-28 12:15:00,160.8,588.5,390.2,147.1,0.0,43.1,688.5,182.5
2024-12-28 12:30:00,300.4,680.2,392.7,86.2,0.0,48.7,606.9,156.7
2024-12-28 12:45:00,443.5,620.9,304.7,71.2,0.0,46.8,770.0,136.1
2024-12-28 13:00:00,535.5,613.8,235.2,71.2,0.0,49.7,827.6,29.4
2024-12-28 13:15:00,493.5,704.7,203.6,71.2,2.2,49.9,794.3,45.7
2024-12-28 13:30:00,430.9,618.3,220.6,71.2,2.2,47.9,767.1,107.0
2024-12-28 13:45:00,462.8,546.0,120.3,71.2,2.2,53.2,809.4,122.4
2024-12-28 14:00:00,406.6,475.5,102.1,71.2,2.2,62.6,944.9,137.0
2024-12-28 14:15:00,299.4,362.9,61.5,38.2,2.2,56.8,852.5,159.5
2024-12-28 14:30:00,178.0,436.0,83.8,0.0,2.2,50.5,822.4,107.6
2024-12-28 14:45:00,243.5,418.6,74.2,0.0,2.2,42.9,606.1,142.7
2024-12-28 15:00:00,455.4,425.9,134.5,0.0,2.2,40.4,438.0,236.4
2024-12-28 15:15:00,459.1,626.8,101.9,0.0,2.2,47.2,357.0,356.9
2024-12-28 15:30:00,423.2,620.2,83.8,0.0,1.2,57.1,453.4,304.7
2024-12-28 15:45:00,344.2,583.8,26.9,0.0,0.0,62.7,447.4,169.6
2024-12-28 16:00:00,228.8,538.3,57.7,0.0,0.0,57.9,444.1,149.1
2024-12-28 16:15:00,133.6,381.5,51.2,0.0,0.0,52.2,554.5,127.9
2024-12-28 16:30:00,258.2,377.7,51.2,0.0,0.0,55.9,757.5,197.2
2024-12-28 16:45:00,319.1,458.7,42.9,0.0,0.0,55.9,925.2,289.5
2024-12-28 17:00:00,199.5,409.8,117.5,0.0,0.0,52.4,938.6,408.7
2024-12-28 17:15:00,275.9,350.3,92.3,0.0,0.0,49.2,808.1,267.3
2024-12-28 17:30:00,439.2,160.2,134.4,0.0,17.2,55.1,792.0,184.8
2024-12-28 17:45:00,200.6,216.1,149.0,0.0,17.2,61.6,841.5,146.9
2024-12-28 18:00:00,77.2,313.4,131.2,0.0,17.2,65.3,771.8,126.6
2024-12-28 18:15:00,121.5,317.2,134.2,0.0,7.5,63.9,811.4,64.0
2024-12-28 18:30:00,111.4,204.5,106.7,0.0,3.6,56.9,701.0,0.3
2024-12-28 18:45:00,107.9,165.3,66.7,0.0,3.6,56.7,793.8,0.0
2024-12-28 19:00:00,107.9,143.9,59.7,0.0,3.6,49.8,909.5,98.2
2024-12-28 19:15:00,122.7,121.8,34.5,0.0,3.6,47.7,994.2,79.4
2024-12-28 19:30:00,37.4,194.8,34.4,0.0,1.5,54.5,677.2,33.9
2024-12-28 19:45:00,26.9,130.7,43.3,0.0,0.0,44.7,644.7,72.4
2024-12-28 20:00:00,35.8,138.6,29.3,0.0,0.0,38.6,382.6,68.3
2024-12-28 20:15:00,86.0,113.0,29.3,0.0,0.0,42.6,308.1,57.9
2024-12-28 20:30:00,90.5,58.2,69.7,0.0,0.0,38.2,493.6,6.3
2024-12-28 20:45:00,105.8,10.6,49.7,0.0,0.0,36.6,615.8,0.0
2024-12-28 21:00:00,167.1,116.5,77.0,0.0,0.0,35.7,625.9,73.5
2024-12-28 21:15:00,217.6,156.5,86.3,0.0,0.0,35.1,642.0,98.8
2024-12-28 21:30:00,286.9,166.4,48.3,144.7,0.0,45.3,613.3,95.9
2024-12-28 21:45:00,316.3,238.2,174.1,938.2,0.0,54.5,513.3,76.6
2024-12-28 22:00:00,940.2,976.4,2192.5,6315.8,10.8,57.5,357.6,340.3
2024-12-28 22:15:00,1305.6,1242.5,2247.9,6881.6,17.2,57.5,331.7,497.5
2024-12-28 22:30:00,1428.9,1320.9,2212.4,7267.0,17.2,71.1,616.3,575.9
2024-12-28 22:45:00,1198.2,1698.2,2176.0,7375.6,17.2,73.0,799.6,614.8
2024-12-28 23:00:00,969.8,1565.4,2326.8,7497.5,23.8,68.6,771.3,606.7
2024-12-28 23:15:00,1005.7,1475.1,3046.2,7201.5,23.8,70.7,588.6,540.4
2024-12-28 23:30:00,810.6,1240.8,2827.7,6819.7,23.8,65.2,174.8,849.1
2024-12-28 23:45:00,392.4,742.6,1573.5,4216.9,9.2,26.6,229.5,410.6
2024-12-29 00:00:00,523.1,1327.5,2791.7,6379.8,29.5,65.2,318.1,970.7
2024-12-29 00:15:00,352.5,1379.6,2779.5,5406.6,29.5,65.2,306.1,1004.2
2024-12-29 00:30:00,422.1,1572.4,2741.3,4642.0,29.5,65.2,365.3,966.7
2024-12-29 00:45:00,506.8,1767.5,2634.2,5002.3,29.5,63.9,154.8,975.1
2024-12-29 01:00:00,584.3,1536.0,2385.5,5625.8,29.5,62.2,460.6,969.6
2024-12-29 01:15:00,533.3,1376.9,2335.6,5539.9,29.5,59.8,447.5,957.5
2024-12-29 01:30:00,491.8,1160.7,1809.7,5315.3,29.5,51.7,288.6,1039.3
2024-12-29 01:45:00,374.8,1295.1,1538.4,4961.6,29.5,42.8,335.3,981.9
2024-12-29 02:00:00,390.5,1186.9,1311.3,4353.7,29.5,42.8,615.0,963.4
2024-12-29 02:15:00,272.4,935.0,1091.0,3482.7,29.5,39.4,770.3,942.8
2024-12-29 02:30:00,222.7,855.6,938.7,2465.9,29.5,36.0,822.2,761.4
2024-12-29 02:45:00,302.2,620.6,638.7,1862.1,29.5,36.0,839.8,646.2
2024-12-29 03:00:00,192.6,630.1,314.7,1441.7,29.5,36.0,778.1,457.6
2024-12-29 03:15:00,80.6,577.8,215.1,653.9,29.5,35.9,781.2,344.2
2024-12-29 03:30:00,94.0,598.1,109.1,289.5,29.5,29.1,796.4,340.5
2024-12-29 03:45:00,45.8,653.0,213.0,63.8,29.5,29.1,888.0,402.2
2024-12-29 04:00:00,90.2,611.5,205.9,0.0,29.5,23.0,776.0,513.6
2024-12-29 04:15:00,179.4,560.5,240.8,0.0,29.5,17.0,870.1,480.3
2024-12-29 04:30:00,231.8,500.4,258.5,0.0,28.7,16.2,862.0,543.3
2024-12-29 04:45:00,206.8,421.7,194.9,0.0,19.6,16.2,974.4,479.4
2024-12-29 05:00:00,174.5,413.4,161.1,0.0,15.5,16.2,842.4,608.1
2024-12-29 05:15:00,267.7,354.1,153.2,0.0,12.3,16.2,887.4,613.0
2024-12-29 05:30:00,240.3,334.8,152.6,0.0,12.3,16.2,667.3,598.5
2024-12-29 05:45:00,226.7,244.2,136.4,0.0,10.1,14.8,812.4,431.1
2024-12-29 06:00:00,324.1,156.3,124.5,0.0,6.6,3.4,907.9,290.3
2024-12-29 06:15:00,252.8,148.1,105.7,0.0,6.6,2.2,992.6,142.5
2024-12-29 06:30:00,187.5,160.7,85.5,0.0,6.6,0.0,881.3,20.8
2024-12-29 06:45:00,161.2,298.5,116.4,0.0,6.6,0.0,910.1,16.7
2024-12-29 07:00:00,202.6,368.1,115.8,0.0,6.6,0.0,728.6,4.8
2024-12-29 07:15:00,201.4,360.2,115.8,0.0,6.6,3.3,794.7,0.0
2024-12-29 07:30:00,141.0,426.3,66.5,0.0,6.6,3.3,663.8,24.9
2024-12-29 07:45:00,140.7,444.8,39.6,0.0,6.6,3.3,670.7,15.1
2024-12-29 08:00:00,95.7,329.4,24.6,0.0,6.6,6.6,669.4,0.0
2024-12-29 08:15:00,48.9,206.6,24.6,0.0,6.6,7.5,633.6,0.0
2024-12-29 08:30:00,15.4,185.5,24.6,0.0,3.7,6.8,656.8,25.8
2024-12-29 08:45:00,0.0,225.2,24.6,0.0,0.0,6.8,321.5,25.8
2024-12-29 09:00:00,67.7,242.5,24.6,0.0,0.0,12.0,465.7,25.8
2024-12-29 09:15:00,67.7,341.4,80.8,0.0,0.0,6.9,617.3,25.8
2024-12-29 09:30:00,152.0,342.0,80.6,0.0,0.0,13.7,769.7,18.9
2024-12-29 09:45:00,142.9,292.6,104.9,0.0,0.0,20.7,504.0,0.0
2024-12-29 10:00:00,136.9,271.6,62.9,0.0,0.0,20.7,517.3,0.0
2024-12-29 10:15:00,197.1,244.8,25.8,0.0,9.0,24.1,476.0,0.0
2024-12-29 10:30:00,193.1,168.1,5.7,0.0,9.0,30.1,760.6,0.0
2024-12-29 10:45:00,183.9,165.1,0.0,0.0,28.4,23.8,506.0,34.4
2024-12-29 11:00:00,256.6,315.9,411.9,0.0,20.4,30.5,655.1,41.6
2024-12-29 11:15:00,276.0,444.7,383.3,73.3,19.4,36.5,336.4,63.1
2024-12-29 11:30:00,228.4,457.6,365.0,146.3,19.4,39.9,461.9,231.3
2024-12-29 11:45:00,262.9,556.4,366.2,146.3,26.1,37.8,184.4,260.7
2024-12-29 12:00:00,175.2,547.5,323.3,146.3,26.1,40.6,435.7,264.4
2024-12-29 12:15:00,191.6,570.2,89.7,146.3,12.5,40.3,461.8,194.3
2024-12-29 12:30:00,319.5,465.4,143.0,76.6,9.2,40.3,770.8,105.0
2024-12-29 12:45:00,277.4,386.8,235.6,78.5,9.2,40.3,727.6,77.3
2024-12-29 13:00:00,328.1,451.4,248.4,72.5,9.2,38.9,841.3,55.5
2024-12-29 13:15:00,383.8,530.3,132.2,72.5,9.2,36.9,644.4,55.3
2024-12-29 13:30:00,461.2,440.9,57.3,72.5,8.2,43.8,823.7,88.6
2024-12-29 13:45:00,307.9,548.1,86.6,72.5,6.8,49.9,761.4,55.4
2024-12-29 14:00:00,311.8,541.5,63.9,44.0,6.8,49.4,768.7,94.1
2024-12-29 14:15:00,397.7,369.3,120.1,0.0,6.8,53.2,873.4,140.6
2024-12-29 14:30:00,381.4,401.2,93.3,0.0,6.8,53.2,982.5,237.9
2024-12-29 14:45:00,367.8,480.2,93.3,0.0,6.8,54.1,860.5,225.4
2024-12-29 15:00:00,387.1,504.9,116.6,0.0,6.8,54.1,782.6,262.4
2024-12-29 15:15:00,460.6,607.1,142.1,0.0,6.8,54.1,892.2,229.0
2024-12-29 15:30:00,413.0,573.9,93.3,0.0,6.8,51.8,803.2,256.9
2024-12-29 15:45:00,303.2,541.5,74.2,0.0,6.8,45.0,890.3,292.5
2024-12-29 16:00:00,265.0,439.4,55.8,0.0,6.8,44.1,889.3,226.3
2024-12-29 16:15:00,378.5,440.6,125.1,0.0,6.8,49.9,1000.7,200.6
2024-12-29 16:30:00,417.9,620.2,152.9,0.0,6.8,66.5,906.7,143.2
2024-12-29 16:45:00,430.8,419.3,164.0,0.0,13.2,63.9,945.3,89.9
2024-12-29 17:00:00,324.2,327.7,84.5,0.0,13.2,63.4,819.1,99.2
2024-12-29 17:15:00,292.1,214.3,30.4,0.0,13.2,65.1,829.3,137.2
2024-12-29 17:30:00,226.5,196.8,13.9,0.0,13.2,65.1,884.1,92.3
2024-12-29 17:45:00,200.4,186.4,25.9,0.0,13.2,64.4,885.0,100.7
2024-12-29 18:00:00,129.2,76.3,7.4,0.0,13.2,61.8,977.2,98.9
2024-12-29 18:15:00,78.1,121.9,0.0,0.0,13.2,59.2,924.4,29.6
2024-12-29 18:30:00,97.7,196.6,0.0,0.0,30.7,62.4,695.1,22.3
2024-12-29 18:45:00,65.2,159.5,0.0,0.0,30.7,61.8,606.3,22.3
2024-12-29 19:00:00,76.4,239.3,35.7,0.0,30.7,45.2,706.2,73.2
2024-12-29 19:15:00,96.6,267.8,35.7,0.0,30.7,37.6,614.2,52.5
2024-12-29 19:30:00,45.7,264.5,25.8,0.0,25.3,36.4,674.3,31.9
2024-12-29 19:45:00,76.4,278.0,0.0,0.0,13.2,33.8,773.1,0.0
2024-12-29 20:00:00,76.4,199.4,0.0,0.0,7.5,33.8,735.5,26.0
2024-12-29 20:15:00,13.6,231.5,0.0,0.0,3.2,31.2,597.9,16.4
2024-12-29 20:30:00,13.6,106.8,0.0,0.0,0.0,27.2,746.2,0.0
2024-12-29 20:45:00,13.6,223.1,36.6,0.0,0.0,20.6,843.8,0.0
2024-12-29 21:00:00,197.7,297.7,151.4,0.0,0.0,12.0,891.8,82.5
2024-12-29 21:15:00,333.0,355.8,183.3,0.0,0.0,13.3,719.1,109.0
2024-12-29 21:30:00,266.5,229.5,216.5,0.0,0.0,13.3,755.0,53.9
2024-12-29 21:45:00,130.1,321.4,214.1,1353.8,0.0,16.6,438.9,113.4
2024-12-29 22:00:00,699.3,937.2,2410.5,6663.8,31.3,56.5,565.4,288.9
2024-12-29 22:15:00,969.6,1266.7,2349.6,6908.1,31.3,59.8,459.3,434.1
2024-12-29 22:30:00,1104.5,1491.5,2269.4,7121.4,31.3,59.8,555.1,737.5
2024-12-29 22:45:00,1119.6,1440.9,2206.0,7234.6,31.3,59.6,549.6,867.8
2024-12-29 23:00:00,913.2,1745.4,2416.2,7237.2,23.9,64.2,688.7,1142.5
2024-12-29 23:15:00,778.8,1744.8,2817.5,6781.6,12.0,64.2,671.9,1208.8
2024-12-29 23:30:00,499.4,1395.5,2539.9,6142.9,12.0,62.7,534.7,1279.8
2024-12-29 23:45:00,360.9,651.1,1751.2,4120.2,10.4,31.9,292.2,563.1
2024-12-30 00:00:00,553.7,1216.1,2928.3,5542.4,31.1,65.0,613.7,1181.0
2024-12-30 00:15:00,421.2,1263.8,2762.3,4648.9,31.1,62.2,447.6,1310.7
2024-12-30 00:30:00,469.5,1443.1,2618.6,4533.8,31.1,61.3,579.1,1262.2
2024-12-30 00:45:00,355.8,1492.0,2517.4,4989.9,31.1,58.4,766.3,1009.4
2024-12-30 01:00:00,339.5,1679.8,2351.1,6015.9,27.8,58.4,711.8,883.4
2024-12-30 01:15:00,501.0,1491.5,2084.8,6051.2,25.5,58.4,549.9,1029.6
2024-12-30 01:30:00,586.7,1399.9,1795.4,5743.4,25.5,56.0,461.7,876.3
2024-12-30 01:45:00,523.7,1247.6,1305.8,5062.0,25.5,55.1,571.9,838.2
2024-12-30 02:00:00,430.2,1048.6,1053.9,4038.8,6.7,55.1,765.5,609.9
2024-12-30 02:15:00,362.6,810.5,744.4,3469.9,6.3,55.1,761.1,532.3
2024-12-30 02:30:00,381.2,669.8,334.3,2748.6,6.3,50.0,922.8,450.5
2024-12-30 02:45:00,511.9,784.1,176.2,2047.6,6.3,47.9,793.7,373.4
2024-12-30 03:00:00,362.4,770.4,97.4,1228.0,6.3,47.9,702.7,360.6
2024-12-30 03:15:00,268.0,654.2,33.6,616.3,6.3,47.9,782.0,307.1
2024-12-30 03:30:00,208.1,491.1,23.8,188.5,6.3,43.7,727.0,236.0
2024-12-30 03:45:00,235.8,292.0,16.1,88.5,6.3,37.0,723.6,200.9
2024-12-30 04:00:00,296.8,270.6,68.4,0.0,6.3,29.8,620.4,233.1
2024-12-30 04:15:00,306.8,431.6,90.0,0.0,6.3,24.3,616.3,269.9
2024-12-30 04:30:00,288.8,428.2,116.5,0.0,5.4,20.4,673.3,215.0
2024-12-30 04:45:00,209.1,455.7,141.9,0.0,0.0,20.4,610.5,307.4
2024-12-30 05:00:00,107.9,454.8,128.9,0.0,0.0,18.2,612.2,358.4
2024-12-30 05:15:00,227.0,401.9,129.8,0.0,0.0,12.4,654.1,339.3
2024-12-30 05:30:00,291.0,373.6,94.3,0.0,0.0,10.1,808.4,423.5
2024-12-30 05:45:00,186.6,313.9,81.4,0.0,0.0,5.6,846.8,328.9
2024-12-30 06:00:00,130.2,205.2,59.0,0.0,0.0,5.6,798.1,198.1
2024-12-30 06:15:00,58.3,198.3,22.7,0.0,0.0,9.4,835.2,125.5
2024-12-30 06:30:00,107.1,194.4,0.0,0.0,0.0,5.6,502.2,124.1
2024-12-30 06:45:00,128.1,301.9,16.3,0.0,0.0,3.3,617.2,132.0
2024-12-30 07:00:00,240.5,289.6,45.0,0.0,0.0,0.0,648.0,101.1
2024-12-30 07:15:00,147.5,425.7,45.0,0.0,0.0,0.0,730.5,19.2
2024-12-30 07:30:00,103.1,468.9,29.4,0.0,0.0,0.0,701.5,19.5
2024-12-30 07:45:00,59.8,259.3,22.3,0.0,0.0,6.7,606.2,18.9
2024-12-30 08:00:00,77.4,111.0,0.0,0.0,0.0,6.7,752.4,0.0
2024-12-30 08:15:00,67.5,316.8,0.0,0.0,0.0,15.9,619.7,0.0
2024-12-30 08:30:00,40.4,489.0,0.0,0.0,0.0,15.9,758.0,49.1
2024-12-30 08:45:00,5.4,488.4,0.0,0.0,0.0,18.0,637.6,42.1
2024-12-30 09:00:00,20.5,364.7,0.0,0.0,0.0,18.0,557.1,34.8
2024-12-30 09:15:00,67.7,282.2,0.0,0.0,0.0,24.8,448.3,34.8
2024-12-30 09:30:00,29.2,206.8,0.0,0.0,0.0,24.8,247.8,34.8
2024-12-30 09:45:00,25.7,89.4,44.7,0.0,0.0,28.2,460.1,5.0
2024-12-30 10:00:00,125.8,59.2,28.5,0.0,0.0,27.9,472.7,0.0
2024-12-30 10:15:00,112.4,138.1,0.0,0.0,0.0,25.6,464.6,26.6
2024-12-30 10:30:00,122.2,220.0,36.3,0.0,0.0,25.6,446.2,19.8
2024-12-30 10:45:00,127.5,434.5,12.9,0.0,0.0,32.6,226.3,0.0
2024-12-30 11:00:00,325.4,711.2,405.6,0.0,0.0,32.6,234.2,187.0
2024-12-30 11:15:00,424.3,813.8,563.1,0.0,0.0,34.2,306.2,204.1
2024-12-30 11:30:00,453.4,762.4,499.3,0.0,0.0,25.0,539.2,338.1
2024-12-30 11:45:00,523.5,851.2,384.9,0.0,0.0,25.5,587.7,260.0
2024-12-30 12:00:00,457.9,965.0,338.9,0.0,0.0,32.2,701.1,149.0
2024-12-30 12:15:00,345.8,1032.9,245.8,0.0,3.2,35.6,697.5,95.2
2024-12-30 12:30:00,373.5,927.7,254.1,146.1,3.2,34.8,559.3,71.5
2024-12-30 12:45:00,365.9,594.2,245.4,146.1,3.2,35.7,448.1,55.5
2024-12-30 13:00:00,336.9,528.9,210.8,146.1,3.2,25.6,453.2,63.7
2024-12-30 13:15:00,323.3,379.5,170.3,146.1,3.2,23.1,703.2,149.9
2024-12-30 13:30:00,369.7,300.3,220.1,146.1,1.2,23.1,664.9,87.1
2024-12-30 13:45:00,405.0,413.9,310.0,84.3,0.0,23.1,568.8,72.0
2024-12-30 14:00:00,478.4,446.7,322.4,0.0,0.0,22.9,601.1,152.7
2024-12-30 14:15:00,534.0,766.6,165.8,0.0,0.0,16.8,723.0,181.2
2024-12-30 14:30:00,643.0,752.5,101.4,0.0,0.0,16.8,710.8,246.8
2024-12-30 14:45:00,533.4,763.0,81.2,0.0,0.0,23.6,506.7,247.5
2024-12-30 15:00:00,334.9,981.4,102.2,0.0,0.0,20.8,414.5,238.7
2024-12-30 15:15:00,195.4,1018.0,81.7,0.0,0.0,23.8,614.1,236.1
2024-12-30 15:30:00,186.7,851.1,112.6,0.0,0.0,17.1,468.4,273.4
2024-12-30 15:45:00,264.2,693.6,56.3,0.0,0.0,17.1,594.1,306.1
2024-12-30 16:00:00,343.0,616.4,50.2,0.0,0.0,17.1,521.8,223.1
2024-12-30 16:15:00,261.6,532.3,35.1,0.0,0.0,17.1,605.0,269.3
2024-12-30 16:30:00,308.5,586.1,36.4,0.0,0.0,17.1,298.0,333.2
2024-12-30 16:45:00,403.6,463.3,37.3,0.0,0.0,20.6,65.4,266.0
2024-12-30 17:00:00,403.4,189.5,109.2,0.0,0.0,25.0,0.0,290.0
2024-12-30 17:15:00,342.5,125.5,177.5,0.0,0.0,31.0,309.4,224.1
2024-12-30 17:30:00,339.8,161.8,211.3,0.0,2.5,37.0,617.6,161.1
2024-12-30 17:45:00,197.1,200.7,84.7,0.0,2.5,37.8,771.1,68.0
2024-12-30 18:00:00,179.1,318.8,44.1,0.0,2.5,37.3,968.6,0.0
2024-12-30 18:15:00,144.3,430.3,112.6,0.0,2.5,41.2,675.3,45.6
2024-12-30 18:30:00,132.5,215.1,94.1,0.0,2.5,41.2,554.7,45.6
2024-12-30 18:45:00,102.0,153.8,159.5,0.0,2.5,44.1,460.6,70.3
2024-12-30 19:00:00,118.5,96.7,202.7,0.0,2.5,38.3,593.5,28.7
2024-12-30 19:15:00,107.8,72.3,194.4,0.0,2.5,38.3,745.6,28.7
2024-12-30 19:30:00,62.7,31.0,176.6,0.0,2.5,38.3,622.0,22.2
2024-12-30 19:45:00,55.7,136.1,176.6,0.0,2.5,31.9,515.6,0.0
2024-12-30 20:00:00,55.7,198.3,193.8,0.0,1.0,28.4,383.5,59.7
2024-12-30 20:15:00,44.4,262.4,140.1,0.0,0.0,31.5,324.8,59.7
2024-12-30 20:30:00,40.7,291.4,90.0,0.0,0.0,37.1,264.4,57.7
2024-12-30 20:45:00,119.8,251.4,115.6,0.0,0.0,26.7,268.3,0.0
2024-12-30 21:00:00,162.9,460.1,221.9,0.0,0.0,26.7,306.6,84.8
2024-12-30 21:15:00,187.9,486.8,295.9,0.0,0.0,33.6,306.6,183.9
2024-12-30 21:30:00,148.7,391.9,172.9,0.0,6.2,33.6,113.8,177.3
2024-12-30 21:45:00,269.2,427.2,115.0,715.1,6.2,33.6,154.2,106.8
2024-12-30 22:00:00,763.6,875.8,2222.7,7832.6,34.9,66.6,307.8,869.0
2024-12-30 22:15:00,1089.2,1017.2,2235.5,7890.6,34.9,66.6,307.8,1006.0
2024-12-30 22:30:00,1142.3,1066.5,2237.9,8036.2,40.6,66.6,165.4,1062.7
2024-12-30 22:45:00,1242.0,1389.5,2325.9,8176.4,40.6,65.8,187.4,943.4
2024-12-30 23:00:00,965.5,1362.0,2340.3,7895.3,40.6,60.7,462.6,921.7
2024-12-30 23:15:00,730.6,1289.0,2739.9,7547.1,46.6,58.3,770.4,911.5
2024-12-30 23:30:00,638.5,1333.9,2531.2,6874.5,46.6,49.0,958.6,819.0
2024-12-30 23:45:00,196.0,775.9,1144.9,4407.0,31.4,22.1,414.8,346.6
2024-12-31 00:00:00,514.5,1562.3,2630.9,5911.7,39.7,54.0,1003.3,948.6
2024-12-31 00:15:00,602.1,793.9,2775.8,4674.3,33.2,54.0,1033.5,773.3
2024-12-31 00:30:00,655.1,846.1,2875.7,4337.8,30.4,54.0,909.6,758.7
2024-12-31 00:45:00,643.7,977.7,2914.3,5189.4,30.4,54.0,720.2,701.6
2024-12-31 01:00:00,534.5,1105.7,2763.0,6207.2,30.4,52.2,798.4,784.8
2024-12-31 01:15:00,367.9,1010.8,2719.8,6167.4,30.4,50.9,983.3,892.8
2024-12-31 01:30:00,358.2,1313.1,2620.4,5719.0,30.4,43.1,886.2,1043.8
2024-12-31 01:45:00,316.3,1207.7,2555.3,5164.6,30.4,42.8,778.5,927.2
2024-12-31 02:00:00,297.3,1168.6,2353.7,4230.5,28.1,42.8,767.0,837.8
2024-12-31 02:15:00,234.0,1008.7,1724.4,3178.4,24.7,42.8,808.7,745.3
2024-12-31 02:30:00,209.3,920.1,1124.4,2476.3,21.1,49.4,686.7,711.5
2024-12-31 02:45:00,212.1,783.8,931.2,1883.5,12.2,46.3,490.8,682.4
2024-12-31 03:00:00,285.8,687.2,402.3,1277.2,12.2,38.7,630.1,664.3
2024-12-31 03:15:00,333.0,663.2,134.2,711.9,10.7,24.3,839.7,518.2
2024-12-31 03:30:00,347.4,475.9,128.6,204.3,6.0,17.4,848.2,610.5
2024-12-31 03:45:00,317.4,318.7,96.6,104.7,1.7,17.4,815.4,418.7
2024-12-31 04:00:00,247.5,173.1,110.7,0.0,0.0,17.4,849.3,536.9
2024-12-31 04:15:00,115.0,211.0,144.6,0.0,0.0,12.7,842.7,328.7
2024-12-31 04:30:00,110.7,340.0,113.5,0.0,0.0,10.4,958.6,382.7
2024-12-31 04:45:00,61.2,393.8,260.1,0.0,0.0,10.4,1001.2,460.6
2024-12-31 05:00:00,99.8,443.8,240.3,0.0,0.0,10.4,833.2,499.2
2024-12-31 05:15:00,199.9,362.5,147.9,0.0,0.0,10.4,861.7,478.4
2024-12-31 05:30:00,263.2,340.1,41.7,0.0,0.0,10.4,802.3,390.7
2024-12-31 05:45:00,288.6,203.3,9.8,0.0,0.0,16.9,853.6,264.2
2024-12-31 06:00:00,260.7,161.7,9.8,0.0,0.0,16.9,923.1,199.0
2024-12-31 06:15:00,172.9,102.8,5.6,0.0,0.0,14.2,570.4,130.0
2024-12-31 06:30:00,107.5,150.6,0.4,0.0,0.0,6.8,370.4,47.3
2024-12-31 06:45:00,63.5,70.8,25.6,0.0,0.0,6.5,456.5,32.5
2024-12-31 07:00:00,99.8,136.8,25.6,0.0,0.0,6.5,701.8,13.4
2024-12-31 07:15:00,128.4,179.6,25.6,0.0,0.0,6.5,751.5,26.4
2024-12-31 07:30:00,72.8,286.4,109.5,0.0,0.0,6.5,659.8,33.7
2024-12-31 07:45:00,110.6,231.3,51.8,0.0,0.0,6.5,446.5,27.8
2024-12-31 08:00:00,87.4,205.1,66.5,0.0,0.0,6.5,358.2,15.1
2024-12-31 08:15:00,46.6,176.6,25.7,0.0,0.0,6.5,153.3,0.0
2024-12-31 08:30:00,108.2,197.9,45.5,0.0,0.0,6.5,140.2,0.0
2024-12-31 08:45:00,79.2,250.0,8.9,0.0,0.0,6.5,155.5,32.4
2024-12-31 09:00:00,79.2,341.5,0.0,0.0,0.0,13.4,308.3,0.0
2024-12-31 09:15:00,115.0,314.5,24.8,0.0,0.0,13.4,308.3,0.0
2024-12-31 09:30:00,108.5,280.6,24.8,0.0,0.0,13.4,226.8,0.0
2024-12-31 09:45:00,190.1,378.4,44.2,0.0,0.0,13.4,308.4,0.0
2024-12-31 10:00:00,145.7,390.9,45.1,0.0,0.0,16.8,607.9,33.2
2024-12-31 10:15:00,121.4,435.5,20.1,0.0,0.0,16.8,493.6,0.0
2024-12-31 10:30:00,74.5,313.7,20.1,0.0,0.0,23.1,234.2,15.2
2024-12-31 10:45:00,91.9,382.0,20.1,0.0,0.0,23.1,312.5,40.8
2024-12-31 11:00:00,227.5,676.8,389.1,0.0,0.0,23.1,462.0,145.0
2024-12-31 11:15:00,350.5,589.5,498.6,0.0,0.0,26.9,764.2,129.7
2024-12-31 11:30:00,367.7,575.8,270.4,0.0,0.0,20.1,483.3,143.0
2024-12-31 11:45:00,355.3,914.5,305.8,0.0,0.0,15.8,594.4,284.4
2024-12-31 12:00:00,238.5,880.6,215.3,0.0,0.0,22.4,361.5,293.1
2024-12-31 12:15:00,258.7,867.5,193.1,0.0,0.0,22.4,448.3,301.3
2024-12-31 12:30:00,330.7,638.9,235.4,0.0,5.1,22.4,500.1,195.7
2024-12-31 12:45:00,300.1,588.2,240.3,212.9,5.1,22.4,617.3,190.4
2024-12-31 13:00:00,291.9,589.0,188.4,195.1,5.1,22.4,792.9,249.9
2024-12-31 13:15:00,318.5,417.0,111.2,142.0,5.1,22.4,767.4,139.6
2024-12-31 13:30:00,503.2,449.3,155.9,142.0,5.1,25.7,866.0,150.0
2024-12-31 13:45:00,407.0,457.6,143.4,142.0,5.1,22.8,787.3,229.7
2024-12-31 14:00:00,287.2,626.8,126.9,142.0,5.1,18.0,715.6,219.9
2024-12-31 14:15:00,301.2,585.7,345.6,109.3,5.1,15.3,684.0,203.9
2024-12-31 14:30:00,291.4,658.1,359.3,84.3,5.1,16.9,719.4,246.1
2024-12-31 14:45:00,413.4,731.4,380.7,69.4,5.1,19.4,915.6,174.4
2024-12-31 15:00:00,289.2,824.7,150.1,69.4,5.1,19.4,953.6,176.7
2024-12-31 15:15:00,207.0,606.3,124.1,69.4,5.1,23.9,879.3,133.2
2024-12-31 15:30:00,234.8,673.0,141.7,45.1,5.1,23.0,875.2,163.2
2024-12-31 15:45:00,280.1,635.4,94.8,0.0,5.1,22.3,789.4,169.8
2024-12-31 16:00:00,239.7,743.8,102.7,0.0,5.1,19.0,833.3,155.8
2024-12-31 16:15:00,314.4,764.2,117.2,0.0,7.7,17.1,813.2,104.5
2024-12-31 16:30:00,376.6,677.1,70.0,0.0,7.7,17.1,674.1,89.4
2024-12-31 16:45:00,265.1,560.2,93.5,0.0,7.7,20.3,697.3,170.3
2024-12-31 17:00:00,152.6,445.5,97.9,0.0,7.7,20.3,614.0,143.1
2024-12-31 17:15:00,175.1,483.5,119.0,0.0,7.7,16.7,768.7,217.6
2024-12-31 17:30:00,180.4,540.6,57.6,0.0,3.4,17.1,765.3,204.1
2024-12-31 17:45:00,121.4,395.7,22.9,0.0,2.5,17.1,625.1,190.3
2024-12-31 18:00:00,71.4,328.0,0.0,0.0,2.5,17.1,428.2,102.2
2024-12-31 18:15:00,125.1,257.9,29.4,0.0,2.5,14.9,321.8,32.6
2024-12-31 18:30:00,116.6,236.5,29.4,0.0,2.5,29.4,180.8,64.6
2024-12-31 18:45:00,170.9,409.2,71.8,0.0,1.3,39.2,263.4,64.6
2024-12-31 19:00:00,302.8,243.5,112.8,0.0,0.0,46.6,305.9,64.6
2024-12-31 19:15:00,101.8,115.5,106.9,0.0,0.0,53.4,344.6,83.6
2024-12-31 19:30:00,22.2,102.6,86.8,0.0,2.0,52.9,411.9,7.8
2024-12-31 19:45:00,11.9,163.7,86.8,0.0,0.0,48.1,610.1,0.0
2024-12-31 20:00:00,16.1,238.7,86.8,0.0,0.0,51.3,750.7,0.0
2024-12-31 20:15:00,16.1,228.8,123.8,0.0,0.0,51.3,583.9,0.0
2024-12-31 20:30:00,2.2,143.8,89.7,0.0,0.0,50.6,484.0,0.0
2024-12-31 20:45:00,110.0,244.0,0.0,0.0,0.0,43.9,155.5,0.0
2024-12-31 21:00:00,74.5,470.2,80.5,72.9,0.0,42.0,155.5,65.4
2024-12-31 21:15:00,96.2,633.9,132.7,72.9,0.0,42.0,164.1,65.4
2024-12-31 21:30:00,219.8,644.3,174.4,76.5,0.0,44.3,453.6,53.9
2024-12-31 21:45:00,264.4,433.2,210.1,360.6,0.0,38.7,571.9,229.2
2024-12-31 22:00:00,848.9,597.4,1974.8,7450.6,23.0,52.2,606.7,546.3
2024-12-31 22:15:00,965.9,806.4,2261.9,7647.3,23.0,58.4,578.4,522.7
2024-12-31 22:30:00,813.6,951.6,2436.7,7731.1,33.8,65.4,615.7,561.5
2024-12-31 22:45:00,644.3,1008.5,2648.7,7845.0,33.8,65.2,762.7,417.9
2024-12-31 23:00:00,605.2,937.8,3038.0,7689.4,33.8,64.9,727.3,618.6
2024-12-31 23:15:00,615.1,761.5,2596.0,7220.8,37.4,61.4,768.6,694.1
2024-12-31 23:30:00,592.5,640.0,2438.7,7282.2,32.7,61.5,824.8,697.9
2024-12-31 23:45:00,298.6,488.1,1203.8,4568.0,16.3,39.1,384.1,485.1
