station,date,0,1,2,3,4,5,6,7,8,9,10,11,12,13,14,15,16,17,18,19,20,21,22,23,24,25,26,27,28,29,30,31,32,33,34,35,36,37,38,39,40,41,42,43,44,45,46,47,48,49,50,51,52,53,54,55,56,57,58,59,60,61,62,63,64,65,66,67,68,69,70,71,72,73,74,75,76,77,78,79,80,81,82,83,84,85,86,87,88,89,90,91,92,93,94,95
A10,2024-09-27,0.0,0.0,0.0,0.0,0.0,0.0,0.0,0.0,0.0,0.0,0.0,0.0,0.0,0.0,0.0,0.0,0.0,0.0,0.0,0.0,0.0,0.0,0.4077669902912621,0.4077669902912621,0.14563106796116504,0.0,0.0,0.0,0.0,0.0,0.0,0.0,0.0,0.0,0.0,0.0,0.0,0.0,0.0,0.0,0.0,0.0,0.0,0.0,0.0,0.0,0.0,0.0,0.0,0.0,0.0,0.0,0.0,0.0,0.0,0.0,0.0,0.0,0.0,0.0,0.0,0.038834951456310676,0.0,0.0,0.0,0.0,0.0,0.0,0.0,0.0,0.0,0.0,0.0,0.0,0.0,0.0,0.0,0.0,0.0,0.0,0.0,0.0,0.0,0.0,0.0,0.0,0.0,0.0,0.0,0.0,0.0,0.0,0.0,0.0,0.0,0.0
A10,2024-10-01,0.0,0.0,0.0,0.0,0.0,0.0,0.0,0.0,0.045693341478313984,0.020281001832620646,0.0,0.0,0.0,0.0,0.0,0.0,0.0,0.09224190592547342,0.09224190592547342,0.022846670739156992,0.0,0.0,0.0,0.0,0.0,0.0,0.0,0.0,0.0,0.0,0.036041539401343914,0.07721441661576053,0.05766646304215027,0.0025656689065363465,0.0,0.0,0.0,0.0,0.0,0.0,0.0,0.0,0.0,0.0,0.0,0.0,0.0,0.0,0.0,0.0,0.0,0.0,0.0,0.0445937690897984,0.001832620647525962,0.0,0.03860720830788027,0.03860720830788027,0.07440439828955404,0.03811850946854001,0.07538179596823456,0.058766035430665844,0.0,0.0,0.0,0.0,0.0,0.0,0.0,0.0,0.0,0.0,0.0,0.0,0.0,0.0,0.0,0.0,0.0,0.0,0.0,0.0,0.0,0.0,0.0,0.0,0.0,0.0,0.0,0.0,0.04691508857666462,0.04691508857666462,0.036041539401343914,0.0,0.04227244960293219,0.010751374465485644
A10,2024-10-07,0.02247062849321319,0.02247062849321319,0.025436295197901224,0.014372077107334322,0.014372077107334322,0.058172693053496066,0.058172693053496066,0.04459906467434699,0.0,0.0,0.0,0.0,0.0,0.0,0.0,0.0,0.0,0.0,0.0,0.0,0.0,0.0,0.0,0.0,0.0,0.0,0.0,0.0,0.0,0.0,0.0,0.0,0.0,0.0,0.0,0.0,0.0,0.0,0.0,0.0,0.0,0.0,0.0,0.0,0.0,0.0,0.0,0.0,0.0,0.0,0.0,0.0,0.0,0.0,0.030112923462986198,0.0,0.0,0.0,0.0,0.0,0.0,0.02247062849321319,0.02247062849321319,0.00022812820805292577,0.0,0.03342078247975362,0.03342078247975362,0.03342078247975362,0.018364320748260526,0.0,0.04551157750655869,0.07790578305007415,0.07790578305007415,0.0531538724763317,0.0,0.0,0.0,0.0,0.0,0.03296452606364777,0.00034219231207938865,0.0,0.0,0.0,0.09946389871107564,0.07334321888901563,0.06992129576822174,0.015512718147598952,0.0,0.0,0.0,0.0,0.0,0.0,0.0,0.0
A10,2024-10-09,0.0,0.0,0.0,0.0,0.0,0.0,0.0,0.0,0.0,0.0,0.0,0.021221195156880618,0.021221195156880618,0.021221195156880618,0.021221195156880618,0.013800286421038928,0.0,0.0,0.0,0.0,0.0,0.0,0.025387319359458406,0.025387319359458406,0.015297487306340321,0.0,0.0,0.0,0.0,0.0,0.0,0.0,0.0,0.0,0.0,0.0,0.0,0.0,0.0,0.0,0.0,0.0,0.0,0.0,0.008071865642494468,0.0,0.0,0.005207655253222238,0.0070303345918500204,0.001822679338627783,0.0,0.0,0.0031245931519333424,0.008592631167816691,0.013279520895716703,0.0,0.0,0.0,0.01952870719958339,0.028121338367400082,0.052922796510870986,0.042442390313761236,0.0013019138133055594,0.0,0.0,0.0,0.01783621924228616,0.08208566592891552,0.08208566592891552,0.10688712407238642,0.052141648222887645,0.025973180575445908,0.0053378466345527925,0.0,0.04250748600442651,0.04250748600442651,0.014711626090352821,0.0,0.0,0.0,0.0,0.0,0.0,0.0,0.0,0.0,0.0,0.019658898580913946,0.019658898580913946,0.004751985418565291,0.027665668532743135,0.012172894154406979,0.01829188907694311,0.02720999869808619,0.02720999869808619,0.015102200234344488
A10,2024-10-15,0.0,0.0,0.0,0.00749600953670216,0.00749600953670216,0.009819570444305255,0.01771967753015578,0.01771967753015578,0.01771967753015578,0.002283151152688259,0.0,0.00624330713434223,0.00624330713434223,0.01588103368153072,0.022649667629765825,0.021962701796213607,0.01656799951508294,0.008526458287030489,0.004384458408259753,0.004384458408259753,0.0030913462509849876,0.0017376194613379669,0.0017376194613379669,0.0017376194613379669,0.006182692501969975,0.006182692501969975,0.010607560665144565,0.010062028973794273,0.0009698341179560745,0.0,0.0,0.0,0.0,0.0,0.0,0.0,0.0,0.019800779908269856,0.013294809366981188,0.005616955933162265,0.0035358535550481887,0.003939951104196553,0.003939951104196553,0.0007879902208393105,0.012587638655971551,0.015678984906956538,0.010506536277857475,0.010203463115996202,0.00567757056553452,0.00567757056553452,0.00028286828440385504,0.0,0.0,0.005212858384013901,0.005212858384013901,0.005212858384013901,0.0006061463237225466,0.0,0.015699189784413956,0.011435960640898713,0.028872769886650638,0.019477501868951166,0.019336067726749236,0.03065079910290344,0.02408421392924252,0.02667043824379205,0.022690077384680662,0.0190734043198028,0.009940799709049765,0.010728789929889074,0.008486048532115653,0.010243872870911039,0.01804295556947447,0.01804295556947447,0.023195199321116116,0.011638009415472895,0.007253551007213141,0.013395833754268279,0.011153092356494858,0.011153092356494858,0.007859697330935687,0.005152243751641646,0.0,0.006526175418746084,0.019942214050471783,0.020386721354534985,0.015456731254924938,0.006647404683490594,0.029478916210373185,0.03459075020709999,0.04121795001313317,0.03164083809831693,0.02551876022871921,0.012890711817832823,0.012890711817832823,0.0013537267896470207
A10,2024-10-19,0.04315855818001742,0.02036375641525856,0.020903988715147516,0.014031033344338067,0.011149794411596987,0.010414478225637026,0.006242684354272338,0.005282271376691979,0.018547975629520694,0.025796092319697473,0.030673189471472736,0.0344548155706954,0.02198445331492542,0.01086467180887782,0.014136078513760919,0.005507368168312376,0.013070620366757706,0.027791950538731656,0.024460518022749785,0.01644707224106366,0.0005252258471142592,0.005732464959932772,0.005732464959932772,0.005732464959932772,0.004772051982352412,0.0,0.0,0.0,0.0,0.0035715357603769626,0.0035715357603769626,0.0005552387526636455,0.004336864851886312,0.004336864851886312,0.012365317086347132,0.008403613553828147,0.004712026171253639,0.017632582010264415,0.02025871124583571,0.015696749602329002,0.006002581109877248,0.00903388457036526,0.008958852306491794,0.004456916474083856,0.007053032804105766,0.005927548846003782,0.004441910021309164,0.00043518713046610045,0.0,0.01140490410876677,0.010924697619976591,0.0,0.007653290915093491,0.016927278729853838,0.024865692247666497,0.02615624718629011,0.031303460488009846,0.041297758035955465,0.027881989255379817,0.01824784657402683,0.032969176746000785,0.018773072421141093,0.00514721330171974,0.0008853807137068941,0.0,0.00913892973978811,0.00913892973978811,0.00913892973978811,0.00769831027341757,0.001245535580299529,0.00673789729583721,0.0016657162579909362,0.0,0.0,0.0,0.0037966325519973596,0.0037966325519973596,0.0019358324079354124,0.0038866712686455177,0.0038866712686455177,0.0020708904829076506,0.0,0.0,0.00586752303490501,0.010459497583961105,0.00582250367658093,0.00582250367658093,0.004772051982352412,0.022719769500885383,0.022674750142561304,0.015126504396890663,0.008778774873195476,0.005507368168312376,0.002506077613373751,0.0010804645997779046,0.010759626639454968
A10,2024-10-23,0.021574860597217155,0.030942206472458177,0.051188180728542386,0.040153212778154146,0.029886914378029077,0.014904372296628277,0.015790296524050236,0.02006357809161499,0.03082495179529939,0.03294856428161968,0.027033717233831883,0.013106467246860178,0.004872583250820782,0.01405753296159258,0.017301579029652406,0.016389598207306268,0.01642868309969253,0.011347647089478346,0.008077544426494346,0.008846213976757517,0.004846526655896607,0.008820157381833341,0.007673667205169628,0.008103601021418522,0.008103601021418522,0.00977122309656574,0.005484913231538903,0.0013419146385950285,0.0,0.003569753504612017,0.002475376517796654,0.0,0.0,0.0,0.005563083016311429,0.005563083016311429,0.004820470060972432,0.0,0.0,0.0,0.0,0.005211318984835061,0.010448694564594298,0.010448694564594298,0.009393402470165197,0.0,0.00338735734014279,0.00338735734014279,0.00338735734014279,0.01077440200114649,0.009836364583876179,0.009224034603158059,0.003309187555370264,0.0011855750690499764,0.004195111782792225,0.017549116681432067,0.012402939183907447,0.014956485486476627,0.013028297462087654,0.014982542081400803,0.014982542081400803,0.010696232216373964,0.010969826463077805,0.023724529678461618,0.01687164521340351,0.009484600552399811,0.006318724269112512,0.01758820157381833,0.018487154098702382,0.009237062900620147,0.0022148105685549013,0.0,0.0,0.0,0.0,0.0,0.0,0.011308562197092083,0.0046380738965032045,0.0096018552295586,0.006657460003126791,0.0007295846578769086,0.0,0.0,0.0,0.002644744384803794,0.006344780864036688,0.004820470060972432,0.027567877429777475,0.02759393402470165,0.0264865287404242,0.01549064568242222,0.011256449007243733,0.013340976601177758,0.020298087445932565,0.01166032622856845
A10,2024-10-27,0.023502257134841498,0.01293070468514882,0.028258818128490914,0.03932770537376623,0.032403274758346305,0.04150832716978246,0.04942742737636768,0.05244969267260069,0.04510444030707236,0.04051365757861716,0.030324670356295755,0.030617970363947058,0.021551174475248035,0.015978474329873246,0.006044530592466017,0.004884082736106507,0.004884082736106507,0.004884082736106507,0.01039302201025275,0.009538626335790255,0.0065673697365400815,0.004437756637506695,0.0,0.0,0.0,0.0004080695758626847,0.0,0.0,0.0,0.0029585044250044637,0.0029585044250044637,0.005228391440740648,0.004718304470912291,0.004718304470912291,0.004718304470912291,0.003787395750975542,0.004539774031472367,0.0017853043943992454,0.0,0.0,0.0,0.0018363130913820812,0.0018363130913820812,0.001338978295799434,0.0,0.009997704608635775,0.009997704608635775,0.015251600397867838,0.01698589609528425,0.009972200260144356,0.002282639189981892,7.651304547425337e-05,0.0,0.007051952357877019,0.006847917569945678,0.010711826366395472,0.011617230737840803,0.005177382743757812,0.00936009589635033,0.007153969751842691,0.007115713229105564,0.007702313244408173,0.0026014435461246144,0.006937182789665639,0.007204978448825526,0.009041291540207608,0.005534443622637661,0.005113621872529267,0.0031625392129358064,0.006911678441174222,0.010342013313269914,0.006325078425871613,0.0076385523731796285,0.0013899869927822698,0.0,0.0,0.0,0.0,0.0,0.0,0.004450508811752405,0.004450508811752405,0.004450508811752405,0.0060190262439745994,0.005164630569512103,0.012254839450126249,0.013657578617154227,0.006937182789665639,0.02550434849141779,0.031204570379249667,0.03629268790328752,0.019829630952077335,0.020849804891734044,0.01664158739065011,0.019510826595934613,0.006911678441174222
A10,2024-10-28,0.03219272744602773,0.02363818329123576,0.021779535814707145,0.0290115808035076,0.024746223133012436,0.021934423104417858,0.03026259352809417,0.03322928084639946,0.02791545536863175,0.021565076490492302,0.008209026354668065,0.006314635657436972,0.010925511128056046,0.013808797598055568,0.012974789114997855,0.012688843349378066,0.006064433112519658,0.002776056807892103,0.00409855597388362,0.013010532335700329,0.013010532335700329,0.014738121336319876,0.009460039079254634,0.006004861078015536,0.00590954582280894,0.004598961063718248,0.0019539627317352137,0.0,0.0,0.0,0.0030381737597102412,0.0020135347662393363,0.0,0.0,0.0,0.0,0.0,0.0,0.0,0.0,0.0,0.0,0.0,0.0,0.0,0.0,0.009674498403469475,0.01434494590859267,0.015095553543344612,0.011497402659295618,0.007863508554544154,0.006219320402230377,0.004932564456941333,0.005635514464089977,0.00808988228565982,0.008816661106610113,0.006934184816279845,0.004884906829338035,0.004741933946528141,0.006171662774627078,0.01399942810846876,0.016001048467807272,0.02491302482962398,0.0165014535576419,0.008411571271982079,0.011294857741981603,0.02291140447028547,0.028868607920697707,0.02422198922937616,0.013856455225658865,0.010722966210742028,0.004253443263594338,0.0038840966496687794,0.0038840966496687794,0.0038840966496687794,0.0005599771243387504,0.0,0.005254253443263594,0.011735690797312109,0.007470333126816947,0.007470333126816947,0.004146213601486917,0.0,0.0,0.0,0.0025377686698756135,0.00785159414764333,0.009829385693180193,0.018062240861649904,0.021648477338798072,0.03406328932945717,0.04031835295239002,0.037697183434208636,0.01939665443454225,0.01735929085450126,0.014213887432683599
A10,2024-10-30,0.028219481315741278,0.026778249341094226,0.021857357847547918,0.009172923949134864,0.019014706936227477,0.027168417113236244,0.028426509113204396,0.027574510100567738,0.017613287999554094,0.016602036835022736,0.009101260480782247,0.00834481275928241,0.015328019619865114,0.015256356151512497,0.02258991774626355,0.020678891923527117,0.013759385923702296,0.011211351493387057,0.00929236306305589,0.01159355665793434,0.011083949771871292,0.013241816430044514,0.00953920389849268,0.005239395797335711,0.00043794341771043183,0.0027152491898046775,0.0055738253163145875,0.005430498379609355,0.0027152491898046775,0.00321689346827299,0.001847324961978549,0.00013536432911049712,0.004355546354320113,0.004291845493562232,0.007819280658029892,0.00540661055682515,0.005215507974551507,0.004339621139130643,0.0007484851139051017,0.0,0.0,0.002118053620199543,0.002118053620199543,0.002118053620199543,0.007699841544108865,0.006601001696035419,0.005924180050482933,0.004697938480893724,0.00413259334166753,0.00927643784786642,0.017382372379306777,0.016681662910970087,0.011816509670586926,0.021204424024779636,0.021419414429837486,0.014770637088233656,0.00321689346827299,0.005868441797319787,0.0073813372403194605,0.0073813372403194605,0.0028267256961309693,0.010789333290866093,0.00855980316434026,0.005725114860614555,0.0025878474682889153,0.010088623822529404,0.008137784961819298,0.004045004658125443,0.004045004658125443,0.0059719556960513434,0.002946164810051996,0.006736366025145915,0.006736366025145915,0.009149036126350658,0.003949453366988622,0.0024047074936100078,0.0010908772404787121,0.002165829265767954,0.005287171442904123,0.008217411037766648,0.002699323974615207,0.002118053620199543,0.005518087063151441,0.0013775311138891765,0.0,0.0035115099492781902,0.012278340911081561,0.014969702278102034,0.04232125936601719,0.042432735872343474,0.04222570807488036,0.018313997467890787,0.017167381974248927,0.017549587138796216,0.020416125872900856,0.020893882328584964
A10,2024-11-08,0.02315450308644513,0.02693550110553095,0.02542310189789662,0.022431181726272186,0.01706380845135253,0.01428559686341556,0.014302035985237672,0.01566648309647299,0.015806215631960947,0.0132663713104446,0.005704375272272957,0.011252578887235848,0.007594874281815868,0.015123992076343285,0.014063668718817044,0.010356646747930728,0.010775844354394591,0.012238926196562583,0.008836027979385343,0.007907217596436,0.007372946137217352,0.004586514988369322,0.005729033955006125,0.005729033955006125,0.0045207585010808736,0.0008712734565719502,0.001602814377655946,0.001602814377655946,0.0032302874380450604,0.0032302874380450604,0.004241293430104965,0.001972694618653472,0.00016439121822112268,0.0,0.0,0.0,0.0,0.0,0.0,0.0,0.0,0.0,0.0018576207658986864,0.010389524991574953,0.012855393264891794,0.010389524991574953,0.006789357312532366,0.0030330179761797133,4.93173654663368e-05,0.004150878260083347,0.006690722581599693,0.007282530967195734,0.01481986832263421,0.013932155744240147,0.018789916242674322,0.018329620831655177,0.013923936183329091,0.0176884950805928,0.01703093020770831,0.01345542121139889,0.01481986832263421,0.020762610861327795,0.010430622796130233,0.009074395245805972,0.008022291449190786,0.017146004060463096,0.01727751703503999,0.023047648794601396,0.012789636777603343,0.009460714608625609,0.008712734565719502,0.00648523355882329,0.002038451105941921,0.0008466147738387818,0.0,0.0,0.0,0.0,0.00503859083847741,0.00852368466476521,0.011071748547192612,0.00858944115205366,0.004019365285506449,0.002342574859650998,0.013028004044023971,0.01320061482315615,0.015419896269141305,0.021181808467791656,0.0426841798111145,0.03742366082803858,0.0353769901611856,0.02524227155785339,0.018609085902631085,0.015082894271788005,0.017244638791395768,0.016504878309400717
A10,2024-11-19,0.032630405499558736,0.03326211157043987,0.03735426633842724,0.04517162896558131,0.03769798875934786,0.039876445724371774,0.038975335593850156,0.03043336894421478,0.027897254865530217,0.024989548980444982,0.026164708068187093,0.023164104231501694,0.016517255794509734,0.014561753913326212,0.010636815458219146,0.007942774861814297,0.010692554229179247,0.013279762181243902,0.014018300896465233,0.01300571322402341,0.010943378698499697,0.007380742254633286,0.006154489293511078,0.006563240280551814,0.004835338380788703,0.005299828138789539,0.003557991546286404,0.0021041386037437874,0.0,0.0014677876352826422,0.0014677876352826422,0.00011147754192020065,0.0,0.0,0.0,0.0,0.0,0.0010079427748618142,0.0010079427748618142,0.0037623670398067724,0.0037623670398067724,0.0037623670398067724,0.0022249059408240048,0.0022852896093641137,0.0061126852152910026,0.004403362905847926,0.0026986854939848575,0.0031585303544056855,0.005127966928329231,0.005959403595150728,0.006860513725672348,0.007050954526452692,0.00909470946165637,0.0068883831111523994,0.006874448418412374,0.0045845139114682526,0.004747085326768545,0.0031678201495657023,0.005810766872590459,0.007269264712713085,0.005518138325049933,0.008100701379534581,0.012007060244321613,0.01175623577500116,0.011217427655720192,0.009842537972037716,0.01039992568163872,0.006549305587811789,0.004463746574388035,0.006015142366110828,0.005634260764550141,0.0040178364067072325,0.0016907427191230433,0.0013888243764224998,0.0,0.0,0.001314506015142366,0.002062334525523712,0.0055367179153699665,0.0069998606530726,0.003929583352687073,0.0021970365553439547,0.0007478285103813462,0.0025361140786845653,0.005708579125830276,0.0037763017325467972,0.0035161874680663292,0.004877142459008779,0.023047981792001487,0.025147475498165265,0.0265548794649078,0.025672348924706212,0.026968275349528545,0.02743741000510939,0.029016675182312233,0.018570300524873427
A10,2024-11-30,0.02251320458522068,0.024945628178503102,0.024929275750985237,0.020093045312576656,0.01952888656321031,0.024177064085163444,0.024679901231337797,0.029115497195558684,0.034070282733471784,0.025248148087583605,0.026118914852909916,0.024863866040913778,0.02485977793403431,0.02821611368207611,0.0256242539204945,0.025227707553186273,0.020800287802724318,0.013155527938122417,0.014050823344725526,0.016393308586659692,0.013274083037626937,0.0109765669713669,0.010719016237960526,0.008842575180285514,0.007665200398999233,0.005212336271319478,0.0026123002959789385,0.001447189835331055,0.002387454417608294,0.0010261148267460306,0.0030129347701666315,0.0009934099717103006,0.0,0.0,0.0006009517112815398,0.0017865027063267546,0.0005028371461743497,0.0003147842297189018,0.0010588196817817605,0.0013776920183801288,0.0,0.0,0.0,0.0,0.001161022353768417,0.002338397135054699,0.007640671757722435,0.008437852599218355,0.008490997988651416,0.006888460091900643,0.009292266937026804,0.008674962798227397,0.009124654554968685,0.007146010825307018,0.004873023400323779,0.0068516671299854465,0.007894134384249343,0.006847579023105981,0.007714257681552827,0.01127091066668847,0.011213677170375944,0.016573185289356206,0.016311546449070367,0.01224388010400144,0.006487825617712949,0.002522361944630681,0.0016965643549784967,0.0037896750772652204,0.004938433110395239,0.004472388926136085,0.004419243536703024,0.004501005674292349,0.005817376089480485,0.002841234281229049,0.0036956486190374968,0.0017251811031347606,0.0020399653328536625,0.0013654276977417298,0.003945023138684938,0.004214838192729711,0.002669533792291466,0.004178045230814515,0.0024569522345592207,0.0001921410233349141,0.0020685820810099264,0.0034789789544257847,0.0059522836165028705,0.008540055271205011,0.021086455284286952,0.022161627393586583,0.026360113158798423,0.03115137442153288,0.030828413978055046,0.026952888656321033,0.028416430919169955,0.01162248785832257
A10,2024-12-05,0.02941872425499448,0.026994528658144966,0.038478068756368354,0.03867123175213325,0.04569270664818742,0.04000405642291107,0.0328087348306685,0.02776718064120457,0.021349340106915724,0.013637307501002036,0.012096832609776948,0.011159992080317177,0.012995040540083741,0.012821193843895328,0.015708980630580606,0.01968330926844345,0.02044630310171481,0.0197798907663259,0.015810391203357175,0.01103443613306999,0.0076782290816548296,0.008866181505608972,0.012937091641354268,0.013371708381825297,0.011406274899917426,0.004355825554498526,0.0038294563910391695,0.00487736564306376,0.0035300537476035724,0.002303468724496449,0.0012265850231071237,0.0,0.0,0.0,0.0,0.0,0.0,0.0,0.0,0.0,0.0,0.0,0.0009803022035068745,0.0009803022035068745,0.0009803022035068745,0.00747057886120756,0.00859575331153811,0.009527764766103761,0.0032934290777915684,0.008103187672337614,0.009440841418009554,0.010643281066646066,0.008040409698714019,0.004684202647298858,0.003476933923768225,0.004297876655769055,0.007026303970948287,0.00626813921257105,0.006123266965747373,0.007581647583772379,0.008436393840032067,0.0059880528687119424,0.0044379198276986095,0.006968355072218818,0.013250981509472234,0.014550002655991197,0.0103293911985281,0.0052395462601229495,0.00676553392666567,0.00632608811130052,0.005959078419347208,0.004713177096663594,0.0029312484607323785,0.004925656392004985,0.004070910135745297,0.002728427315179232,0.0,0.0017384669618841124,0.0017384669618841124,0.002902274011367643,0.003930866963815743,0.003732874893156719,0.0,0.0,0.005654846701017488,0.006712414102830322,0.003496250223344715,0.003090607932238422,0.022382762134257946,0.027279444076898196,0.024821444955789827,0.028303207954452174,0.026728929538968226,0.02654059561809745,0.03493835685897653,0.020132413233596845
A10,2024-12-09,0.026071291131532098,0.024269771257723068,0.029306414848583526,0.03155620023089903,0.03992100377642547,0.03990831701675076,0.03772196543280881,0.03413161244486546,0.02950940300337891,0.027593702292497475,0.026282737126110622,0.023787674390084033,0.01976597157320049,0.020332646838670938,0.018509982365404055,0.013553688252483435,0.007244139774260258,0.0064364160749702925,0.00624611467984962,0.006723982627597086,0.008094152672465927,0.007404838730139936,0.009028743968503006,0.0052988366241378294,0.0032943285955334156,0.0021652069844840935,0.0013109651663868534,0.001957989909797139,0.0015181822410738075,0.0009430491358202203,0.0050281857510773185,0.00487594463498078,0.0009430491358202203,0.0005666752654704463,0.0010995191718083286,0.0,0.0,0.0,0.0,0.0,0.0,0.0,0.0,0.00042289198915704946,0.002215954023182939,0.005019727911294177,0.007793899360164422,0.008770779855117206,0.017575391069366977,0.014331809512532405,0.009506611916250473,0.008504357901948265,0.007392151970465225,0.005878198649282987,0.006186909801367634,0.00820833350953833,0.006525223392693274,0.006470247434102856,0.009523527595816754,0.008415550584225284,0.007197621655452981,0.00726951329360968,0.008013803194526088,0.010145178819877617,0.008914563131430603,0.014991521015617402,0.01644626945831765,0.01170565025986713,0.009210587523840538,0.008068779153116504,0.004237377731353635,0.0008330972186393874,0.00011418083707240336,0.001078374572350476,0.0035607505487023567,0.001213700008880732,0.0,0.00119678432931445,0.00119678432931445,0.0017084836361944797,0.0008669285777719514,0.0040470763362329635,0.0040470763362329635,0.002985617443448769,0.0016873390367366274,0.0032900996756418444,0.0032478104767261397,0.003112485040195884,0.017084836361944796,0.027830521806425427,0.0307865368106332,0.02980542739578884,0.03095569360629602,0.027504894974774496,0.026384231203508315,0.01411613459806231
A10,2024-12-13,0.03292997210762427,0.035213682465275946,0.038469560544838154,0.037352451453479124,0.03263301905802251,0.03698833045218172,0.035549522223754126,0.029741261979757704,0.028680715374037116,0.02824942642104408,0.02762370392366893,0.02227147872013236,0.02079731893818074,0.016586948913470005,0.022656810653544173,0.019775659041336574,0.01645261301007873,0.014465855702028827,0.009887829520668287,0.007879861280503973,0.007992986251780836,0.00729656064735765,0.005306268183955344,0.0029306437871412265,0.003418495225772697,0.002410975950338138,0.002718534465997109,0.0021493744542603927,0.001392851208846373,6.363279634323531e-05,0.0,0.0008201560417572552,0.0026725774464158828,0.0019231245117066673,0.0018665620260682357,0.0,0.0,0.0,0.0,0.0,0.0,0.0,0.0,0.0,0.0014494136944848044,0.002509960300205393,0.006045115652607355,0.007056170083394315,0.006193592177408237,0.005850682108225247,0.008982829750453385,0.00947775149978966,0.010227204434498876,0.008756579807899659,0.007073845860156325,0.003888670887642158,0.00241451110569054,0.00839599396195466,0.013030582628953633,0.014462320546676427,0.01193114931435662,0.010290837230842112,0.011047360476256131,0.01229173516030162,0.009951462317011522,0.012567477277788975,0.01321087555192613,0.011899332916185005,0.009392907771332013,0.010333259095070935,0.006048650807959756,0.004362381704864021,0.0014282027623703925,6.716795169563727e-05,0.001092363003892206,0.0006469334294895591,0.0,0.0,0.00111710909135902,0.002308456445118481,0.0009226755469769121,0.0009226755469769121,0.00034291006918299026,0.0005797654777939217,0.0005797654777939217,0.0021705853863748046,0.0030190226709512756,0.0059355258366828945,0.019128725611847017,0.023289603461624123,0.028334270149501725,0.03032809776825643,0.03092553902281236,0.0192842724473527,0.019757983264574563,0.011506930672068386
A10,2024-12-15,0.036797671435074716,0.03645280103737017,0.032997199652370655,0.030831413554786125,0.027451683657281605,0.023130457574043688,0.02980714847360363,0.029476072891807273,0.03586652136127245,0.03598722600046904,0.029586431419072724,0.02774137479135342,0.026848160461298655,0.024023671904098452,0.020671531638410293,0.017102123022168274,0.011363479604364684,0.014525941151315341,0.013763777572388303,0.012180822446924451,0.01805741402380986,0.019409305982811667,0.017202135437502594,0.013918969251355348,0.006052475479714726,0.004952338911037234,0.004286739043467467,0.001500186230014761,0.0008656246982384025,0.0018071208839718041,0.0015657116055786242,0.0002448579823702254,0.0,0.0,0.001658826612958851,0.0014863914141065794,0.0,0.001217392503897036,0.001217392503897036,0.001217392503897036,0.0006000744920059044,0.0010690982328840826,0.000862175994261357,0.0019347229311224852,0.0050420052144404155,0.004421238498572238,0.00427639293153633,0.0032762687781931563,0.0023899518560924816,0.0019830047868011212,0.0041453421804086045,0.008449324743761298,0.010280586555572421,0.009366680001655383,0.0057593356416658645,0.004976479838876553,0.0033004097060324745,0.002965885420259068,0.0040177401332579235,0.004638506849126101,0.0035969982480583812,0.0049316466871749615,0.0038935867900842885,0.00576278434564291,0.007366431694969033,0.006104206039370407,0.006490460884799495,0.006266295126291542,0.007283662799519943,0.0059214247285869995,0.006935343697838355,0.006249051606406315,0.0035487163923797454,0.002207170545309074,0.0005931770840518135,0.0,0.0,0.002355464816322027,0.003234884330468611,0.0013105075112772625,0.0009449448897104472,0.0005138568925797688,0.0016243395731883965,0.0016243395731883965,0.0013277510311624898,0.0021657860975845284,0.0038694458622449703,0.009970203197638333,0.026044612434647074,0.02735167124194729,0.03354554358472088,0.027696541639651833,0.023965043936488677,0.022961471079168457,0.023420148708115502,0.011901477424783773
A10,2024-12-16,0.025330045082074912,0.02298022169420015,0.027529720010660553,0.03214303142231883,0.037495823995976035,0.03880962301475586,0.02957549276847484,0.027664853624020762,0.02953044823068811,0.03459045130873152,0.03886592868698928,0.03559644598596864,0.03334421909663181,0.03113703674508171,0.025187404045750247,0.02413261111924416,0.012987841728509069,0.009913552024564292,0.009042690960687385,0.010063700483853416,0.01228965139281465,0.010161296982391344,0.008201859588668299,0.005315255458834925,0.003922628498928317,0.00451571491312035,0.0013625972680487838,0.0001576558822535783,0.0012650007695108544,0.002590060922737358,0.002590060922737358,0.001516499438820134,0.0013250601532265032,0.0006043475486387169,0.0007507422964456109,0.0,0.0,0.0,1.501484592891222e-05,0.0,0.0,0.0,0.0,0.0,0.0021058321415299386,0.00428298480122221,0.00567185804964659,0.007098268412893251,0.007053223875106515,0.008956355596596138,0.01034147513353829,0.007011933048802006,0.0076613251352274595,0.009770910988239626,0.009981118831244397,0.006790464071350551,0.004838534100591963,0.008419574854637527,0.010191326674249167,0.008922572193256085,0.011910526533109618,0.01652008423328567,0.016261078141011933,0.010683062878421044,0.005840775066346853,0.0021583841022811312,0.0024173901945548676,0.002357330810839218,0.0008183091031257159,0.0036823909640657216,0.006764188090974954,0.004575774296835999,0.005960893833778151,0.00343464600623867,0.004117821496004176,0.001719199858860449,0.0004917362041718751,0.0,0.0017004313014493087,0.0017004313014493087,0.00043167682045622627,0.0013363212876731875,0.0014113955173177485,0.002124600698941079,0.006959381088050814,0.00650142828721899,0.0076500640007807754,0.00717709635402004,0.022068069804018733,0.0198421188950575,0.019410442074601273,0.015791864205733426,0.020164938082529112,0.018197993265841608,0.023772254816950267,0.012443553563586
A10,2024-12-21,0.03759596028523662,0.03398273567846054,0.037459483435122315,0.040434678767614037,0.03246784264219182,0.032686205602374695,0.03576034665119928,0.03488689481046777,0.028544133201405707,0.022617625985192256,0.020515882493432048,0.017929646183766076,0.018345900576614692,0.020519294414684905,0.014899860111228631,0.010791906922788221,0.01520010918148009,0.014128765908082841,0.016015558360913028,0.014473369954621446,0.015350233716605818,0.014814562079907194,0.012108908526391208,0.007547169811320753,0.004606093691357603,0.00410795318844041,0.005261182571906239,0.004776689754000477,0.005506840902111979,0.004254665802313282,0.0037838206694189493,0.003237913268961752,0.0018287897915316112,0.0021529223105530722,0.0,0.0,0.00046743321164147524,0.00309120065508888,0.001508069193763008,0.001665017571394452,0.0,0.0019311474291173359,0.0019311474291173359,0.0017878467364973213,0.006318878160292059,0.006786311371933535,0.005329420996963389,0.009618206011805245,0.01038588829369818,0.010887440717868232,0.008424033573305127,0.007577877102596471,0.006178989388924903,0.007209389607287863,0.00584462110614487,0.0042273704322904225,0.0033675662765703363,0.004418438022450441,0.0018390255552901836,0.0005322597154457674,0.0016684294926473094,0.006915964379542119,0.010048108089665289,0.010024224640895286,0.010082227302193865,0.006434883482889214,0.0067248967893821,0.009167832406428059,0.0075710532600907566,0.003435804701627486,0.003309563615271759,0.0037497014568903747,0.0023883448770002386,0.003466511992903203,0.003548398102971783,0.0012521750997986966,0.0,0.0,0.0,0.0,0.0,0.0,0.0,0.0,0.0040124193933604,0.00531577331195196,0.0073458664574021625,0.008778873383602306,0.014534784537172881,0.018878160292060454,0.020693302398580637,0.026568630796001226,0.026766522228666958,0.029581357262274382,0.032532669145996104,0.015281995291548668
A10,2024-12-30,0.04184426563490968,0.046439694299471736,0.04472128034240728,0.035764269036306376,0.03129993586949975,0.03647997959161981,0.03104837423867176,0.029698444923946903,0.02160949840028062,0.018860036068977494,0.01596176263211415,0.01323001590861581,0.012776496348813235,0.0108809263137009,0.00836176688386002,0.007118131215963891,0.008259016358592249,0.009562885093024658,0.007617711356058917,0.010891555678383772,0.012698547674472165,0.012021811456329258,0.015005119810655587,0.011653326813989662,0.0070189238122570765,0.004446617559001833,0.004397013857148426,0.004676920460464079,0.0035820958981281695,0.000680279339703866,0.000690908704386739,0.0006696499750209931,0.0,0.0,0.0017396726864301992,0.0014916541771631646,0.001233006303213257,0.001233006303213257,0.001233006303213257,0.00017715607804788178,0.0,0.0009424703352147311,0.0007015380690696119,0.0,0.006625637318990778,0.0072315111059145344,0.011979293997597767,0.009212116058489853,0.005279251125826877,0.0033730517260316694,0.0025333319160847096,0.001966432466331488,0.002256968434330014,0.005311139219875496,0.0030860588795941007,0.0025510475238894976,0.005410346623582309,0.006420136268455235,0.008744424012443446,0.008769225863370148,0.008457431166005875,0.008365310005420977,0.009686894347658175,0.010845495098091323,0.007904704202496485,0.009541626363658913,0.011805681041110842,0.00942470335214731,0.010275052526777144,0.007940135418106061,0.005707968834702751,0.002409322661451192,0.0,0.001615663431796682,0.001615663431796682,0.002490814457353218,0.0010168758879948415,0.0010168758879948415,0.0007865729865325951,0.0,0.0021152435718917086,0.0021152435718917086,0.0020443811406725557,0.0,0.003004567083692075,0.006515800550601092,0.006281954527577889,0.0037840538271027547,0.030789726364721853,0.035643802903233816,0.0376527528282968,0.033425808806074334,0.03265695142734653,0.03229555302812885,0.029018165584243038,0.012280459330279166
A2,2024-01-10,0.02355153017716723,0.02327435621925285,0.025511798764629768,0.022070123831888683,0.021130091302281197,0.020721996879139178,0.019063670986255707,0.01683330522278299,0.013908235369048276,0.01237847101409105,0.011086958316575118,0.009848521483340663,0.00826568126410196,0.006207517193631366,0.004853492922628363,0.004923081278019632,0.0055729657495550465,0.005035130324836083,0.004575139501063285,0.00395238269349396,0.0038792559471505918,0.003330805349575333,0.004417091371869555,0.004287350370292612,0.0037318229908131564,0.003986587139364245,0.004571601110111187,0.006115519028876807,0.009124330801811183,0.008599469477249913,0.009390889586869266,0.007844612740802247,0.006442230460120564,0.005848960243818724,0.004273196806484219,0.0045220636367818085,0.004410014589965358,0.004261402169977224,0.005486864903053984,0.005685014796371497,0.005101180289275254,0.0034841356241662657,0.0027398940605748937,0.0028472252527885463,0.010931269114682786,0.012758258309616284,0.014522735931062705,0.01694063641499664,0.02007329187125446,0.020496719321855573,0.016892278405317963,0.014949701772615917,0.014247920900449726,0.013109738477524727,0.0138575184320682,0.015981732466977962,0.015176158793550219,0.011145931499110093,0.01174274010636403,0.012864410038179236,0.014500326121699417,0.01737821742940615,0.01705976224371729,0.015419128305594311,0.015981732466977962,0.016458235781860554,0.013961311233329754,0.013485987382097863,0.012011657818723511,0.010330922116476751,0.009691652817797634,0.009410940468931156,0.0077113333482732044,0.009234020921326233,0.00645048670567546,0.0024815915210717075,0.001376434080366294,0.002800046706760567,0.0021949818539517335,0.001170027941493885,0.0009589039480186778,0.002636101259313339,0.0017361704938296354,0.0023270817828300754,0.010499585418526778,0.011541051822094419,0.009984159803171104,0.010881731641353408,0.016406339381229776,0.01860132123518151,0.018333582986472727,0.017984461745865682,0.015092416874350553,0.015318873895284855,0.015548869307171254,0.010203540042201208
A2,2024-01-31,0.025615079391885037,0.027621323742989957,0.02678505084512198,0.023072485540855097,0.020012456278058706,0.016995659216767604,0.015067773230891025,0.015748680404599362,0.015106952413505195,0.012149599629283867,0.008438385331314026,0.007484574885603539,0.005375654055923553,0.0025250307691684144,0.0035707096430776454,0.004875781726018623,0.0054607674526370945,0.004500201975441406,0.003339687566283745,0.003530179454166435,0.00393683234957558,0.003805784738762666,0.004494797950253244,0.0028533252993492193,0.0025142227187920914,0.0043340282009054435,0.004517765057302931,0.0047163629829678625,0.010171726410416795,0.010709426916638856,0.00868426847737537,0.00520948028138759,0.004250265810488942,0.005270275564754406,0.006809071737083365,0.0051797581428527015,0.005224341350655033,0.006003871984047315,0.005463469465231175,0.002691204543704377,0.0017725202617169392,0.0018576336584304814,0.0026574293862783684,0.004174609457854681,0.009004456969773934,0.01370325687088027,0.015718958266064474,0.014353090899756681,0.013600580392305205,0.012142844597798666,0.01122821333470235,0.0100312217555246,0.013723521965335876,0.011105271761671677,0.011094463711295355,0.009892068106929443,0.013149344289093727,0.017336112803621774,0.022206490504452236,0.023699352462681823,0.023092750635310702,0.01801837098362715,0.016906492801162944,0.01583109178871882,0.017206416199105897,0.013765403160544127,0.014078836621457487,0.01154164679561571,0.011433566291852482,0.011410599184802797,0.009848835905424153,0.011529487738942348,0.009434076972232764,0.007091432053164797,0.006576698653992424,0.005647206321628663,0.005106803802812523,0.004936577009385439,0.004969001160514408,0.005002776317940417,0.0038895471291791675,0.002745244795585991,0.0014050465489219642,0.0022548295097603445,0.007621026521604615,0.008400557154996897,0.009430023953341644,0.009883962069147201,0.01571355424087631,0.02032994275786319,0.027068762167500454,0.025746127002697954,0.02005433747326696,0.015236649018021067,0.012910216174517585,0.007314348092176455
A2,2024-02-28,0.027814112660941557,0.028644938269162777,0.02904922394459185,0.02487407799375398,0.02164597432847779,0.018352344238743677,0.015689251440963167,0.016180081450581953,0.01510940440189211,0.012849360931909394,0.010358120454877023,0.00970409255792907,0.008451672407440837,0.007912624840202071,0.006213883194821189,0.005014625992478062,0.005418911667907137,0.004476814772870578,0.005181532922701075,0.005090043197986238,0.005886251072531572,0.005959195582777185,0.004860082538567866,0.0034778458867950664,0.0025555305538590123,0.0031959586268628676,0.0033270114757787145,0.0034815549296889113,0.007024927240941901,0.008583961603987965,0.007630737580269872,0.007947242573877954,0.006255919014284762,0.006067994174329963,0.006546460707635932,0.006487116021334417,0.005577164164711179,0.006220064932977597,0.006323918134005248,0.006968055249902949,0.006030903745391516,0.005362039676868185,0.005782397871503919,0.0047957924617412235,0.006765294238372771,0.010224594910698614,0.011041820694975734,0.013974437276375625,0.015540889725209379,0.01629629812792242,0.018579832202899486,0.01403254561504586,0.012623109315384866,0.012667617830111002,0.01485842583274195,0.017226031546646165,0.017448574120276845,0.017443628729751724,0.013918801632967954,0.013476189180969152,0.014231597583682191,0.012411693870435716,0.009603948399795262,0.010391501840921625,0.009485259027192232,0.01051266390878722,0.0076381556660575604,0.00586152411990594,0.008334219382469088,0.008566652737150023,0.009747364725023926,0.008940029721797058,0.006024722007235108,0.0027743640845958512,0.004780956290165845,0.005111061107718025,0.007154743742226467,0.00837625520193266,0.0074279765687396936,0.0064401348113457164,0.0064599163734462214,0.004721611603864329,0.005897378201213106,0.007298160067455128,0.006304136571904743,0.008125276632782502,0.009612602833214235,0.01034699332619549,0.015814122551722605,0.01909168012225006,0.020557988412950003,0.01933771330087509,0.01837707119136931,0.01583143141856055,0.01684400012858016,0.011067783995232647
A2,2024-03-12,0.035222341123479876,0.03645532856070788,0.03369556779071483,0.029100025725293435,0.02525797598262248,0.01982065360511826,0.018316713373042626,0.013238631779718419,0.00875573301103143,0.007927652559362253,0.006994539844521804,0.008146850325980566,0.006830141519558071,0.004890850167671068,0.004615330752685552,0.005594109668904816,0.005193769303483873,0.005562143327939645,0.004828439692453354,0.004070380749565027,0.0023107097897680303,0.003470631304789927,0.004534653796916312,0.007460335098585715,0.005974661347061606,0.004254567761792914,0.004400699606205123,0.007840886776742505,0.011346528835922857,0.009151506756314492,0.007355302835414441,0.005813307435523127,0.005490599612446169,0.003505642059180352,0.004657952540639112,0.0050202377382443765,0.00381769443526892,0.005342945561321335,0.004597064272134026,0.0038085611949931564,0.002554262863788376,0.001959080039151156,0.0024933745952832897,0.005854407016764061,0.010745257184435128,0.013465440579899865,0.012325307752142122,0.013766837509000042,0.015098768382548809,0.0157091732743123,0.016666641296554787,0.012981378845284428,0.015406254138499496,0.0160958137793196,0.015445831513027803,0.013728782341184364,0.013084888901743075,0.01397233541520471,0.011667714452287188,0.013234065159580536,0.012707381637011538,0.01363440552500148,0.011956933727686348,0.011144075343143446,0.013218843092454264,0.011794057609435242,0.008726811083491513,0.008143805912555311,0.007979407587591579,0.009997853688535192,0.009492481059942975,0.007735854513571231,0.008429980774529217,0.008271671276415992,0.00708282783385418,0.007276148086357829,0.006116226571335932,0.004826917485740727,0.004615330752685552,0.006525700177032638,0.005933561765820673,0.00443418815388292,0.0032560001583094972,0.004601630892271907,0.0077419433404217405,0.00881966569296177,0.007280714706495711,0.006668787608019592,0.012710426050436794,0.01395559114136581,0.015304266288753475,0.01784178487870295,0.021507258642709158,0.021230217021011015,0.023719024996156423,0.01439094226117718
A2,2024-03-25,0.029494404857449853,0.029683594725741187,0.0253100570673501,0.024581380465259255,0.02088922194188618,0.01503911648331507,0.016066358346303176,0.014161157250775597,0.015055374987621358,0.012099283295569255,0.009011645523220835,0.007345887854749475,0.007079839602464786,0.005353482054306358,0.005665349727817855,0.004453352134076493,0.003671465881528711,0.003464539463085064,0.002690043439767413,0.0036566854230684507,0.006738411012032767,0.007472999797507715,0.006815269396026122,0.00547615985952652,0.00786024780916654,0.008540148898338523,0.007190693040916739,0.006535918731127199,0.007809994250401654,0.007929715963929765,0.00783807712147615,0.006129456123470034,0.005994953951481664,0.004621849360523462,0.006110241527471695,0.005857495687801241,0.004423791217155972,0.0034748857840072463,0.00424051353224874,0.004262684219939131,0.0028866235372888784,0.0042952012285517056,0.004531688563915873,0.0046011567186790975,0.009790575684076562,0.01450406388705364,0.016124002134298192,0.014087254958474295,0.012529394636762836,0.011608572074688605,0.01193226411496831,0.013221120092703029,0.01405473794986172,0.014607527096275464,0.01480706328548898,0.014255752184921264,0.015089370042079957,0.015627378730033437,0.013655665571434687,0.012446624069385378,0.012934379198573974,0.014289747239379862,0.012396370510620492,0.013292066293312277,0.01337040272315166,0.014603092958737386,0.0115287575990032,0.007437526697203089,0.00691725455940192,0.007731657820562274,0.006430977476059349,0.006958639843090649,0.0029649599671282586,0.0019997960296732477,0.002084044642896732,0.0026057948265439286,0.0049780584094157405,0.0057111691490446615,0.006977854439088988,0.004043933434727276,0.006441323796981532,0.0075232533562726005,0.007846945396552306,0.008452944193422986,0.011033612240584472,0.007470043705815663,0.009388547213957477,0.010064014165591382,0.014084298866782242,0.017171936639130664,0.018867255224522542,0.02183664932918888,0.02345363148474138,0.023215666103531186,0.025029228356605152,0.014112381737856736
A2,2024-03-29,0.032079126219155776,0.03497444213952528,0.03754741957296596,0.03222095515340446,0.024364491765326114,0.019363231063688348,0.01930592644378989,0.015757337856577992,0.011691575074782525,0.011001054405006127,0.007751882456763662,0.007819215385144348,0.0071688079492968695,0.005688916140419239,0.006514102666957008,0.006048502630282051,0.004549986819937422,0.004176074175099995,0.003713339369419961,0.005595796133084248,0.005816418919693304,0.005412421349409188,0.005177472407825517,0.005095813324470217,0.004979771469175844,0.004011323392891933,0.003962614465978246,0.006130161713637351,0.006992596243109117,0.007263360572129323,0.006259097108408877,0.00730204119056078,0.006845036846870592,0.005922432466505447,0.005198961640287438,0.0047992619164957066,0.005982602317398827,0.005846503845139994,0.003926799078541711,0.0026102254363746793,0.004310740031861367,0.004508440970511041,0.0036273824395722768,0.0068579303863477445,0.011058359024904584,0.013667151845781803,0.014088340802035455,0.01684612563464866,0.017482206915521523,0.017252988435927697,0.018148373121841078,0.017801680171455416,0.014904931635588458,0.012085544336584412,0.013621308149863037,0.013733052158665028,0.014992321180933603,0.013808980780030481,0.010087045717625752,0.00862864314121004,0.008730358841529801,0.009852096776042082,0.012862021936208492,0.01186921939646774,0.011631405223889146,0.014608380227613946,0.012089842183076795,0.010042634637204449,0.009001123170550006,0.008721763148545033,0.008140121256575704,0.004803559762988091,0.003422518423435296,0.0029254008458161887,0.003135995323943015,0.005041373935566683,0.005961113084936906,0.006181735871545962,0.005412421349409188,0.005637341982510628,0.007771939073728121,0.008098575407149321,0.007426678738839922,0.006763377763515293,0.011008217482493435,0.009522595211625958,0.009006853632539853,0.010998189174011205,0.014731585160395626,0.01683752994166389,0.014528153759756107,0.012048296333650415,0.014029603566639537,0.014720124236415935,0.016793118861242587,0.011266088272036488
A2,2024-03-31,0.029195242000349432,0.02974772905782855,0.030289197854902097,0.022266330242448947,0.01781180496419852,0.016669053956421202,0.013640606382091233,0.013689401535315884,0.011542414793431226,0.011285846729701609,0.01218462197135567,0.01150463790061214,0.010552345394131043,0.010006154485455108,0.00828573182498595,0.0069147454230933285,0.005513852314385598,0.004432488757439293,0.003683247049860776,0.008750072799220535,0.00743260366215495,0.008970438007331863,0.008655630567172824,0.0049708094801112525,0.004530079063888595,0.004037405420039697,0.007610469865844808,0.007366494099721552,0.007234274974854755,0.009130989801812974,0.011876110679999809,0.010580678063745358,0.006481885192874647,0.004852756690051612,0.006384294886425345,0.0046087809239283555,0.002584569083705724,0.001920325384970148,0.002548366228087434,0.0037178758682782703,0.004785073090417418,0.003802873877121211,0.0023012423875625873,0.004541097324294162,0.007941017678011801,0.011954812540039569,0.011276402506496837,0.008842940994067452,0.009757456607729465,0.010511420426910367,0.00939227997714498,0.009889675732596262,0.010952150843133024,0.011528248458624069,0.011181960274449124,0.00901451104895413,0.009105805206600252,0.010897059541105193,0.011303161138910356,0.010944280657129048,0.009143582099419336,0.0090239552721589,0.010070690010687711,0.0120429586232841,0.014495308582123027,0.012444338109486879,0.010292629255999835,0.009148304211021722,0.011521952309820888,0.010676694332993864,0.011174090088445148,0.006881690641876629,0.009571720218035632,0.00901451104895413,0.008359711573423325,0.007031224175952173,0.007509731484993916,0.002924561119077488,0.004186938954115241,0.005232099655443256,0.004753592346401514,0.00572634733649295,0.0040625900152524205,0.007242145160858731,0.009142008062218541,0.007670283279475026,0.005422558156739476,0.008107865621296093,0.017037378661407282,0.022079019815554317,0.021545421204484744,0.024701365792079127,0.02595429940391211,0.026404474043339538,0.030034203828373275,0.015985921811276085
A2,2024-04-01,0.02860804981827333,0.026732256044386955,0.022917751856772462,0.02095124106730032,0.01665827778135443,0.012764761999520076,0.01696115555919724,0.01669485722312289,0.011228425445244963,0.007270529845898126,0.005513253463341546,0.005258660548633098,0.003998864574127507,0.0035847852933085953,0.0043573431034583665,0.003909610736212476,0.0043953857228975594,0.004136403275176897,0.006219968278308098,0.00636482286771118,0.0044495232967148735,0.004380753946190177,0.004038370371237438,0.004158350940237971,0.003941800644968716,0.003717934461345772,0.0045007345151907106,0.006240452765698432,0.007513417339240668,0.009295567742199798,0.007687535482058514,0.006459929416309163,0.006159977993807832,0.006887177296164717,0.006669163823224726,0.005503011219646379,0.007209076383727122,0.004588525175435003,0.003059504509513581,0.0069018090728721,0.007880674934595957,0.00668964831061506,0.005312798122450412,0.0040808025236888455,0.008669327699123848,0.01344513961641334,0.013920672359403256,0.013246147453192945,0.016646572359988527,0.01720404305253978,0.01421038153820942,0.01174492716301555,0.011066012723793022,0.00967745711426247,0.010340276599106876,0.007945054752108438,0.009225335214004366,0.01256723301397042,0.013922135537073993,0.015508220132154207,0.016409537577328936,0.01736060306330877,0.016283704297645453,0.015180468333908848,0.014668356149150477,0.015200952821299183,0.013554877941718705,0.01294765920836235,0.011842960066955009,0.013047155289972549,0.0085449575971111,0.007228097693446719,0.012764761999520076,0.009829627592019241,0.010177863877654935,0.010479278477827005,0.007310035643008059,0.004919203329021835,0.004979193613522102,0.005173796243730283,0.00532304036614558,0.0069032722505428384,0.006000491627697367,0.007618766131533819,0.0074227003236549,0.009411158778188117,0.0095062653267861,0.009405306067505163,0.015059024587237577,0.01747619409929709,0.02022696812028491,0.018004401238433578,0.018885234196217977,0.01934906151784199,0.021571628399693316,0.014741515032687388
A2,2024-04-16,0.03420457247039671,0.03162879891175142,0.02942616614369227,0.0246115478415301,0.021350895616619094,0.017850929466943978,0.01556012841081384,0.012088502068018685,0.008708192880725626,0.010367646016918865,0.0074140083665407645,0.005940338408782822,0.005305841621414818,0.004633558424873534,0.005518390173014522,0.00711644039430118,0.0061009306477692645,0.006059995371164876,0.007880040746344559,0.009167927525667205,0.008385433969037188,0.007834382168593512,0.007182566610354421,0.006743299603715035,0.005449115089530174,0.0029300211446448,0.0023301618990189707,0.004498157125335945,0.003794385254483594,0.0076659177610293025,0.007176268875492208,0.006022208961991596,0.00768795983304705,0.009185246296538293,0.007854849806895705,0.00439267006639387,0.003386606922155274,0.003967572963194463,0.0033551182478442068,0.0024387978253921526,0.0021853139971880617,0.0026686651478629426,0.003846341567096855,0.0029048302051959463,0.009484388702493431,0.014924057189730285,0.020706952226957773,0.0241895996057618,0.018557850205227436,0.015459364653018427,0.014472194713366473,0.011334348318268628,0.011729531180872521,0.014936652659454713,0.012974908249875228,0.01313550048886167,0.01419509437942908,0.01110133212836673,0.014174626741126886,0.011055673550615683,0.011940505298756671,0.010699851530900625,0.01362357494068321,0.01434466558240665,0.014357261052131075,0.010698277097185072,0.007957187998406674,0.010898230179060348,0.009046696129569598,0.0065228788835375645,0.005908849734471755,0.004625686256295767,0.0044351797767138105,0.004038422480394365,0.004746917652393376,0.004956317336561973,0.004690238038633454,0.0034621797405018353,0.0038904257111323486,0.005726215423467565,0.006751171772292801,0.008804233337374382,0.008446836883943768,0.007366775355074164,0.007025123238799085,0.005597111858792189,0.00688184977068373,0.009621364435746575,0.016988139790820738,0.020823460321908717,0.024480869843139172,0.02230815131567554,0.019744973226754666,0.01862869972242734,0.01933719489442635,0.013371665546194672
A2,2024-05-01,0.034385562362196455,0.031716850610896886,0.027826654338434714,0.027359707091104198,0.023653506588285505,0.0240029439323143,0.019695278266543388,0.017767188142632284,0.016491587218633363,0.014413517349718753,0.01080008782319089,0.007840693679513388,0.008678724832007224,0.008975591956137884,0.010107397866886022,0.009195149933359518,0.008587500038654574,0.00862924697798545,0.009001877066086954,0.00901733889546876,0.009246173970319474,0.010682577919889172,0.011175810277168755,0.011536070901764816,0.008279809633956654,0.0069021606360378145,0.006606839694845336,0.007540734189506367,0.007919549009360594,0.010030088719976996,0.011423199547277637,0.009252358702072196,0.009765691437548128,0.008845712589330722,0.007746376520284376,0.005076118586046628,0.003891742455400354,0.0028434304233139656,0.0032655383654372457,0.004895215182279508,0.002609956799648708,0.004233448884738248,0.005032825463777573,0.004998809439137602,0.007930372289927856,0.009935771560747984,0.011107778227888812,0.011290227814594114,0.011438661376659442,0.009413161727642968,0.009705390302959088,0.008456074488909232,0.007941195570495121,0.009355952958930292,0.012012295246724413,0.01215299789409884,0.009485832325737454,0.013134824059843467,0.01266787681251295,0.013431691183974127,0.014490826496627779,0.013529100709079499,0.014742854315551201,0.012913719899683655,0.011180448825983298,0.010653200444063742,0.009971333768326134,0.009377599520064818,0.007664428824560808,0.007900994814102428,0.005389993722497272,0.004779251461915969,0.0037340317957059413,0.0038778268089567293,0.0034773654279679762,0.006719711049332514,0.005399270820126355,0.006795474013303359,0.004743689254337817,0.004085015322672918,0.004009252358702073,0.003506742903793406,0.004984893792693977,0.005343608234351857,0.0075531036530118115,0.0076273204340444765,0.007234589967746625,0.00796902686338237,0.015331950014997977,0.016825562733280355,0.019593230192623476,0.016681767720029567,0.012371009688382293,0.012913719899683655,0.015432451905979711,0.009788884181620834
A2,2024-05-28,0.03338523232200439,0.03013881810573367,0.024984765386959172,0.02398730734643432,0.019522124086897297,0.015929716612819517,0.014654840554773693,0.01519253277974412,0.014940051213236268,0.013593482858527722,0.012931108378491688,0.011946118563473399,0.008673209368001235,0.006269958901611674,0.005867858629025094,0.005434587792672112,0.0054127683980356315,0.004455832090407103,0.005037163104650492,0.0053239322913013875,0.006305805049943036,0.006365029121099199,0.005754086071277728,0.0056730426054850845,0.0038277452305141117,0.0016021669775930403,0.0041612702628146085,0.005253798522826984,0.0043342668917181375,0.004539992612576388,0.005087036006676734,0.004091136494340205,0.001973096686413219,0.0013668292211567086,0.0037809893848645094,0.006675176230574895,0.007321965428727727,0.004027236838619081,0.0038807351889169946,0.0031638122222897584,0.004505704992433346,0.003235504518952482,0.0045773972890960695,0.0060548820116235035,0.012340426195118378,0.013475034716215396,0.017307455531294466,0.017831121002570012,0.01895481982634879,0.015739576173844468,0.013331650122889947,0.01156739621371162,0.01416234564726455,0.017017569288266934,0.014254298810375434,0.011684285827835626,0.01016004525965859,0.010294078683854116,0.01100320900953975,0.016696512481472997,0.01680405092646708,0.01701289370370197,0.014447556305727124,0.013551402597443078,0.009242072156738062,0.006612835103042091,0.007666400158346464,0.010097704132125785,0.009754827930695369,0.01138660694386649,0.011481677163354015,0.007560420241540699,0.006955711304472509,0.0045088220488099864,0.004753510974376238,0.005624728231647161,0.007915764668477676,0.006562962201015849,0.004580514345472709,0.005456407187308594,0.004837671496545522,0.004315564553458296,0.004814293573720721,0.005305229953041546,0.008515798020980906,0.007806667695295271,0.007858099125509834,0.00876516253111212,0.014684452590351777,0.019056124158589597,0.022941534932071548,0.021080652275217375,0.022191882873489593,0.021362745877303312,0.021046364655074336,0.0123809479280147
A2,2024-06-24,0.03630266147622137,0.032974505607088894,0.029836572868190355,0.023569694309931898,0.01790493936076042,0.016446062755659144,0.015802000188725313,0.017642820874217584,0.015148950702252875,0.013279671438221672,0.010692936431024647,0.010739368848640806,0.010231607894709253,0.008539071381604079,0.007583462270665049,0.005239374091010536,0.005613829071786017,0.006942395343577425,0.006443621309184484,0.006135070405025487,0.005643785470248056,0.004357158156303501,0.003922790378603942,0.004951792665774966,0.0056782353284794,0.005127037596777891,0.004580333324845688,0.003127447999436821,0.0039901922751435295,0.0027529930186613394,0.0033596100875176193,0.004554870386152956,0.00329819947067044,0.003296701650747338,0.004039620332605893,0.005642287650324953,0.0034345010836727154,0.0033416362484403957,0.0038943318000650064,0.004006668294297651,0.0038523928422181525,0.004039620332605893,0.004944303566159457,0.006132074765179283,0.009604021346929547,0.01313737854552699,0.013023544231371243,0.015983236399420647,0.014752028422630865,0.011314531699111945,0.013004072572370918,0.013466898928609413,0.009633977745391585,0.011453828951960425,0.013288658357760283,0.013995629361464392,0.014494403395857334,0.016453551855274653,0.01856098448707906,0.016502979912737015,0.014930268993479993,0.014660661407321647,0.015601292319029654,0.012385472944129823,0.010698927710717053,0.008575019059758524,0.008873085224455807,0.008787709488838998,0.008924011101841272,0.007053234017886967,0.007776681040745198,0.006803098090728946,0.00494729920600566,0.001969633198879032,0.0033056885702859493,0.004312223558610443,0.004261297681224978,0.0028144036355085182,0.0036471915127531886,0.004382621094996235,0.004598307163922911,0.0067581634930358875,0.005763611064096209,0.00615304424410271,0.007670335826204961,0.008318891852908093,0.006746180933651072,0.005179461294086459,0.018670325341465503,0.023066426815769654,0.02532214361996115,0.02475896332887483,0.023526257532161945,0.022762369371379963,0.023394449378928976,0.014894321315325547
A2,2024-06-30,0.02768577583284217,0.02894627492093628,0.02952001933344808,0.02683037507237003,0.02544121814631873,0.025863702668259235,0.0238608130827635,0.02332010243945692,0.02029316600859921,0.016864608488983236,0.013512550224368836,0.00879045984745353,0.007277860941740601,0.009765825348723592,0.008719176450747518,0.009696280571449434,0.009845801842588871,0.0075056200873134665,0.005175870048629185,0.009734530198950219,0.012090359529112311,0.011928667921949895,0.01085941697135972,0.00590609021000784,0.004974190194534128,0.003018243333698443,0.0016725518934434921,0.0033451037868869843,0.005194994862379578,0.004077062567697493,0.00328599072620395,0.004941156425328903,0.00616166726649037,0.006024316331373908,0.006128633497285145,0.003941450252012886,0.0033607513617736695,0.001615177452192312,0.0025888043340305195,0.003042584005744398,0.0038145310334875486,0.005525332554431827,0.005958248792963458,0.0034146485641611416,0.005097632174195757,0.0053080051254500845,0.008244533345851391,0.008107182410734931,0.009190342316779936,0.010650782639537247,0.006504175294565597,0.006441584995018854,0.007545608334246107,0.007749026807773019,0.011540955788646464,0.009518941389400331,0.00699968183264397,0.006017361853646493,0.006118201780694021,0.006432891897859585,0.010673384692151348,0.010469966218624439,0.008383622900399706,0.008013296961414817,0.00775424266606858,0.008369713944944875,0.012721478382875294,0.01242069722116456,0.01132188974023287,0.012175551881273153,0.010257854647938257,0.0069909887354847,0.007921150131526559,0.008135000321644593,0.0056939786393216596,0.005600093190001547,0.005761784797163963,0.006740627537297732,0.005466219493748792,0.005732228266822446,0.005290618931131545,0.0057009331170490745,0.008119352746757909,0.005412322291361321,0.0077212088968633555,0.006140803833308122,0.00478989653475761,0.00924423951916741,0.021355462481461966,0.025999314983943846,0.028918457010026613,0.030865710773703026,0.026148836255083286,0.026651297270889076,0.02367651942298698,0.010374342149872472
A2,2024-07-06,0.032353401054523,0.02896221506219739,0.02814069192497867,0.029401813246387742,0.02913523475568339,0.02640408685332288,0.02420737755973025,0.022409254374834996,0.02112890864303859,0.018688690151206402,0.016730363546416705,0.011815322624055123,0.01103096668025192,0.010231231208138849,0.009762155594687915,0.007849967574827817,0.005767323116200028,0.005510997644368916,0.005921118399298695,0.00848693637232813,0.008844510405532533,0.007143790899933101,0.008101166537222306,0.006199231536235452,0.003792335355741307,0.004735613092079801,0.006110799248453719,0.00747060587651777,0.0066260134468342545,0.005914710262502918,0.005153423611164515,0.0048727472195094455,0.0051611133753194476,0.00593137141817194,0.0042639742239105535,0.0029823468647549923,0.003020795685529659,0.002787539506163347,0.0033719615819382833,0.004519018068382511,0.006574748352468032,0.006238961984369275,0.00490350627612918,0.0055930217953548715,0.007761535287046082,0.007479577268031859,0.008025550523032129,0.007543658635989637,0.005077807596974336,0.004752274247748823,0.005682735710495761,0.005455887667925227,0.004111460568171042,0.00489453488461509,0.004110178940811887,0.004715107054333312,0.008703531396025421,0.008797090193243776,0.007556474909581193,0.006317141253277763,0.014350381540464826,0.01601008897057128,0.014948901517190473,0.015792212319514835,0.015766579772331722,0.014217092295112647,0.016272822579198168,0.013517323757013712,0.011788408449512856,0.010670829392329207,0.01034657767046285,0.007278361772644435,0.004161444035178109,0.005708368257678872,0.00752571585296146,0.009521209651166668,0.006386349130672164,0.005134199200777181,0.005937779554967718,0.006568340215672254,0.005877543069087407,0.004471597856093755,0.0047958495779601125,0.0038025883746145516,0.004108897313452731,0.005176492903629314,0.0066260134468342545,0.009130313306624222,0.017573674348741065,0.024735408031702343,0.025976023315364926,0.02156594357251064,0.019808832463108363,0.017310940740114175,0.01920262272222778,0.012698363874513306
A2,2024-07-30,0.033625789528181405,0.029300383115314254,0.02698236288958685,0.023356918510337204,0.021831360231940076,0.018415766403202978,0.015581403375556548,0.011886929209954093,0.014786180236772164,0.015157560487350289,0.013114278811307075,0.012390846650329615,0.010968833051461704,0.009278983881544885,0.010092154764781001,0.007136299313153624,0.008164843129810511,0.009023573672039483,0.008902081248058535,0.008059917854554238,0.007390328926931969,0.006987194974631552,0.005307009974804127,0.004003727608463051,0.00263279605149622,0.0020267145273185376,0.0031739895765022603,0.0031877955337728226,0.0045186898146550225,0.006241673282021191,0.005369136782521657,0.004586339005280778,0.0027777586028371235,0.003151900044869361,0.0026452214130397262,0.005688054395471645,0.006248576260656473,0.005815069202360817,0.004682980706174713,0.0022890277154592204,0.0035232802954474848,0.00475753287543575,0.005712905118558657,0.009048424395126495,0.008371932488868946,0.0065674938736064595,0.008376074276050114,0.006405964173540881,0.003724847271597694,0.0035384668484451033,0.001986677251233907,0.0024298484796189553,0.004460704794118662,0.004028578331550063,0.005500293376591998,0.0035149967210851476,0.006758016083940219,0.0121989438442688,0.010663721395782278,0.01039588582473337,0.019582369792565488,0.023965761225969003,0.023671694336106025,0.02101818934870396,0.019038415076105337,0.01834535602112311,0.01863804231525903,0.014848307044489695,0.013466330721706414,0.011340213302039827,0.011077900113899145,0.012004279846753872,0.009958236979256546,0.008986297587408964,0.005821972180996098,0.004430331688123424,0.003987160459738377,0.0021136920581230796,0.0043378317744106575,0.006018016774238082,0.005639733545024677,0.004388913816311737,0.0034860042108169668,0.0025251095847858345,0.008349842957236045,0.00876540227107997,0.008487902529941667,0.00758361232871984,0.015560694439650705,0.021664308148966274,0.022230352397059328,0.02343975425396058,0.02520553618886549,0.026223035239705927,0.029540606771822034,0.015513754184930796
A2,2024-08-15,0.03889009582132663,0.036814627474610014,0.03481294141276679,0.02795802061258425,0.027714812340223778,0.02399017329272575,0.021476110252595017,0.01876666079141065,0.01742764895481928,0.015947904241524945,0.012747939219793327,0.0129993455238064,0.012041542159060942,0.008277279291908678,0.008848408830373161,0.0073386046676859554,0.006143058385015092,0.005234443210185235,0.004004738462295203,0.00548858219141584,0.005729057786558781,0.005086878640438431,0.0033967177813940203,0.0027859644232753047,0.0013198830960686337,0.0009140805292649235,0.001456516956945304,0.002578280954742766,0.002984083521546477,0.0034322425852219545,0.0018568541693139476,0.0012174077004111312,0.0024635085116063633,0.002037210865671152,0.002575548277525233,0.002105527796109487,0.0046154918204139184,0.0031685392337299813,0.0029936478918078436,0.0017489134192213783,0.003963748304032202,0.0040184018483828705,0.004831373320599058,0.005618384359248677,0.004231550671350475,0.0052412749032290686,0.007083099347846581,0.006324781419981062,0.004262976459352109,0.001470180343032971,0.0072935154935966535,0.00495844281121436,0.002619271113005767,0.004099015826300105,0.003352994945913486,0.003346163252869653,0.004917452652951359,0.008157041494337209,0.005707196368818513,0.007152782616893684,0.016729449925739496,0.020236841134443618,0.025415264461669418,0.02414320321690762,0.016312716650065652,0.015122635721829853,0.01375356443584562,0.01587412195665154,0.020227276764182255,0.01609410247266298,0.01532348749731856,0.010296727755665865,0.007764902313621165,0.0077512389275334985,0.0054284632926301065,0.006189513897713159,0.003652223101233394,0.004090817794647505,0.004585432371021051,0.003959649288205902,0.003275113645213784,0.0067948019013968075,0.007245693642289819,0.005254938289316735,0.006640405638606171,0.007036643835148514,0.006751079065916273,0.006552959967645102,0.019881593096164274,0.024200589438475823,0.02682259322869912,0.028321466682516196,0.026050611914745933,0.026058809946398535,0.029153566895255112,0.01696855918227367
A2,2024-08-26,0.036660685352830125,0.0378082268462512,0.03394266024375149,0.029029067941298118,0.02456018684090223,0.019970020867217938,0.018830254045161508,0.018931324772901846,0.01811342934534157,0.015113961132862912,0.012626066296177659,0.01141166262902067,0.011018264257969814,0.009102585233722168,0.0077451276134557785,0.006749969678781677,0.006336357162182753,0.0045466278140423,0.0035950080390101903,0.0028672987992797543,0.0027802224799957703,0.0031720659167736977,0.0027522336630830613,0.00382202844285772,0.0038422425884057877,0.003046116240666507,0.00226398430138358,0.0037769353489428,0.003744281729211306,0.0037924846916720825,0.004408238663751683,0.004621264659142857,0.0026667122780720054,0.0018270477706907326,0.002786442217087483,0.0024101481230388386,0.005308545607777158,0.004924476842363873,0.005251013039678812,0.0036540955413814653,0.004142344903080946,0.004319607410194771,0.005481143312072198,0.006505844997931936,0.004796972231983753,0.0058792064859418385,0.007560090434977312,0.006288154199721977,0.004425342940753894,0.004199877471179293,0.004280734053371564,0.004938471250820227,0.005485808114890983,0.005227689025584887,0.0038982202222312056,0.004031944569703038,0.0049726798048246494,0.00527122718522688,0.005163936720394829,0.004333601818651125,0.013831140357697079,0.021231072562562778,0.022957049605513175,0.01871207904041896,0.017485235899078543,0.018634332326772547,0.016079575316351374,0.013321121916176602,0.01186570343671573,0.010110182642579698,0.00858634705510998,0.007390602599228129,0.005204365011490963,0.004349151161380408,0.004521748865675447,0.004314942607375986,0.003301125461426745,0.003355548160979235,0.0048265159831693905,0.005900975565762834,0.006235286434442416,0.004912037368180446,0.003117643217221208,0.004758098875160546,0.009371588862938762,0.009085480956719957,0.010816122802489137,0.012696038338459432,0.02436271018824034,0.028542373513871563,0.030185939040356758,0.03180618055274803,0.030898098937357912,0.029792540669305905,0.031059812101742454,0.01536897035362315
A2,2024-10-24,0.0348430300446018,0.03406938019852213,0.029697358975327756,0.026080995741327464,0.02591547065798019,0.023337237566277494,0.018673748261536824,0.014485243978575292,0.012369401608831838,0.012828193959413965,0.01084908970200087,0.012394590208471641,0.012178687925844757,0.014553613034740471,0.009222625839545018,0.0093035891955301,0.009674221447372917,0.008652283976272336,0.0070977875413587785,0.0077023139327140515,0.007160759040458286,0.006772134931729896,0.005618856905364631,0.0020726619132180766,0.002515261592603187,0.0038664500447097632,0.006322338509590557,0.005976894857387544,0.008024368170965818,0.004408004936965528,0.004111139298353564,0.005859947787631316,0.006989836400045337,0.006615605776825406,0.0053903603229178455,0.005847353487811415,0.005613459348298958,0.005393958694294961,0.0026969793471474804,0.0014465452936001163,0.0017506076749663096,0.0035551909205893397,0.0037890850601017966,0.00590492742984525,0.010640384162128216,0.011199930911269555,0.014168587297389196,0.018887851358475146,0.018133992554969613,0.015669108161646034,0.009001325999852464,0.006709163432630389,0.005980493228764659,0.009953095229099308,0.010359711194713269,0.01084908970200087,0.012392791022783083,0.008940153686441512,0.005980493228764659,0.006874688515977666,0.013317572466701568,0.016439159636348583,0.017389129679906867,0.01148959980712729,0.007454026307693136,0.009801963631260487,0.007052807899144845,0.004323443209603333,0.003630756719508749,0.004719264061085951,0.005181654783045192,0.003931220729497828,0.00410034418422222,0.003843060630758517,0.0027041760899017098,0.001892743344362341,0.0018351694023285056,0.004533947935164543,0.00709059079860455,0.00540115543704919,0.008094536412819554,0.007229128096623466,0.006896278744240355,0.005960702186190528,0.004897383444253129,0.008074745370245424,0.0071337712551299256,0.0077814781030105746,0.01771658147522431,0.024677630904252724,0.026466021478678742,0.021228591939288274,0.021221395196534043,0.02493491445771643,0.029983429499808378,0.014199173454094672
A2,2024-11-19,0.03258005920474878,0.03632348978456373,0.03685660392720956,0.032591690786042876,0.03171350639833901,0.02688833875817361,0.021382723612303884,0.019461574101896528,0.01684640690760841,0.013386011472616349,0.00951075630480171,0.007667150669688292,0.008619001738921403,0.010615756527740352,0.01039863367691732,0.009473922964037089,0.006399308308632378,0.003648439332579865,0.002576395256641148,0.003068798864757666,0.0038209744551088807,0.003954737639990927,0.0037279218047561536,0.0012426406015853843,0.0019851232075248576,0.0014946581962906884,0.0026054742098763754,0.003134711158757514,0.007294940068277382,0.008502685925980493,0.005385422139164116,0.0051450361257529015,0.004677834277106915,0.0064283872618676055,0.005565711649222526,0.004317255256990095,0.006845185591572532,0.006269422317515028,0.004321132450754792,0.004140842940696382,0.0018978863478191755,0.002101439020465767,0.0023941671497003897,0.0033983603347569097,0.00911140534703792,0.011767283075855357,0.011974712942266647,0.010592493365152169,0.010290072251505803,0.01002448447862406,0.007663273475923596,0.009167624656626025,0.01275209029208839,0.012864528911264604,0.007634194522688368,0.006808352250807909,0.008363106950451402,0.007378299734218367,0.009603808955154437,0.013211537753204983,0.01179054623844354,0.013099099134028772,0.011451291784032553,0.01241865162832445,0.011205089979974294,0.010416081048858456,0.012502011294265435,0.011086835570151036,0.009512694901684058,0.007362790959159579,0.006156983698338816,0.00522645719481154,0.002312746080641753,0.002591904031699936,0.003031965523993044,0.003863623586520548,0.0025007899782295566,0.004454895635636839,0.003656193720109259,0.003954737639990927,0.005371851960987676,0.006835492607160789,0.01024354592632944,0.009501063320389969,0.008113027952628447,0.0067346855692786665,0.0066571416939847266,0.010072949400682773,0.022497416819654267,0.024897399760001705,0.029745830562755288,0.028530330317522782,0.023520995973534273,0.022092250071243432,0.024846996241060643,0.011875844501266872
A2,2024-12-03,0.03023778640705974,0.038590967313727915,0.04637350940845801,0.03995281100321137,0.029648935718144906,0.0226677162103917,0.01597788673426646,0.014310488219950913,0.013357399991501128,0.01363057814615234,0.013729731698581297,0.012742243258064324,0.008887395964652772,0.007713741670595712,0.007827060016228808,0.006256791512455913,0.005283467865143076,0.005678058532972605,0.006529969667107126,0.007460798934807553,0.01111126849770227,0.007529599358941932,0.00538464495945834,0.00340966807842439,0.0031344663818868726,0.0043485915136700385,0.004888877197313547,0.005999801692895143,0.004593440081912976,0.005012313252378169,0.0030616188739798827,0.0025233567322226792,0.0022845787896386568,0.003976259806589867,0.004988030749742505,0.007088467227727382,0.006204179423411977,0.009368998933593428,0.006181920462662619,0.0032862320233597686,0.0030454305388894405,0.002731781546512123,0.002766181758579312,0.003049477622662051,0.008776101160905983,0.013057915792327946,0.014136463617728658,0.01395636838984749,0.011105197872043355,0.008531252592663045,0.007128938065453488,0.008021320037314114,0.007871577937727523,0.0072746330812674675,0.009704906886720105,0.012201957574420814,0.012517630108684438,0.010698465952895996,0.011645483555686864,0.013371564784705263,0.014644372631191284,0.010959502856229375,0.007535669984600848,0.009368998933593428,0.013250152271526946,0.010496111764265468,0.008788242412223814,0.010382793418632371,0.010334228413361044,0.008565652804730234,0.008994643684626952,0.009654318339562472,0.005437257048502277,0.0019041529150132647,0.0011493717914213967,0.0018859410380365174,0.002853194059690439,0.003911506466228099,0.002367544006977173,0.0008842878043154057,0.0015722920456591996,0.00032579024369514946,0.0,0.0012323370087599132,0.005963377938941648,0.00846042862664236,0.0077623066758670395,0.006669594057262191,0.025686840704759177,0.028675612070832066,0.026907036462201255,0.02099829415418985,0.020099841556670307,0.024715540599332644,0.027477675274139347,0.0172587887482977
A4,2024-02-09,0.03937821827066687,0.0391859649324172,0.043438493996387356,0.04897438582949424,0.05312146250270804,0.05258989636971177,0.05110567190389628,0.04660134835587527,0.040193142868620656,0.033704592702694554,0.024521626348463478,0.014239659568118655,0.007601897856088332,0.004290549313698624,0.0006492136981938228,0.0,0.0,0.0,0.0,0.0,0.0,0.0,0.0,0.0,0.0,0.0,0.0,0.0,0.0,0.0,0.0,0.0,0.0,0.0,0.0,0.0,0.0,0.0,0.0,0.0,0.0,0.0025889637975486258,0.0036169452666223807,0.002774043503774047,0.0020609844805644785,0.0025473567318080276,0.0025832248919292334,0.002725980169211632,0.0019770529858808574,0.0012446251562058372,0.0015710254133088088,0.003147072369034586,0.003147072369034586,0.0017288453178421139,0.0010495023651464783,0.0003020099082205518,0.0004562429967417363,0.0,0.0,3.443343371635745e-05,0.0,0.0,0.0,0.0,0.0,0.0,0.0,0.0,0.0,0.0,0.0,0.0025903985239534746,0.0031069000296988364,0.0031069000296988364,0.0031069000296988364,0.0031069000296988364,0.0031069000296988364,0.0031069000296988364,0.0020243989572408484,0.0006434747925744299,9.97134851369518e-05,0.0,0.0,0.0005078931473162724,0.0005078931473162724,0.0010243946530616344,0.012349407529731116,0.03549656598234999,0.0569937890693934,0.05785821172831446,0.057273560718338806,0.056360357361652916,0.053168808474068026,0.047587722759208424,0.0397211178814256,0.02399938593709872
A4,2024-04-03,0.048932994192621246,0.04879729151371119,0.0527526766483526,0.06169426534397149,0.059064590995605314,0.054393287240816574,0.047448093725316894,0.037111203126032985,0.03069142254682612,0.021753313407076716,0.012146259651418091,0.006382375353609865,0.0028532358129808306,0.001667577150452516,0.0009794949772611021,0.0,0.0,0.0,0.0,0.0,0.0,0.0,0.0,0.0,0.0,0.0,0.0,0.0,0.0,0.0,0.0,0.0,0.0,0.0,0.0,0.0,0.0,0.0,0.0,0.0,0.0006219706116711262,0.0018989676157735226,0.0018989676157735226,0.0018989676157735226,0.0018650419460460065,0.0012769970041023964,0.0006219706116711262,0.0,0.0,0.0,0.0,0.0012761271151350239,0.0012761271151350239,0.0012761271151350239,0.0007202680649841853,0.0,0.0,0.0,0.0,0.0,0.0,0.0,0.0,0.0,0.0,0.0,0.0,0.0,0.0,0.0,0.0,0.0,0.0006367587241164537,0.0006367587241164537,0.003746611782472085,0.0034525893115002794,0.0037274742251898964,0.0037274742251898964,0.0037274742251898964,0.003512611650248962,0.0020616368526721247,0.0006828628393871805,0.0006184910558016374,0.0008446621873184105,0.000599353498519449,0.0005088850459127397,0.0005332419369991614,0.0005158441576517172,0.06547654257410583,0.06792093057242173,0.0668796734784772,0.06629510809240308,0.06404557522277855,0.05710995048591997,0.04734457693819961,0.03409529807615356
A4,2024-04-06,0.05488921135247556,0.054857580046972505,0.05402528132092334,0.05851989213724825,0.058510995832575526,0.053128731505571083,0.04325284484053869,0.03171334920170494,0.021649651660248154,0.016300007117043745,0.013535233320417221,0.009838324489747507,0.005278474105822535,0.0017071020188680743,0.0008668954664431391,0.0006019832828550419,0.00015519109262437038,0.00015519109262437038,0.00015519109262437038,0.00015519109262437038,0.00015519109262437038,0.00015519109262437038,0.00015519109262437038,0.00015519109262437038,0.00015519109262437038,0.00015519109262437038,0.00015519109262437038,0.00015519109262437038,0.00015519109262437038,0.00015519109262437038,0.00015519109262437038,0.00015519109262437038,0.00015519109262437038,0.00015519109262437038,0.00015519109262437038,4.7446958254584575e-05,0.0,0.0,0.0,0.0,0.0,0.0021805831231169496,0.0021805831231169496,0.0021805831231169496,0.0021805831231169496,0.0021805831231169496,0.0021805831231169496,0.0007067619823339161,0.0,0.0,0.0,0.0,0.0015776113619649372,0.0014352704872011835,0.0014352704872011835,0.0014352704872011835,0.0005792482820247201,0.0,0.0,0.0,0.0,0.0,0.0,0.0,0.0,0.0,0.0,0.0,0.0,0.0,0.0,0.0,0.0,0.0,0.0,0.0,0.0007097274172248277,0.0007097274172248277,0.0007097274172248277,0.0007097274172248277,0.0007097274172248277,0.0007097274172248277,0.0007097274172248277,0.0017654222383893345,0.0017555374554196295,0.0010556948211645069,0.0010556948211645069,0.0021123781206259843,0.0651288580307931,0.06885739816696587,0.06851637315451105,0.0683068157555533,0.06594731806068468,0.06165040290375386,0.05189313363435794,0.03506231367184103
A4,2024-04-20,0.046692311890066535,0.04904810837958754,0.04845337844524832,0.06255855962514441,0.06586888378533118,0.06222003527682691,0.05242410256362824,0.045950518099491015,0.037690893972509236,0.02843604525867053,0.021810772288729824,0.015148502122251687,0.007336544073372841,0.0025407824722081685,0.0007898901460741814,0.000422692970440165,0.0,0.0,0.0,0.0,0.0,0.0,0.0,0.0,0.0,0.0,0.0,0.0,0.0,0.0,0.0,0.0,0.0,0.0,0.0,0.0,0.0,0.0,0.0,0.0,0.0,0.0,0.0,0.0,0.0,0.0,0.0,0.0,0.00133097414543413,0.00133097414543413,0.0007797159170263874,0.0,0.0,0.0,0.0,0.0,0.0,0.0,0.0,0.0,0.0,0.0,0.0,0.0,0.0,0.0,0.0,0.0,0.0,0.0,0.0,0.0,0.0,0.0,0.0,0.0,0.0,0.0,0.0,0.0,0.0,0.0,0.0008990318758596069,0.0008990318758596069,0.0012551298925323935,0.0012551298925323935,0.0012551298925323935,0.0012736284908011096,0.059053075253222696,0.06228293051094054,0.06271949743008225,0.0624031713996872,0.062195987099077574,0.0584694444778447,0.05060291556407314,0.024602210767479097
A4,2024-05-19,0.05583671388985567,0.051455778897339495,0.058846407671343345,0.0671252051631701,0.06572258325868532,0.061484287781879456,0.054215378061281745,0.04689131439460937,0.034833520666563964,0.020193000774057106,0.01028906373323748,0.004661459373413135,0.00283091892179741,0.002590333605299343,0.0015557216513471827,0.0005924294552501802,0.0,0.0,0.0,0.0,0.0,0.0,0.0,0.0,0.0,0.0,0.0,0.0,0.0,0.0,0.0,0.0,0.0,0.0,0.0,0.0,0.0,0.0,0.0,0.0,0.0,0.0,0.0,0.0,0.0,0.0,0.0,0.0,0.001250473087727106,0.001250473087727106,0.001250473087727106,0.0009918200992390658,8.84364997403961e-05,0.0,0.0,0.0,0.0,0.0,0.0,0.0,0.0,0.0,0.0,0.0,0.0,0.0,0.0,0.0,0.0,0.0,0.0,0.0,0.0,0.0,0.0,0.0,0.0,0.0,0.0,0.0,0.0,0.0003157087947721667,0.0003157087947721667,0.0003166597248769021,0.0003166597248769021,0.0007255596699131421,0.0007255596699131421,0.0053955774142688965,0.05797155197498674,0.06352022913611804,0.0627490248211776,0.06178573262508059,0.062453285558604875,0.05795158244278729,0.05030420254050487,0.031197163946055637
A4,2024-05-29,0.042683704905481526,0.03948364922351834,0.056071405488982096,0.06074471311359949,0.06393813999042137,0.06108858238030449,0.057161843934726154,0.0508876798684845,0.04115990832362489,0.02900019389255038,0.01370505462964037,0.006221133625111239,0.0021717622844188277,0.0002369797838015203,0.0,0.0,0.0,0.0,0.0,0.0,0.0,0.0,0.0,0.0,0.0,0.0,0.0,0.0,0.0,0.0,0.0,0.0,0.0,0.0,0.0,0.0,0.0,0.0,0.0,0.0,0.0,0.0,0.0,0.0,0.0,0.0,0.0,0.0,0.0,0.001213071340858132,0.001213071340858132,0.001213071340858132,0.000332268857707726,0.0,0.0,0.0,0.0,0.0,0.0,0.0,0.0,0.0,0.0,0.0,0.0,0.0,0.0,0.0,0.0,0.0,0.0,0.0,0.0,0.0,0.0,0.0,0.0,0.0,0.0,0.0,0.0,0.0,0.0,0.0,0.0,0.00031569684485447286,0.00031569684485447286,0.0017359183463782693,0.056412788953759105,0.06361001413592696,0.06746217852366565,0.06771904472289109,0.0657171455702181,0.059845681416310505,0.05291940864429334,0.03542019167190066
A4,2024-06-20,0.05082750920143915,0.06171208800297755,0.06356395517141557,0.06391629791985444,0.06310905256192878,0.06027707704396013,0.054132583433274054,0.04400893263305901,0.030693519705553948,0.018354079649311444,0.008873082171953185,0.003882386998056325,0.0016277242463090856,0.0005549811835738802,0.00039866010504114804,0.000160456556800794,0.0,0.0,0.0,0.0,0.0,0.0,0.0,0.0,0.0,0.0,0.0,0.0,0.0,0.0,0.0,0.0,0.0,0.0,0.0,0.0,0.0,0.0,0.0,0.0,0.0,0.0,0.0,0.0,0.0,0.0,0.0,0.0,0.0,0.0,0.0,0.0011943261238162193,0.0011943261238162193,0.0011943261238162193,0.0004499400355651131,0.0,0.0,0.0,0.0,0.0,0.0,0.0,0.0,0.0,0.0,0.0,0.0,0.0,0.0,0.0,0.0,0.0,0.0,0.0,0.0,0.0,0.0,4.300897398784169e-05,0.00013895206980687317,0.00024482031346925276,0.00044828584425788846,0.0003291840701377114,0.00033580083536661017,2.7294156569207228e-05,0.0,0.0003134692527190769,0.0008883007319796535,0.002406021256358298,0.057560894917497205,0.06489392498242422,0.06623051155866176,0.06570447872296431,0.06438443405979902,0.05919854431164964,0.05031884537446756,0.036407923576361606
A4,2024-07-17,0.045160822757008036,0.049171962840750934,0.04670345517122036,0.04973547477729446,0.05493280009229172,0.054905437964139346,0.05258187562211866,0.04621685300029433,0.041744254322846494,0.03686787937590683,0.031595862846223365,0.024069798570365782,0.015756888230883115,0.011429974397922253,0.006450067074189823,0.002157171022175156,0.0009732043418520759,0.0,0.0,0.0,0.0,0.0,0.0,0.0,0.0,0.0,0.0,0.0,0.0,0.0,0.0,0.0,0.0,0.0,0.0,0.0,0.0005280151216431477,0.0008763276178531231,0.0008763276178531231,0.0008763276178531231,0.0015463299990977892,0.0015108331841974098,0.000857839693425842,0.0005280151216431477,0.0005280151216431477,0.0005280151216431477,0.0008297380482963748,0.0009635906211498898,0.0014893871918617637,0.0014324443846257379,0.0017570923375687937,0.0022148533463882732,0.0021830541163733496,0.0014775549202283038,0.0010146172925691855,0.00045997955975075324,0.0001663913198455297,0.00044001260136928964,0.0004666352125445744,0.0004459287371860196,4.954763746511329e-05,0.0,0.0,0.0,0.0,0.0,0.0,0.0,0.0,0.0,0.0,0.0,0.0,0.0,0.0,0.0,0.0,0.0,0.0,0.0,0.0,0.0,0.0,0.0,0.0007254661545265094,0.0008378727350443785,0.0008630163122654807,0.004775061121078157,0.04973769332822574,0.05473682809336254,0.05541052805949267,0.05485958791155969,0.05393519169019564,0.051812038448966674,0.04821059077053232,0.02959546942319155
A4,2024-08-03,0.048578147001495944,0.05204250953952108,0.05053345017368054,0.05070069526172313,0.05681015062077214,0.05572036004707524,0.05409338133344431,0.050264470746367806,0.04747294213397024,0.04271377891432504,0.037045172358780014,0.02682164197682152,0.019760353973843483,0.013352632029207001,0.006626604917005586,0.0036292954819934064,0.0009071311918254915,0.0001063586274187917,0.0,0.0,0.0,0.0,0.0,0.0,0.0,0.0,0.0,0.0,0.0,0.0,0.0,0.0,0.0,0.0,0.0,0.0,0.0,0.0,0.0,0.0,0.0,0.0,0.0009541447880033632,0.0009541447880033632,0.0010682105623365601,0.001207709921487294,0.0011183070172801938,0.0015699458264643383,0.0015699458264643383,0.0006951846516793487,0.001615417993259329,0.0009926805225753893,0.0012107927802530562,0.0011082877262914672,0.0011082877262914672,0.0006905603635307054,0.00034990446991399585,0.00034990446991399585,0.00034990446991399585,0.00017880580841420052,0.0,0.0,0.0,0.0,0.0,0.0,0.0,0.0,0.0,0.0,0.0,0.0,0.0,0.0,0.0,0.0,0.0,0.0,0.0,0.0,0.0,0.0,0.0,0.00023044369274071534,0.0002242779752091912,0.00038150377226305716,0.0002242779752091912,0.0006211960413010587,0.04653729449856145,0.047543847885582774,0.04720319199196606,0.04781899303042703,0.047426699252483814,0.049142310155630406,0.04621359432815643,0.03216115335912144
A4,2024-08-09,0.04367366743338318,0.05043131642871839,0.05017796217190623,0.055475369359796814,0.054709164667983076,0.053768682957089454,0.051915358181499914,0.048109670148112425,0.04168291716697734,0.03189960415316723,0.023414539770476396,0.015352500222644647,0.008652431740221293,0.003777281647017636,0.0022932398942361134,0.0007615982507807917,0.00037465720401313134,0.0,0.0,0.0,0.0,0.0,0.0,0.0,0.0,0.0,0.0,0.0,0.0,0.0,0.0,0.0,0.0,0.0,0.0,0.0,0.0,0.0,0.0,0.000972726798124257,0.0013297259781777531,0.0008329980867914908,0.0011193651710064458,0.0011193651710064458,0.0009804041998458376,0.0011139909898013392,0.0008852044184982387,0.000973494538296415,0.001345080781620914,0.001345080781620914,0.001806492625087906,0.0020629178425886968,0.0019485245569371464,0.0005589148453310648,0.0005581471051589068,0.0002149672482042557,0.0,0.0,0.0,0.0,0.0,0.0,0.0,0.0,0.0,0.0,0.0,0.0,0.0,0.0,0.0,0.0,0.0,0.0,0.0,0.0,0.0,0.0,0.0,0.0,0.0,0.0,0.0,0.0,0.0008007529995608524,0.0008007529995608524,0.0019086020679849273,0.004449054297655935,0.0595044697832823,0.05953057294913567,0.05956742447739925,0.0589478581584677,0.0566745795087077,0.0542730882501973,0.0504804517997365,0.037425030172188754
A4,2024-08-13,0.04312030553172724,0.04601242791823518,0.048291362419790686,0.05646961501135444,0.05906479995751139,0.05701118383887804,0.05188680004441991,0.04818433618790266,0.04115198851520014,0.03370763008515426,0.02410665284713918,0.018216991259256163,0.0104958131016202,0.004911136039192523,0.003212396373661569,0.001689887871916156,0.0005013334020017929,0.0,0.0,0.0,0.0,0.0,0.0,0.0,0.0,0.0,0.0,0.0,0.0,0.0,0.0,0.0,0.0,0.0,0.0,0.0,0.0,0.0,0.0,0.0,0.0,0.0008618428146772394,0.0008618428146772394,0.0004168390084059851,0.0,0.0,0.0010187609742123111,0.0010187609742123111,0.0011829215103413091,0.0017558739697719295,0.0014597412379313843,0.001170850882684765,0.0011668273401325838,0.00045466030839648957,0.0,0.00042408138499991154,0.00042408138499991154,0.00042408138499991154,0.00023336546802651677,0.0,0.0,0.0,0.0,0.0,0.0,0.0,0.0,0.0,0.0,0.0,0.0,0.0,0.0,0.0,0.0,0.0,0.0,0.0,0.0,0.0,0.0,0.0,0.0,0.0,0.0004779968551991412,0.0004779968551991412,0.00044500380627125437,0.004107232237266695,0.05867129749590806,0.05961843941269154,0.05952750735101225,0.05959671228290977,0.057716108494020216,0.054139983873641453,0.04857783864950599,0.035734690822943206
A4,2024-09-07,0.051535697301352344,0.040951090778783235,0.04562047462440639,0.06201648392131122,0.06252302457517567,0.06157441207793861,0.0604072754308526,0.05727174692056773,0.049771596214257495,0.04243638519193286,0.03339233206293496,0.020455032586053305,0.009085078735674528,0.003942644527351521,0.0011185757248973523,0.00046049150351313157,0.00036588143097316094,0.00036588143097316094,0.00036588143097316094,0.00011219247540138116,0.0,0.0,0.0,0.0,0.0,0.0,0.0,0.0,0.0,0.0,0.0,0.0,0.0,0.0,0.0,0.0,0.0,0.0,0.0,0.0,0.0,0.0,0.0,0.0010633167444757765,0.0009193084924680336,0.0,0.0,0.0016284654078782563,0.0016284654078782563,0.0015564612818743848,0.0019851370087811543,0.0018185228102373123,0.0011570895597366323,0.0010641540017548913,0.0006070115273582189,0.0006070115273582189,0.0005961271827297268,0.0003935109211839488,0.00011051796084315157,0.0,0.0,0.0,0.0,0.0,0.0,0.0,0.0,0.0,0.0,0.0,0.0,0.0,0.0,0.0,0.0,0.0,0.0,0.0,0.0,0.0,0.0,0.0,0.000283830217619912,0.0013211919864431303,0.0022513848235396557,0.0020931431977869617,0.002524330696531076,0.0028081609141509876,0.04400540533299396,0.050991480069927736,0.0512275866226381,0.05151727764121182,0.05061890058072165,0.04914867679859609,0.04506955933474886,0.02723179300320837
A4,2024-10-15,0.04493774474299542,0.04756317993000656,0.0553249805296127,0.0556212393980674,0.06203715231613546,0.056243746529636325,0.05147725031784214,0.044956828903233305,0.03122804753591684,0.020356437587071476,0.014382186663080053,0.008840510037813899,0.0034006156004831012,0.0007633664095151804,1.726662116760527e-05,0.0,0.0,0.0,0.0,0.0,0.0,0.0,0.0,0.0,0.0,0.0,0.0,0.0,0.0,0.0,0.0,0.0,0.0,0.0,0.0,0.0,0.0,0.0,0.0,0.00039440597824950984,0.00039440597824950984,0.00039440597824950984,0.0008996818397857483,0.0008996818397857483,0.0006579491434392746,0.0005052758615362384,0.0005052758615362384,0.0004861917012983589,0.0013158982868785492,0.0013158982868785492,0.0013158982868785492,0.0005370827952660376,0.0,0.0,0.0,0.0,0.0,0.0,0.0,0.0,0.0,0.0,0.0003653253531251221,0.0003653253531251221,0.0003653253531251221,0.00016176097725440728,0.0,0.0,0.0,0.0,0.0,0.0,0.0,0.0,0.0,0.0,0.0,0.0,0.0,0.0,0.0,0.0,0.0,0.0,0.0002717220910059987,0.0002717220910059987,0.0002717220910059987,0.002923511594536113,0.06827949025299233,0.06827676394438693,0.06831947611253837,0.0709376411432684,0.0697916827594605,0.06231887087202797,0.05066662789249982,0.02964042715803229
A4,2024-10-19,0.04914080201807043,0.04756559010006016,0.05084439230179598,0.0632877230925505,0.06320807228170523,0.06263177523853075,0.060246936254987546,0.057402933773630524,0.045266024337539526,0.032614664370224464,0.022826985319887028,0.013829254899461935,0.006753451691314688,0.0015339809100433112,0.00014149732279568724,0.0,0.0,0.0,0.0,0.0,0.0,0.0,0.0,0.0,0.0,0.0,0.0,0.0,0.0,0.0,0.0,0.0,0.0,0.0,0.0,0.0,0.0,0.0,0.0,0.0,0.0,0.0,0.0,0.0,0.0,0.0,0.0,0.0,0.0,0.0,0.0,0.0013268888018456498,0.0020062633649375254,0.0020062633649375254,0.0020062633649375254,0.0018966263664799401,0.0004310514469272591,0.0,0.0,0.0,0.0,0.0,0.0,0.0,0.0,0.0,0.0,0.0,0.0,0.0,0.0,0.0,0.0,0.0,0.0,0.0,0.0,0.0,0.0,0.0,0.0,0.0,0.0,0.0,0.0,0.0004779048650715264,0.000528506556667335,0.008679127177044074,0.05583709253924911,0.0582481694369531,0.06158694401391359,0.06023475436627004,0.0582481694369531,0.05083314748144136,0.03811619272872433,0.02024255077504924
A4,2024-11-02,0.06162119676505263,0.06054460462903592,0.06145469212153804,0.06914596562351334,0.0661468136595859,0.05957660247792002,0.054552505843175364,0.044372970401472686,0.03493184685709557,0.025659296336897838,0.01807351024882619,0.010014064988520486,0.005955902124226942,0.0033042381119821286,0.0009162926344964525,0.0011820795499203672,0.0011624299336049806,0.0007797795106211347,0.0005584627794899372,0.0,0.0,0.0,0.0,0.0,0.0,0.0,0.0,0.0,0.0,0.0,0.0,0.0,0.0,0.0,0.0,0.0,0.0,0.0,0.0,0.0,0.0,0.0,0.0007528905619790264,0.0007528905619790264,0.0015574906405774916,0.002885391027364676,0.0021542184623658134,0.0021542184623658134,0.0016898670031232545,0.0008046000785984651,0.0006349928640867064,0.0,0.0,0.0,0.0,0.0,0.0,0.0,0.0,0.0,0.0,0.0,0.0,0.0,0.0,0.0,0.0,0.0,0.0,0.0,0.0,0.0,0.0,0.0,0.0,0.0,0.0,0.0,0.0,0.0,0.0,0.0,0.0,0.0007539247523114153,0.0007539247523114153,0.0021935176949965866,0.006995263408277658,0.012156907357230023,0.052037354954805874,0.054331189112044175,0.05586385918464433,0.05522783213022524,0.05575733758040829,0.0517405423294103,0.04057335512027633,0.018275177363642002
A4,2024-11-06,0.04358978765433886,0.046405445716048176,0.051852247144770776,0.058741700230552925,0.06248897660371762,0.060259424042807416,0.0567075161699091,0.04404655197209125,0.03148688995959671,0.023989623761874745,0.01667868122644385,0.009446428781398026,0.00492581876134562,0.002303720232307619,0.0013196418605955305,0.0009994545962700898,0.0005381678595300484,0.0005381678595300484,0.0003672204217969742,0.0,0.0,0.0,0.0,0.0,0.0,0.0,0.0,0.0,0.0,0.0,0.0,0.0,0.0,0.0,0.0,0.0,0.0,0.0,0.0,0.0,0.0,0.0,0.0,0.0,0.0,0.0,0.0,0.0,0.0,0.0,0.0013241642795831779,0.0016470649953012069,0.0016470649953012069,0.0016470649953012069,0.00042058496585121427,7.597663899247743e-05,0.0,0.0,0.0,0.0,0.0,0.0,0.0,0.0,0.0,0.0,0.0,0.0,0.0,0.0,0.0,0.0,0.0,0.0,0.0,0.0,0.0,0.0,0.0,0.0,0.0,0.0,0.0,0.0,0.0,2.5325546330825803e-05,0.0004477194797770991,0.01039975470399411,0.06632398790524267,0.06827767290790637,0.06946797358545519,0.06755046793469266,0.06279559661108011,0.05549822133261216,0.04869017178860767,0.027075722479045373
A4,2024-11-10,0.04150203303698393,0.05629007709905883,0.06499336856625956,0.07242993387710735,0.07065481552702083,0.06634730844622369,0.056448550816352354,0.04613818695431596,0.034701489759300756,0.020364404463215482,0.008513973872044703,0.0025876949944640556,0.001839996851797294,0.0015911186649067927,0.0004360686180560061,0.0,0.0,0.0,0.0,0.0,0.0,0.0,0.0,0.0,0.0,0.0,0.0,0.0,0.0,0.0,0.0,0.0,0.0,0.0,0.0,0.0,0.0,0.0,0.0,0.0,0.0,0.0,0.0,0.0,0.0,0.0,0.0,0.0,0.0,0.0007583339626193471,0.0007583339626193471,0.002264366067905456,0.002264366067905456,0.002264366067905456,0.0018123437199205716,0.00150496852329085,0.0003446005664637706,0.0,0.0,0.0,0.0,0.0,0.0,0.0,0.0,0.0,0.0,0.0,0.0,0.0,0.0,0.0,0.0,0.0,0.0,0.0,0.0,0.0,0.0,0.0,0.0,0.0,0.0,0.0,0.0,0.0,0.0,0.009539266915473948,0.05423523668421931,0.05995411707272454,0.06191642585397657,0.06224613627250672,0.06088794206456155,0.05396189611143787,0.049456562779522636,0.03099171575983893
A4,2024-11-24,0.04120726843941963,0.04795318238152871,0.05452886553636191,0.05409913659775086,0.06211036352577023,0.05740306706055025,0.05279541788544297,0.04315558055964409,0.0338551668157916,0.02571730478992067,0.015362290559042055,0.008345460546939062,0.0035634286141345522,0.0001660788168545087,0.0006466693931272432,0.0006466693931272432,0.0006466693931272432,0.0003466895301837869,0.0,0.0,0.0,0.0,0.0,0.0,0.0,0.0,0.0,0.0,0.0,0.0,0.0,0.0,0.0,0.0,0.0,0.0,0.0,0.0,0.0,0.0,0.0,0.0,0.0,0.0,0.002143454730028503,0.0029022273245325396,0.0029022273245325396,0.003125395734680786,0.0027257685816246243,0.002734072522467349,0.002567993705612841,0.0027537943819688224,0.0025814876094822693,0.002283583731749495,0.002283583731749495,0.0016535222203077024,0.001230021237328705,0.0007099869420530248,0.0007099869420530248,0.0007099869420530248,0.0007099869420530248,0.0007099869420530248,0.00038820923439741406,0.0,0.0,0.0,0.0,0.0,0.0,0.0,0.0,0.0,0.0,0.0,0.0,0.0,0.0,0.0,0.0,0.0,0.0,0.0,0.0,0.00038094328616002934,0.0007234808459224536,0.0006944170529729146,0.0006840371269195078,0.0034897311391553637,0.0562280594313046,0.06638896904498451,0.06817016435574912,0.06832171127612886,0.065467231611442,0.06280478057874316,0.04440428566386892,0.023867601967203583
A4,2024-12-17,0.045254829764123074,0.045200974693916776,0.03955944895492165,0.04567987054898202,0.05576982508701737,0.05412600263641282,0.051507817684845095,0.04632695993099922,0.03995797647444825,0.03204790947045552,0.02428200834670734,0.018746535669041536,0.013484481040115398,0.006296900516428696,0.0025991285421101077,0.00034384390977867225,0.0,0.0,0.0,0.0,0.0,0.0,0.0,0.0,0.0,0.0,0.0,0.0,0.0,0.0,0.0,0.0,0.0,0.0,0.0,0.0,0.0,0.0,0.0,0.0,0.0,0.0,0.0,0.0,0.0,0.0,0.0,0.0,0.0,0.0005973770095190908,0.0005973770095190908,0.0005973770095190908,0.0012013823353712644,0.0010862153390839501,0.0006040053258521737,0.0006040053258521737,0.0006040053258521737,0.0006040053258521737,9.113934957988902e-06,0.0,0.0,0.0,0.0,0.0,0.0,0.0,0.0,0.0,0.0,0.0,0.0,0.0,0.0,0.0,0.0,0.0,0.0,0.0,0.0,0.0,0.0,0.0,0.0,0.0,0.0,0.0,0.0011268137766240825,0.009418008969769078,0.05969627397482731,0.06634778941507594,0.0661663392554578,0.06614728284600019,0.06314796970528021,0.0589133041079819,0.05214662167144596,0.02920021906585481
A4,2024-12-22,0.05554603701522371,0.046287769270582355,0.042324784494297794,0.04317699130838285,0.05198996983812532,0.05303403473077403,0.05158483696525137,0.04697221181131873,0.040963930681230026,0.03240170619835448,0.024905855687030392,0.019626635255483568,0.013620138851707089,0.007550284663846799,0.0038237761239313947,0.0008923631561100104,0.0,0.0,0.0,0.0,0.0,0.0,0.0,0.0,0.0,0.0,0.0,0.0,0.0,0.0,0.0,0.0,0.0,0.0,0.0,0.0,0.0,0.0,0.0,0.0,0.0,0.0,0.0,0.0,3.569452624440042e-06,0.0006826578144241579,0.0006505327408041976,0.0006505327408041976,0.001808820117434991,0.0017588477806928305,0.0011582873766307936,0.0011582873766307936,0.0011582873766307936,0.0011582873766307936,0.0004872302832360657,0.0,0.0,0.0,0.0,0.0,0.0,0.0,0.0,0.0,0.0,0.0,0.0,0.0,0.0,0.0,0.0,0.0,0.0,0.0,0.0,0.0,0.0,0.0,0.0,0.0,0.0,0.0,0.0,0.0,0.0,0.0,0.0,0.0024236583319947884,0.04936463743284966,0.05825614392032981,0.05943317092323891,0.06181578055005264,0.06261266084845889,0.06096446609912369,0.05919847941318198,0.04055433599257554
A6,2024-01-16,0.030765527202696197,0.029754453538757823,0.026239768897448244,0.020077034183919117,0.01738083774675012,0.017188252286952338,0.017188252286952338,0.017188252286952338,0.017188252286952338,0.017188252286952338,0.016417910447761194,0.013866153105440539,0.013866153105440539,0.009051516610495908,0.007221954742416947,0.007221954742416947,0.007221954742416947,0.007221954742416947,0.007221954742416947,0.007221954742416947,0.007221954742416947,0.007221954742416947,0.007221954742416947,0.005392392874337987,0.005247953779489649,0.004140587385652383,0.0005777563793933558,0.0,0.0,0.0,0.0,0.0,0.0,0.0,0.0,0.0015888300433317285,0.0015888300433317285,0.0015888300433317285,0.0015888300433317285,0.0015888300433317285,0.0015888300433317285,0.0015888300433317285,0.004862782859894078,0.007799711121810303,0.007799711121810303,0.007751564756860858,0.004525758305247954,0.004525758305247954,0.004525758305247954,0.0032739528165623495,0.0029369282619162254,0.0029369282619162254,0.0029369282619162254,0.006066441983630236,0.0032739528165623495,0.0032739528165623495,0.0032739528165623495,0.0032739528165623495,0.0032739528165623495,0.0032739528165623495,0.0032739528165623495,0.00182956186807896,0.0,0.003370245546461242,0.003370245546461242,0.003370245546461242,0.001059220028887819,0.0,0.0,0.00033702455464612417,0.00033702455464612417,0.006547905633124699,0.009725565719788156,0.013047664901299952,0.020751083293211365,0.020751083293211365,0.025565719788155996,0.027154549831487722,0.03177660086663457,0.033317284545016854,0.032161771786230135,0.029032258064516127,0.026480500722195474,0.023350987000481462,0.01974000962927299,0.022676937891189217,0.01935483870967742,0.01791044776119403,0.027154549831487722,0.021376986037554165,0.021280693307655273,0.02262879152623977,0.021136254212806932,0.021136254212806932,0.021136254212806932,0.013432835820895522
A6,2024-02-14,0.02311767538930808,0.02311767538930808,0.02311767538930808,0.02119120244019907,0.017873387916733558,0.017873387916733558,0.017873387916733558,0.017873387916733558,0.015518809867822551,0.008401562583614278,0.008348049446139028,0.012468561031733293,0.008080483758762778,0.007705891796436026,0.007705891796436026,0.005725905709851768,0.004013485310643763,0.004013485310643763,0.004013485310643763,0.004013485310643763,0.004013485310643763,0.004013485310643763,0.007759404933911276,0.007759404933911276,0.007759404933911276,0.007759404933911276,0.007759404933911276,0.007759404933911276,0.004334564135495264,0.004066998448119014,0.004066998448119014,0.004066998448119014,0.004066998448119014,0.004066998448119014,0.004066998448119014,0.004066998448119014,0.004066998448119014,0.005458340022475518,0.006796168459356772,0.006796168459356772,0.006796168459356772,0.006796168459356772,0.010274522395248033,0.00899020709584203,0.00899020709584203,0.00899020709584203,0.008669128270990529,0.008669128270990529,0.010221009257772785,0.010221009257772785,0.010113982982822282,0.006475089634505271,0.01155883769465404,0.01155883769465404,0.011184245732327286,0.00593995825975277,0.0029432225611387597,0.001712420399208006,0.0015518809867822551,0.0015518809867822551,0.000856210199604003,0.0,0.0004816182372772516,0.004174024723069514,0.004174024723069514,0.005030234922673517,0.005030234922673517,0.005030234922673517,0.005030234922673517,0.010488574945149036,0.010488574945149036,0.010488574945149036,0.012308021619307542,0.012308021619307542,0.015946914967624553,0.015946914967624553,0.015839888692674053,0.015465296730347302,0.015465296730347302,0.016321506929951303,0.015144217905495801,0.015144217905495801,0.01798041419168406,0.013485310643763045,0.013859902606089795,0.01765933536683256,0.019318242628565314,0.019318242628565314,0.020816610477872317,0.023171188526783328,0.022207952052228825,0.022261465189704076,0.022261465189704076,0.022261465189704076,0.027666292074704345,0.010809653770000536
A6,2024-02-19,0.03633511139002197,0.03401317853780986,0.03363664888609979,0.03363664888609979,0.030938186382177598,0.025164731722623162,0.023093818638217762,0.017383118920615,0.014998431126451208,0.012174458738625668,0.012174458738625668,0.012174458738625668,0.012174458738625668,0.012174458738625668,0.008534672105428303,0.008095387511766554,0.008095387511766554,0.008095387511766554,0.007969877627863196,0.003577031691245686,0.003577031691245686,0.003577031691245686,0.003577031691245686,0.003577031691245686,0.002510197678067148,0.0007530593034201444,0.0007530593034201444,0.0007530593034201444,0.0006903043614684658,0.0001882648258550361,0.0,0.0,0.0,0.0,0.0,0.0,0.0017571383746470036,0.0017571383746470036,0.0017571383746470036,0.006087229369312834,0.006087229369312834,0.006087229369312834,0.006087229369312834,0.005710699717602762,0.004330090994665831,0.004330090994665831,0.004957640414182618,0.004957640414182618,0.004957640414182618,0.005208660181989333,0.002510197678067148,0.006212739253216192,0.006212739253216192,0.006212739253216192,0.006212739253216192,0.006212739253216192,0.006212739253216192,0.006212739253216192,0.006212739253216192,0.006212739253216192,0.006212739253216192,0.00483213053027926,0.0030122372136805776,0.0027612174458738633,0.0027612174458738633,0.004706620646375902,0.004706620646375902,0.009224976466896769,0.01556322560401632,0.014245371823031065,0.013868842171320995,0.013868842171320995,0.018073423282083466,0.017508628804518356,0.021650454973329153,0.01989331659868215,0.024411672419203015,0.024411672419203015,0.025541261374333234,0.023407593347976156,0.021650454973329153,0.01851270787574522,0.01644179479133982,0.015249450894257926,0.014810166300596174,0.011923438970818954,0.00778161280200816,0.0069030436146846575,0.013053027925949172,0.01211170379667399,0.01211170379667399,0.02045811107624726,0.02045811107624726,0.020018826482585506,0.01637903984938814,0.004581110762472545
A6,2024-02-27,0.026093938177438786,0.023054424499627236,0.023054424499627236,0.018638527269599133,0.015656362906463273,0.015656362906463273,0.015656362906463273,0.013878534151516892,0.01083902047370534,0.00785685611056948,0.004874691747433619,0.003899753397946895,0.003899753397946895,0.003899753397946895,0.003899753397946895,0.003899753397946895,0.003899753397946895,0.003899753397946895,0.003899753397946895,0.003899753397946895,0.003899753397946895,0.0009749383494867238,0.0,0.0,0.0,0.0,0.0,0.0,0.0,0.0,0.0,0.0,0.0,0.0037277054539198266,0.0037277054539198266,0.0037277054539198266,0.0037277054539198266,0.0037277054539198266,0.005505534208866205,0.005505534208866205,0.009347938292137412,0.007283362963812583,0.005620232838217585,0.007570109537191032,0.007570109537191032,0.007570109537191032,0.007570109537191032,0.007570109537191032,0.007570109537191032,0.007512760222515342,0.004473246544703792,0.0037277054539198266,0.0,0.0,0.0,0.0,0.0,0.0,0.0,0.003899753397946895,0.003899753397946895,0.003899753397946895,0.003899753397946895,0.003899753397946895,0.003899753397946895,0.003899753397946895,0.004301198600676723,0.004301198600676723,0.00808625336927224,0.014910821815679307,0.018638527269599133,0.0188105752136262,0.018695876584274823,0.020072260136491375,0.03005104089006137,0.029649595687331547,0.03223031484773758,0.026495383380168616,0.031083328554223785,0.024258760107816715,0.023570568331708442,0.023513219017032752,0.020989849171302408,0.017950335493490857,0.017950335493490857,0.017950335493490857,0.014452027298273789,0.012387451969948962,0.021448643688707924,0.020129609451167065,0.02718357515627689,0.02523369845730344,0.024316109422492405,0.03561392441360327,0.03532717784022482,0.02483225325457361
A6,2024-02-28,0.029872694424604013,0.028696273265829172,0.02861224318305954,0.026469476072433936,0.02399058863072981,0.02399058863072981,0.02399058863072981,0.022898197554724598,0.02113356581656233,0.019705054409478596,0.018192512919625228,0.018192512919625228,0.01609176085038444,0.0125204823326751,0.009873534725431708,0.009663459518507628,0.009663459518507628,0.009663459518507628,0.009663459518507628,0.009201294063274653,0.008360993235578339,0.006092181000798287,0.0029830679383219196,0.0004201504138481577,0.0,0.0,0.0,0.0,0.0,0.0,0.0,0.0,0.0028570228141674724,0.005756060669719761,0.005756060669719761,0.005756060669719761,0.005756060669719761,0.005756060669719761,0.005756060669719761,0.005756060669719761,0.005756060669719761,0.005756060669719761,0.005756060669719761,0.005756060669719761,0.005756060669719761,0.005756060669719761,0.005756060669719761,0.005756060669719761,0.005756060669719761,0.006974496869879419,0.006974496869879419,0.006974496869879419,0.006974496869879419,0.007982857863114997,0.007688752573421287,0.009117263980505023,0.009117263980505023,0.009117263980505023,0.009117263980505023,0.00626024116633755,0.0052938952144867876,0.0052938952144867876,0.004621654552329735,0.0038653838074030507,0.0028570228141674724,0.0028570228141674724,0.0028570228141674724,0.0028570228141674724,0.0024368724003193147,0.0013864963656989204,0.0013864963656989204,0.0013864963656989204,0.0013864963656989204,0.005545985462795682,0.005545985462795682,0.008487038359732786,0.013192722994832153,0.014621234401915888,0.016637956388387047,0.01583967060207555,0.016595941347002232,0.014327129112222179,0.017016091760850387,0.019957144657787494,0.024326708961808333,0.023192302844418308,0.024284693920423515,0.02336036300995757,0.02336036300995757,0.020419310113020468,0.020419310113020468,0.020419310113020468,0.019536994243939336,0.01777236250577707,0.017226166967774466,0.008234948111423892
A6,2024-04-07,0.028139572278501352,0.027871576352039434,0.02508441871683549,0.02395883582569544,0.02288685211984777,0.01565096210537599,0.018813314037626618,0.018813314037626618,0.018813314037626618,0.018813314037626618,0.018813314037626618,0.018813314037626618,0.01688374336710081,0.012488610173125362,0.011523824837862458,0.010130246020260487,0.007825481052687995,0.006163906308624106,0.004073538082221148,0.001125582891140054,0.00026799592646191764,0.00026799592646191764,0.00026799592646191764,0.00026799592646191764,0.00026799592646191764,0.00026799592646191764,0.00026799592646191764,0.00026799592646191764,0.00026799592646191764,0.00026799592646191764,0.00026799592646191764,0.0019831698558181905,0.0019831698558181905,0.0019831698558181905,0.0019831698558181905,0.005091922602776435,0.006860695717425092,0.006860695717425092,0.008629468832073748,0.008629468832073748,0.00745028675564131,0.007075092458594626,0.007021493273302242,0.00562791445570027,0.00745028675564131,0.007396687570348928,0.007396687570348928,0.007396687570348928,0.009004663129120433,0.009004663129120433,0.004448732379267834,0.002143967411695341,0.002143967411695341,0.003859141341051614,0.003859141341051614,0.003859141341051614,0.0025727608940344093,0.0016079755587715058,0.0005895910382162189,0.0004287934823390683,0.00032159511175430117,0.00032159511175430117,0.00021439674116953414,0.0,0.0,0.001715173929356273,0.001715173929356273,0.001715173929356273,0.00546711689982312,0.00546711689982312,0.00546711689982312,0.00546711689982312,0.00546711689982312,0.012274213431955828,0.01425738328777402,0.015758160475960757,0.01731253684943988,0.01988529774347429,0.021975665969877246,0.02186846759929248,0.020850083078737192,0.020850083078737192,0.020850083078737192,0.020850083078737192,0.023690839899233523,0.026477997534437463,0.026477997534437463,0.024119633381572587,0.02856836576084042,0.026477997534437463,0.026210001607975545,0.02294045130514015,0.02294045130514015,0.02294045130514015,0.02294045130514015,0.01216701506137106
A6,2024-04-11,0.023531936199127395,0.023531936199127395,0.023531936199127395,0.022387525928045212,0.0205993848794793,0.019991416922966892,0.019204634861597892,0.017738359201773843,0.017738359201773843,0.016665474572634297,0.015199198912810248,0.014555468135326521,0.014090551462699382,0.014090551462699382,0.013697160432014882,0.011587153994707106,0.008225448823403193,0.0067234103426078275,0.0067234103426078275,0.0067234103426078275,0.0067234103426078275,0.005650525713468281,0.0037193333810170964,0.0037193333810170964,0.0037193333810170964,0.0037193333810170964,0.0037193333810170964,0.0037193333810170964,0.006294256490952009,0.004005435948787642,0.0025749231099349125,0.005078320577927189,0.005078320577927189,0.005078320577927189,0.005078320577927189,0.005078320577927189,0.005078320577927189,0.006186968028038055,0.006186968028038055,0.006186968028038055,0.008654602675059011,0.008654602675059011,0.008654602675059011,0.008404262928259784,0.007402903941062874,0.005006794935984552,0.005006794935984552,0.005006794935984552,0.006365782132894645,0.008904942421858238,0.0077247693298047385,0.006330019311923327,0.004327301337529506,0.0029683141406194134,0.004935269294041917,0.004935269294041917,0.004935269294041917,0.004935269294041917,0.004935269294041917,0.004935269294041917,0.0038266218439310506,0.0023961090050783214,0.0023961090050783214,0.0036120449181031413,0.004613403905300052,0.005722051355410917,0.008153923181460557,0.008761891137972967,0.010478506544596242,0.014734282240183113,0.014519705314355202,0.016200557900007156,0.016951577140404843,0.016236320720978477,0.014305128388527292,0.021958372076389395,0.02424719261855376,0.02263786567484444,0.019276160503540526,0.01820327587440098,0.01820327587440098,0.016915814319433523,0.013661397611043565,0.014305128388527292,0.01212359630927688,0.012230884772190836,0.012230884772190836,0.010621557828481515,0.013232243759387745,0.011873256562477653,0.010550032186538879,0.01537801301766684,0.01537801301766684,0.014913096345039704,0.014698519419211794,0.00829697446534583
A6,2024-05-01,0.020454096742349454,0.018716683119447186,0.016742349457058242,0.014965449160908193,0.014965449160908193,0.014965449160908193,0.01259624876604146,0.009595261599210267,0.009595261599210267,0.009595261599210267,0.009595261599210267,0.009595261599210267,0.006949654491609083,0.006870681145113524,0.006870681145113524,0.004975320829220138,0.004067127344521224,0.004067127344521224,0.004067127344521224,0.004067127344521224,0.0029615004935834156,0.0027245804540967423,0.0027245804540967423,0.0027245804540967423,0.0027245804540967423,0.004501480750246792,0.0026061204343534056,0.0026061204343534056,0.0026061204343534056,0.0026061204343534056,0.0026061204343534056,0.0014215202369200395,0.0,0.0,0.0,0.0,0.0013030602171767028,0.0013030602171767028,0.0013030602171767028,0.004264560710760119,0.004106614017769003,0.004106614017769003,0.004106614017769003,0.006791707798617966,0.006791707798617966,0.010700888450148075,0.010700888450148075,0.010700888450148075,0.012082922013820337,0.012082922013820337,0.01153010858835143,0.012438302073050345,0.01089832181638697,0.00951628825271471,0.00951628825271471,0.009239881539980257,0.008173741362290227,0.008173741362290227,0.010937808489634748,0.010779861796643633,0.010779861796643633,0.009318854886475814,0.01085883514313919,0.010700888450148075,0.012161895360315894,0.012161895360315894,0.009634748272458044,0.012043435340572556,0.01721618953603159,0.01721618953603159,0.01721618953603159,0.01855873642645607,0.01855873642645607,0.01855873642645607,0.01824284304047384,0.014965449160908193,0.014807502467917079,0.014807502467917079,0.014807502467917079,0.014807502467917079,0.013662388943731492,0.011767028627838105,0.01259624876604146,0.01085883514313919,0.01228035538005923,0.014925962487660413,0.017729516288252714,0.017729516288252714,0.021638696939782823,0.018677196446199407,0.017769002961500493,0.01863770977295163,0.02519249753208292,0.02519249753208292,0.030641658440276404,0.015597235932872655
A6,2024-05-10,0.019191402251791195,0.018551688843398157,0.018551688843398157,0.01490532241555783,0.016376663254861822,0.016376663254861822,0.016376663254861822,0.01330603889457523,0.011003070624360286,0.009723643807574206,0.006589048106448311,0.004222108495394063,0.0021110542476970315,0.0021110542476970315,0.0021110542476970315,0.0021110542476970315,0.0021110542476970315,0.0021110542476970315,0.0021110542476970315,0.0021110542476970315,0.0021110542476970315,0.0021110542476970315,0.0021110542476970315,0.0021110542476970315,0.0021110542476970315,0.0023669396110542478,0.0021110542476970315,0.004286079836233367,0.004286079836233367,0.004286079836233367,0.004286079836233367,0.0030066530194472877,0.00415813715455476,0.00415813715455476,0.00415813715455476,0.010555271238485158,0.009595701125895598,0.009531729785056295,0.009531729785056295,0.009531729785056295,0.009531729785056295,0.008380245649948822,0.007484646878198566,0.007484646878198566,0.007484646878198566,0.007484646878198566,0.007484646878198566,0.007484646878198566,0.007484646878198566,0.007484646878198566,0.009339815762538383,0.007804503582395086,0.0028787103377686794,0.0028787103377686794,0.0028787103377686794,0.0050537359263050155,0.004797850562947799,0.003966223132036847,0.003966223132036847,0.0023029682702149436,0.0021750255885363357,0.0021750255885363357,0.0021750255885363357,0.0021750255885363357,0.0021750255885363357,0.0021750255885363357,0.004350051177072671,0.004350051177072671,0.004350051177072671,0.008828045035823951,0.013497952917093143,0.015992835209825997,0.015353121801432957,0.015353121801432957,0.016120777891504606,0.021302456499488226,0.025652507676560903,0.022773797338792222,0.022773797338792222,0.026995905834186287,0.028595189355168884,0.027635619242579325,0.024181166837256907,0.02501279426816786,0.022709825997952918,0.016312691914022518,0.012026612077789151,0.01234646878198567,0.026867963152507675,0.026867963152507675,0.030386386898669394,0.026995905834186287,0.026995905834186287,0.026356192425793245,0.019831115660184237,0.014009723643807573
A6,2024-05-26,0.014314326107445798,0.01419651272384542,0.013666352497643723,0.012134778510838825,0.012134778510838825,0.011310084825636184,0.01057375117813383,0.01057375117813383,0.01057375117813383,0.01057375117813383,0.01057375117813383,0.01057375117813383,0.01057375117813383,0.009307257304429778,0.008482563619227139,0.008482563619227139,0.008482563619227139,0.007746229971724783,0.006361922714420354,0.005507775683317622,0.0035933081998114963,0.0030336946277097062,0.0030336946277097062,0.0030336946277097062,0.0020617342130065963,0.0009130537229029213,0.0009130537229029213,0.0009130537229029213,0.0009130537229029213,0.0009130537229029213,0.0028569745523091402,0.00480089538171536,0.00480089538171536,0.009807964184731378,0.009807964184731378,0.009277803958529684,0.008718190386427894,0.008364750235626762,0.0068037229029217685,0.005949575871819035,0.009866870876531568,0.01133953817153628,0.012753298774740802,0.012164231856738917,0.01189915174363807,0.011958058435438259,0.011781338360037693,0.011310084825636184,0.010956644674835056,0.010868284637134771,0.011987511781338353,0.011987511781338353,0.018113807728557953,0.01802544769085767,0.017642554194156446,0.01678840716305371,0.014579406220546645,0.01266493873704052,0.012223138548539106,0.012694392082940615,0.012488218661639953,0.01154571159283694,0.010102497643732321,0.009866870876531568,0.009866870876531568,0.01189915174363807,0.013872525918944384,0.016729500471253524,0.013371819038642782,0.011869698397737974,0.0137841658812441,0.01260603204524033,0.012900565504241273,0.016110980207351546,0.013725259189443912,0.012694392082940615,0.011310084825636184,0.011310084825636184,0.010750471253534394,0.010750471253534394,0.010750471253534394,0.010603204524033924,0.008983270499528741,0.008040763430725725,0.007392789820923653,0.007392789820923653,0.007392789820923653,0.011310084825636184,0.015551366635249754,0.015551366635249754,0.015551366635249754,0.015551366635249754,0.01761310084825635,0.01761310084825635,0.017230207351555126,0.0076578699340245
A6,2024-06-25,0.016446493483464837,0.016402163312350376,0.01414132458551289,0.013033070307651377,0.013033070307651377,0.013033070307651377,0.013033070307651377,0.012146466885362169,0.011525844489759723,0.011525844489759723,0.011525844489759723,0.011525844489759723,0.011525844489759723,0.011525844489759723,0.011525844489759723,0.011525844489759723,0.011525844489759723,0.011525844489759723,0.010905222094157277,0.009575316960723463,0.0073144782338859776,0.0036350740313857584,0.0036350740313857584,0.0036350740313857584,0.0036350740313857584,0.0036350740313857584,0.002438159411295326,0.0004876318822590652,4.4330171114460475e-05,0.0,0.0,0.0030587818068977726,0.0030587818068977726,0.0030587818068977726,0.006028903271566624,0.006028903271566624,0.006028903271566624,0.006028903271566624,0.006028903271566624,0.00846706268286195,0.00846706268286195,0.00846706268286195,0.00846706268286195,0.00846706268286195,0.01112687294972958,0.009530986789609001,0.011082542778615118,0.01414132458551289,0.015648550403404547,0.013698022874368285,0.011658835003103104,0.012855749623193536,0.011703165174217564,0.008821704051777634,0.008733043709548713,0.009530986789609001,0.007580459260572742,0.005186630020391875,0.0030587818068977726,0.0030587818068977726,0.0030587818068977726,0.0030587818068977726,0.0030587818068977726,0.0030587818068977726,0.0030587818068977726,0.003945385229186982,0.0012412447912048931,0.004255696426988205,0.004255696426988205,0.007491798918343819,0.008821704051777634,0.008821704051777634,0.012855749623193536,0.015737210745633466,0.017200106392410663,0.01870733221030232,0.01879599255253124,0.018352690841386635,0.01985991665927829,0.02274137778171822,0.023982622572923117,0.020391878712651818,0.018352690841386635,0.01790938913024203,0.020170227857079514,0.01680113485238052,0.01489493749445872,0.014983597836687639,0.015604220232290087,0.01990424683039275,0.01972692614593491,0.018574341696958936,0.018264030499157716,0.018264030499157716,0.018264030499157716,0.010993882436386198
A6,2024-07-08,0.024512590709962208,0.020499615423201684,0.02046617396247868,0.022807076213088986,0.022807076213088986,0.021803832391398856,0.020499615423201684,0.01892786676922048,0.018593452161990435,0.01779085710463833,0.014145737885830852,0.013911647660769822,0.012172691703173593,0.009764906531117279,0.009296726080995217,0.009296726080995217,0.009296726080995217,0.009296726080995217,0.01046717720630037,0.009597699227502256,0.006253553155201819,0.00595258000869478,0.00595258000869478,0.00595258000869478,0.0059860214694177835,0.002039929104103267,0.0010032438216901313,0.0010032438216901313,0.0010032438216901313,0.0010032438216901313,0.0010032438216901313,3.344146072300438e-05,0.0009029194395211183,0.0009029194395211183,0.0030766143865164027,0.0030766143865164027,0.0041132996689295384,0.0041132996689295384,0.005183426412065679,0.005183426412065679,0.0045480386583285955,0.004247065511821556,0.0033107046115774335,0.0033107046115774335,0.0033107046115774335,0.0033107046115774335,0.0033107046115774335,0.0033107046115774335,0.0033107046115774335,0.0033107046115774335,0.004313948433267565,0.004313948433267565,0.005183426412065679,0.007323679898337958,0.006420760458816841,0.006220111694478815,0.004180182590375547,0.004180182590375547,0.004180182590375547,0.0033107046115774335,0.004481155736882587,0.004481155736882587,0.004481155736882587,0.005718489783633749,0.005718489783633749,0.004180182590375547,0.0034110289937464462,0.004514597197605591,0.004514597197605591,0.006721733605323881,0.011436979567267498,0.01130321372437548,0.013510350132093769,0.014613918335952915,0.015416513393305019,0.01856001070126743,0.021369093401999797,0.02207136407718289,0.02193759823429087,0.01993111059091061,0.019061632612112495,0.018125271711868375,0.021569742166337825,0.01939604721934254,0.017857740026084336,0.019730461826572582,0.021201886098384776,0.019897669130187607,0.02277363475236598,0.021803832391398856,0.021803832391398856,0.020365849580309667,0.021101561716215765,0.018894425308497474,0.018894425308497474,0.014547035414506904
A6,2024-07-11,0.027958359889526243,0.026513702995538565,0.022604631400042496,0.022477161674102405,0.022477161674102405,0.022477161674102405,0.020352666241767584,0.01933290843424687,0.016571064372211602,0.016571064372211602,0.015126407478223925,0.01138729551731464,0.01138729551731464,0.01138729551731464,0.01138729551731464,0.008328022094752498,0.004206500956022946,0.0012746972594008925,0.0012746972594008925,0.0012746972594008925,0.0012746972594008925,0.0012746972594008925,0.0012746972594008925,0.0012746972594008925,0.00390907159549607,0.00390907159549607,0.00390907159549607,0.003866581686849374,0.002634374336095178,0.002634374336095178,0.003951561504142767,0.003951561504142767,0.003951561504142767,0.003951561504142767,0.005353728489483748,0.010834926704907587,0.010834926704907587,0.010155088166560444,0.008922880815806248,0.008030592734225623,0.008030592734225623,0.006203526662417677,0.0054387083067771414,0.0054387083067771414,0.0051412789462502665,0.005268748672190356,0.004291480773316338,0.004291480773316338,0.004291480773316338,0.007223284469938391,0.007138304652644999,0.005821117484597409,0.005821117484597409,0.0038240917782026776,0.0029318036966220528,0.0029318036966220528,0.0029318036966220528,0.0029318036966220528,0.0029318036966220528,0.005778627575950713,0.005778627575950713,0.005778627575950713,0.008413001912045892,0.008413001912045892,0.011344805608667944,0.0142341193966433,0.0142341193966433,0.0130444019545358,0.011344805608667944,0.012831952411302317,0.012789462502655622,0.011429785425961335,0.011429785425961335,0.009815168897386872,0.012279583598895263,0.010749946887614194,0.007393244104525176,0.010282557892500533,0.008413001912045892,0.007265774378585088,0.007860633099638838,0.01019757807520714,0.010622477161674105,0.010622477161674105,0.01470150839175696,0.014021669853409817,0.014021669853409817,0.019842787338007227,0.026683662630125348,0.0284682387932866,0.031017633312088386,0.026343743360951778,0.024686636923730618,0.024686636923730618,0.024686636923730618,0.015338857021457408
A6,2024-08-21,0.02527482852579159,0.024100347646340305,0.022503053650286563,0.022268157474396307,0.017382317015878977,0.016160856901249642,0.015597106079113028,0.014469604434839795,0.014469604434839795,0.014469604434839795,0.01212064267593723,0.011275016442732308,0.009912618622568821,0.007986469980268718,0.007986469980268718,0.007986469980268718,0.007986469980268718,0.007986469980268718,0.007986469980268718,0.007751573804378462,0.0027247956403269745,0.0015033355256976412,0.003147608756929436,0.003147608756929436,0.003147608756929436,0.002348961758902564,0.0024429202292586666,0.0003758338814244103,0.0,0.0,0.003147608756929436,0.003147608756929436,0.003147608756929436,0.006389175984214975,0.006389175984214975,0.006389175984214975,0.006389175984214975,0.006389175984214975,0.006389175984214975,0.006389175984214975,0.006389175984214975,0.00958376397632246,0.008597200037583385,0.006389175984214975,0.007845532274734564,0.007845532274734564,0.00958376397632246,0.00958376397632246,0.00958376397632246,0.00958376397632246,0.009254909330076102,0.007845532274734564,0.009442826270788308,0.009442826270788308,0.0033825049328196923,0.0,0.0,0.0,0.0,0.0,0.0,0.0,0.0,0.0,0.0,0.0,0.0,0.0030536502865733334,0.0059663628676125124,0.0059663628676125124,0.0059663628676125124,0.0059663628676125124,0.00840928309687118,0.009959597857746872,0.011275016442732308,0.01207366344075918,0.013342102790566563,0.011181057972376205,0.00765761533402236,0.00803344921544677,0.010617307150239591,0.013342102790566563,0.01353001973127877,0.013623978201634872,0.018227943249083896,0.024006389175984206,0.027952644930940514,0.026872122521845336,0.028516395753077132,0.03706661655548246,0.03706661655548246,0.038522972846002056,0.038522972846002056,0.041623602367753434,0.035469322559428716,0.01315418584985436
A6,2024-08-29,0.028138726207906285,0.025301976573938494,0.023151537335285497,0.01921669106881405,0.018484626647144942,0.018484626647144942,0.018484626647144942,0.018484626647144942,0.018484626647144942,0.018484626647144942,0.015007320644216685,0.012124816983894579,0.012124816983894579,0.011575768667642749,0.008876281112737918,0.007823938506588577,0.005032942898975108,0.0032027818448023414,0.0032027818448023414,0.0032027818448023414,0.0032027818448023414,0.0032027818448023414,0.0007320644216691067,0.0015556368960468515,0.0015556368960468515,0.0015556368960468515,0.0016471449487554899,0.0015556368960468515,0.0014641288433382134,0.0,0.0,0.0,0.0,0.0,0.0,0.0,0.0,0.0,0.0014641288433382134,0.0014641288433382134,0.0014641288433382134,0.00599377745241581,0.00599377745241581,0.0058565153733528535,0.004529648609077597,0.004529648609077597,0.004529648609077597,0.003340043923865299,0.003065519765739384,0.003065519765739384,0.0027452415812591496,0.0,0.0,0.0012811127379209364,0.0028367496339677884,0.0028367496339677884,0.0028367496339677884,0.0028367496339677884,0.0028367496339677884,0.0028367496339677884,0.0028367496339677884,0.0006405563689604682,0.0,0.0,0.0,0.0,0.0007778184480234258,0.002333455344070277,0.004209370424597363,0.004209370424597363,0.005948023426061491,0.01093521229868228,0.014504026354319174,0.017478038067349922,0.018576134699853582,0.021733162518301603,0.018438872620790622,0.018896412884333812,0.021412884333821366,0.021138360175695453,0.021961932650073197,0.02191617862371888,0.02191617862371888,0.021733162518301603,0.020543557833089303,0.020177525622254753,0.021046852122986816,0.021001098096632496,0.025759516837481688,0.035276354319180074,0.03678623718887261,0.03989751098096631,0.037472547584187395,0.03884516837481697,0.03884516837481697,0.021046852122986816
A6,2024-09-14,0.02498976947210477,0.024498704133133282,0.02368026190151413,0.02313463374710136,0.022179784476879016,0.021224935206656675,0.021224935206656675,0.020351930159596243,0.0201063974901105,0.0201063974901105,0.018305824580548365,0.01672350293275134,0.014322739053335158,0.01208566362024281,0.010694311826490253,0.009330241440458333,0.006847633337880238,0.006492975037511939,0.006492975037511939,0.006492975037511939,0.006192879552584916,0.005892784067657895,0.005892784067657895,0.004610557904787889,0.004010366934933844,0.004010366934933844,0.003219206111035331,0.000409221115809576,0.0009821306779429825,0.000136407038603192,0.0007638794161778751,0.0007638794161778751,0.002673577956622563,0.002673577956622563,0.002673577956622563,0.004037648342654483,0.005756377029054702,0.005756377029054702,0.008784613286045566,0.013722548083481114,0.013722548083481114,0.013722548083481114,0.013722548083481114,0.013722548083481114,0.013722548083481114,0.013286045559950901,0.010939844495975999,0.010939844495975999,0.010612467603328337,0.009275678625017056,0.009275678625017056,0.007966171054426412,0.005701814213613425,0.005892784067657895,0.005619969990451511,0.006302005183467471,0.006302005183467471,0.006302005183467471,0.00818442231619152,0.00818442231619152,0.006765789114718323,0.006329286591188108,0.006329286591188108,0.006329286591188108,0.007256854453689814,0.007256854453689814,0.007256854453689814,0.007611512754058113,0.007120447415086622,0.007120447415086622,0.009275678625017056,0.009439367071340887,0.008675487655163011,0.013640703860319198,0.014540990315100265,0.014922930023189205,0.014841085800027288,0.011840130950757064,0.011731005319874512,0.011621879688991959,0.010776156049652168,0.009957713818033016,0.008266266539353435,0.008266266539353435,0.009957713818033016,0.009302960032737694,0.009302960032737694,0.00903014595553131,0.013176919929068345,0.015795935070249633,0.01806029191106262,0.018005729095621342,0.018005729095621342,0.018005729095621342,0.018005729095621342,0.010530623380166422
A6,2024-09-26,0.02290657439446367,0.022733564013840833,0.02166089965397924,0.019273356401384084,0.018719723183391004,0.018719723183391004,0.018719723183391004,0.018719723183391004,0.018719723183391004,0.018719723183391004,0.018719723183391004,0.018719723183391004,0.017093425605536332,0.013633217993079585,0.011764705882352941,0.011591695501730104,0.008339100346020761,0.006608996539792388,0.004671280276816609,0.0033564013840830446,0.002318339100346021,3.460207612456748e-05,0.0,0.0011072664359861593,0.0006920415224913495,0.0,0.0,0.002352941176470588,0.002352941176470588,0.002352941176470588,0.00328719723183391,0.005709342560553633,0.005709342560553633,0.005709342560553633,0.005709342560553633,0.005709342560553633,0.005709342560553633,0.0032525951557093426,0.002352941176470588,0.002352941176470588,0.002352941176470588,0.002352941176470588,0.002352941176470588,0.002352941176470588,0.002352941176470588,0.002352941176470588,0.002352941176470588,0.0024913494809688584,0.004671280276816609,0.004671280276816609,0.004671280276816609,0.006989619377162629,0.00643598615916955,0.005778546712802768,0.008096885813148788,0.010346020761245675,0.010346020761245675,0.010346020761245675,0.008996539792387544,0.008096885813148788,0.006055363321799308,0.0057439446366782014,0.006782006920415225,0.006782006920415225,0.011522491349480968,0.01259515570934256,0.014013840830449827,0.01384083044982699,0.01384083044982699,0.01384083044982699,0.013321799307958477,0.01204152249134948,0.0142560553633218,0.019688581314878894,0.01889273356401384,0.018546712802768168,0.017612456747404845,0.014705882352941176,0.011764705882352941,0.007474048442906575,0.0071626297577854665,0.01384083044982699,0.01384083044982699,0.016193771626297575,0.01847750865051903,0.019273356401384084,0.019273356401384084,0.019100346020761248,0.02162629757785467,0.019515570934256054,0.01847750865051903,0.01847750865051903,0.01847750865051903,0.01847750865051903,0.019619377162629757,0.006332179930795848
A6,2024-10-05,0.023156516860936227,0.02300068565729601,0.02300068565729601,0.02194103347254254,0.01798292090008103,0.01577011780838995,0.01577011780838995,0.01577011780838995,0.015458455401109515,0.01505329427164495,0.013120987346506262,0.013058654865050173,0.013058654865050173,0.010690020569718878,0.008851212366764317,0.008851212366764317,0.008851212366764317,0.008851212366764317,0.008851212366764317,0.008851212366764317,0.008851212366764317,0.008851212366764317,0.008851212366764317,0.010939350495543225,0.010471856884622575,0.008726547403852146,0.008726547403852146,0.008726547403852146,0.008726547403852146,0.007885058904194974,0.006513744312161065,0.0034594527208128144,0.0014648133142180387,0.0,0.0,0.0,0.0,0.0,0.0,0.0,0.0,0.0,0.0,0.0,0.0,0.0,0.004269774979741943,0.004269774979741943,0.004269774979741943,0.004269774979741943,0.004269774979741943,0.004269774979741943,0.004269774979741943,0.005204762201583243,0.005204762201583243,0.005204762201583243,0.006607243034345196,0.007542230256186497,0.008570716200211928,0.008570716200211928,0.007822726422738888,0.009162874774044752,0.009131708533316709,0.009131708533316709,0.012840491179953872,0.012154833883936917,0.013276818550146478,0.013276818550146478,0.012404163809761263,0.01118868042136757,0.009007043570404535,0.010222526958798226,0.010690020569718878,0.011313345384279744,0.011313345384279744,0.011687340273016265,0.011313345384279744,0.011313345384279744,0.011313345384279744,0.01421180577198778,0.01670510503023125,0.016050613974942337,0.016050613974942337,0.01820108458517733,0.01820108458517733,0.01820108458517733,0.01820108458517733,0.016611606308047117,0.021473539861621888,0.021473539861621888,0.021473539861621888,0.022595524527831447,0.02287602069438384,0.023031851898024057,0.022751355731471665,0.01439880321635604
A6,2024-10-12,0.02820012995451591,0.02820012995451591,0.027723630062811346,0.02525449426034221,0.02339181286549707,0.02308858566168507,0.02308858566168507,0.01923326835607537,0.015031405674680526,0.012995451591942818,0.012648906216157675,0.010049815897769113,0.010049815897769113,0.008490361706735975,0.007407407407407407,0.007407407407407407,0.005934589560320553,0.005934589560320553,0.005934589560320553,0.005198180636777127,0.004635044401126272,0.0028156811782542772,0.0015594541910331381,0.0015594541910331381,0.0009963179553822827,0.0005631362356508555,0.0005631362356508555,0.0004331817197314273,0.0,0.00030322720381199906,0.0029023175222005625,0.0029023175222005625,0.0025990903183885634,0.0025990903183885634,0.0025990903183885634,0.0025990903183885634,0.0025990903183885634,0.0025990903183885634,0.0025990903183885634,0.0025990903183885634,0.0025990903183885634,0.0025990903183885634,0.0025990903183885634,0.0025990903183885634,0.0001732726878925709,0.0,0.0013861815031405672,0.0013861815031405672,0.004418453541260557,0.0031622265540394187,0.0030322720381199906,0.002339181286549707,0.002252544942603422,0.002252544942603422,0.002252544942603422,0.002252544942603422,0.005154862464803984,0.005154862464803984,0.005154862464803984,0.005154862464803984,0.005154862464803984,0.005154862464803984,0.005154862464803984,0.005154862464803984,0.011089452025124538,0.01160927008880225,0.009833225037903398,0.01269222438813082,0.012648906216157675,0.011999133636560534,0.018626813948451372,0.016027723630062808,0.0142949967511371,0.01351526965562053,0.014511587611002812,0.014511587611002812,0.013385315139701101,0.0145982239549491,0.014554905782975957,0.013082087935889103,0.010872861165258825,0.010526315789473682,0.010526315789473682,0.008620316222655402,0.011782542776694821,0.011479315572882821,0.013298678795754816,0.018843404808317085,0.03179553822828676,0.035174355642191894,0.03708035520901017,0.03569417370586961,0.03569417370586961,0.03474117392246047,0.03287849252761533,0.022178904050249075
A6,2024-11-19,0.03170775276884601,0.03170775276884601,0.030457306180778847,0.0288495891389782,0.022954626652375847,0.02259735619864237,0.02259735619864237,0.022552697391925686,0.019515898535191138,0.019515898535191138,0.019069310468024292,0.01638978206502322,0.01549660593068953,0.012459807073954983,0.012459807073954983,0.010494819578420864,0.00848517327617006,0.00562700964630225,0.004778492318685244,0.004778492318685244,0.004733833511968559,0.001027152554483744,0.0004019292604501607,0.0004019292604501607,0.0004019292604501607,0.0004019292604501607,0.0004019292604501607,0.002545551982851018,0.002545551982851018,0.002545551982851018,0.0012057877813504822,0.001027152554483744,0.001027152554483744,0.0007145409074669524,0.0006252232940335833,0.0006252232940335833,0.0006252232940335833,0.0020989639156841727,0.0020989639156841727,0.0020989639156841727,0.0020989639156841727,0.0020989639156841727,0.0008931761343336905,0.0006252232940335833,0.0006252232940335833,0.0006252232940335833,0.0006252232940335833,0.0019649874955341195,0.0033494105037513394,0.0033494105037513394,0.0031261164701679167,0.002724187209717756,0.002724187209717756,0.002724187209717756,0.002724187209717756,0.002724187209717756,0.002724187209717756,0.002724187209717756,0.002724187209717756,0.002724187209717756,0.002545551982851018,0.0013397642015005357,0.0013397642015005357,0.0013397642015005357,0.0013397642015005357,0.0022775991425509107,0.0022775991425509107,0.0040192926045016075,0.0040192926045016075,0.005850303679885672,0.008351196856020007,0.008351196856020007,0.0075919971418363695,0.008708467309753483,0.010092890317970704,0.010271525544837441,0.020855662736691673,0.023535191139692747,0.023579849946409426,0.02349053233297606,0.024294390853876382,0.022284744551625577,0.024830296534476597,0.026214719542693818,0.0236691675598428,0.02103429796355841,0.01647909967845659,0.018578063594140763,0.027509824937477667,0.028045730618077882,0.029564130046445158,0.029564130046445158,0.029564130046445158,0.0280010718113612,0.02675062522329403,0.01848874598070739
