station,date,0,1,2,3,4,5,6,7,8,9,10,11,12,13,14,15,16,17,18,19,20,21,22,23,24,25,26,27,28,29,30,31,32,33,34,35,36,37,38,39,40,41,42,43,44,45,46,47,48,49,50,51,52,53,54,55,56,57,58,59,60,61,62,63,64,65,66,67,68,69,70,71,72,73,74,75,76,77,78,79,80,81,82,83,84,85,86,87,88,89,90,91,92,93,94,95
A1,2024-01-01,0.005567716903938766,0.003484352118842373,0.008309304186355468,0.007207234408732014,0.009474780718307943,0.00968009782756382,0.010848593728770058,0.011265266685789336,0.0100152478147315,0.009039991545766088,0.009571400534428356,0.014257461616268358,0.01286855175953743,0.010323223478615313,0.015175349869412278,0.012841377436253564,0.011829888736242997,0.011660804058032274,0.01404006702999743,0.019650055103488877,0.01900391008318362,0.021259378915744497,0.018717070004076145,0.013421096332976038,0.012642099065505213,0.014631863403734957,0.012657195911774027,0.01404912513775872,0.01269040897356542,0.008523679403372633,0.0072766799015685606,0.004344872356164796,0.004806835851990518,0.004846087652289436,0.005039327284530261,0.0025513670194296408,0.003940276876160569,0.0036081462582466515,0.0024275728800253623,0.003245821947795105,0.005773034013194642,0.003269976901825208,0.005377496640951704,0.002720451697640362,0.003061640423315569,0.006014583553495673,0.007415570887241653,0.009338909101888613,0.006932471806639591,0.008934313621884385,0.008961487945168253,0.00962876855024985,0.009834085659505727,0.01298328779118042,0.012995365268195471,0.012198251785202069,0.007017014145744953,0.011515874333851655,0.011763462612660213,0.015217621038964957,0.014106493153580214,0.015380666978668153,0.019209227192439497,0.018557043433626713,0.01171817207385377,0.015208562931203668,0.01983423662796841,0.019000890713929856,0.012143903138634336,0.008575008680686603,0.012131825661619286,0.012735699512371863,0.011386041455939853,0.011141472546385058,0.0051087727773668065,0.006721115958876189,0.005036307915276498,0.003025407992270414,0.002442669726294177,0.0030374854692854654,0.004680022343332477,0.0039583930916831465,0.002131674693156599,0.0011835927474750524,0.005329186732891498,0.009601594226965984,0.009936744214133666,0.012454898171771913,0.016292516493304546,0.022355409954860423,0.019354156916620114,0.026824076450429498,0.02189042708978094,0.017835414181977382,0.014124609369102792,0.007799030782469541
A1,2024-01-16,0.027172176056981107,0.027297735366633193,0.028636083462697477,0.023556638663135794,0.020377705232398874,0.01661948680485801,0.011069194594100999,0.012047986485252491,0.010649712355036072,0.009750821842754089,0.009736553739384533,0.007610606337320794,0.00867500684868962,0.00883766322710255,0.007741872888320704,0.005835654278148116,0.005675851520409097,0.004756985663409735,0.004243333942105744,0.004899666697105288,0.006720276687060545,0.007547826682494751,0.008643617021276598,0.006865811341430008,0.007847456853255413,0.00729956168386449,0.005190736005844217,0.002688110674824218,0.004163432563236235,0.005770021002648161,0.00587275134690896,0.0059612135878002025,0.0040036298054972165,0.002793694639758927,0.0018634143000639215,0.00352992877362798,0.0031618117066934534,0.0024056022281070226,0.0036440736005844227,0.0023057255045201355,0.0018519998173682777,0.0013583234407816642,0.003184640672084742,0.004288991872888322,0.005296319970778926,0.011143388731622687,0.01136597114418775,0.012983974066295319,0.01670509542507534,0.015155579399141635,0.016131517669619216,0.014564879919642046,0.01730150214592275,0.01578622956807598,0.013974180440142456,0.010715345630536027,0.009870673911058354,0.014125422335859743,0.014091178887772811,0.011351703040818194,0.014807437676924485,0.017763788695096344,0.018360195415943754,0.017364281800748796,0.016579536115423253,0.017258697835814085,0.014213884576750987,0.009984818738014795,0.01452207560953338,0.014345151127750894,0.018819628344443437,0.013934229750707702,0.008700689434754818,0.004340357045018721,0.00140112775089033,0.004748424801388003,0.003606976531823579,0.004754132042735825,0.0019718518856725415,0.0027765729157154606,0.0029449365354762133,0.0024312848141722224,0.001389713268194686,0.0015580768879554384,0.014405077161903026,0.017866519039357143,0.01719591818098804,0.01411971509451192,0.01660236508081454,0.014228152680120542,0.015152725778467725,0.01864555748333486,0.018802506620399968,0.019595813167747243,0.016211419048488728,0.013880010957903392
A1,2024-02-03,0.01112262876691596,0.01025737677298129,0.010528660401442656,0.013458523588825398,0.013332876434590659,0.014692150194039183,0.020651823168764117,0.02291632756213109,0.019486731374951095,0.018829939432360422,0.014669305256905596,0.012476191292081086,0.010254521155839594,0.008287000945209273,0.008646808705063295,0.006328047586004048,0.006570775043048428,0.00574264607195584,0.006399438014546513,0.007336080437023646,0.007179021494230225,0.006896315397202066,0.008689642962188772,0.010428713801483205,0.009986093144519927,0.01092559118413876,0.010337334052948852,0.005962528591866631,0.005716945517680552,0.00558273151202072,0.003529542787139442,0.00303266540448389,0.002233092604808288,0.0017876163307033097,0.0016219905364847922,0.0021874027305411104,0.004409072866782604,0.004443340272482987,0.0043805166953656185,0.0043805166953656185,0.001704803433594051,0.0029698418273665208,0.003863649992718176,0.004383372312507317,0.006810646882951108,0.005439950654935791,0.006662154791582783,0.0065936199801820165,0.009140830470577148,0.008866691224974084,0.007635920236901996,0.0070505187228537885,0.007373203459865728,0.010571494658568135,0.015403198862322129,0.016434076650475315,0.018255960386879006,0.014506535079828775,0.011799410029498523,0.011793698795215126,0.01261040529774092,0.014563647422662748,0.013330020817448962,0.01411531553141607,0.014560791805521047,0.014283796942776286,0.018827083815218724,0.013781208325837338,0.011245420304009,0.012667517640574891,0.009948970121677845,0.0076302090026185996,0.003946462889827434,0.004788869946628515,0.0037094466670664528,0.006522229551639552,0.006199544814627612,0.006779235094392424,0.006496528997364265,0.008155642556691139,0.007387481545574221,0.0076873213454525715,0.00504016425509799,0.006316625117437254,0.0067078446658499595,0.009006616464917313,0.011356789372535243,0.011008404081248018,0.027616673377366948,0.03090348870746201,0.03671181397367691,0.0252979122583077,0.02213103284816398,0.019732314449137173,0.023478884139045707,0.012496180612072976
A1,2024-02-09,0.03412432556831257,0.032558109801314336,0.03165034392819699,0.027181834454189778,0.020648477254711427,0.013942516684992452,0.0062009358938297475,0.005670340348275243,0.0015981793540798318,0.004187229907689159,0.00874523742552484,0.009096836883422403,0.01281739841972025,0.016384534738026438,0.019063083335464234,0.01683202495716879,0.011225611783056737,0.0047497890403252595,0.00042191934947707557,0.0,0.0019178152248957982,0.004302298821182907,0.007716009921497428,0.00844477970695783,0.006405502851151966,0.004845679801570049,0.0045324366481704036,0.003905950341371109,0.00132968522259442,0.0030940752294985542,0.0030940752294985542,0.006143401437082873,0.007287697854604033,0.005580842304446772,0.0013168997877617814,0.0,0.00294704272892321,0.011187255478558823,0.011800956350525478,0.013175390595034133,0.010439307540849463,0.008885877208683864,0.008061216661978671,0.010375380366686268,0.00798450405298284,0.007575370138338403,0.009071266013757125,0.010126064387449814,0.013443884726519546,0.01481192625361188,0.007262126984938755,0.007351625028767226,0.008802771882271713,0.009467614493568923,0.006571713503976268,0.0060858669803359996,0.013002787224793512,0.017548009307796552,0.018302349962922234,0.013674022553507042,0.016780883217838233,0.017605543764543426,0.014396399621551124,0.014217403533894184,0.011743421893778604,0.020188201600736436,0.02253432889252563,0.02081468790753573,0.018513309637660774,0.014255759838392099,0.01302835809445879,0.01150689134937479,0.01167949471961541,0.009378116449740452,0.0066803897000536966,0.003873986754289512,0.001527859462500319,0.0,0.0016940701153246216,0.006411895568568285,0.006181757741580789,0.020782724320454134,0.01186488352468867,0.004129695450942285,0.0,0.0,0.0,0.005024675889226991,0.007306876006852991,0.012082235916843528,0.010701408954918555,0.017554402025212874,0.023966297593781157,0.01995167105633262,0.01995167105633262,0.008700488403610604
A1,2024-02-25,0.015902725145813423,0.014100240550960551,0.01312815105282235,0.016321217912808512,0.0196032556760141,0.019791083138366226,0.021329950242198564,0.019777902263815202,0.015909315583088935,0.010712755791346755,0.013454377697960257,0.012917257060005929,0.011470656078030775,0.010923649784163176,0.008887204666029588,0.005947869641150689,0.007387880185850329,0.009183774343427684,0.00793159126108017,0.00816555178436089,0.006201601476257948,0.0045144495337265615,0.004201403763139684,0.004023461956700826,0.004086071110818202,0.004570468250568424,0.007529574587273864,0.010076778594259726,0.008537911490427388,0.007045177447523642,0.005980821827528255,0.004366164695027514,0.002873430652123768,0.0018815698421590268,0.0029162684944146035,0.001308201799189376,0.0016871519425313867,0.0028569545589349848,0.0027383266879757464,0.0028668402148482545,0.002382443075098032,0.0037730253402313233,0.002873430652123768,0.00168385672389363,0.009931788974198434,0.009124460407948065,0.008887204666029588,0.00857415889544271,0.0068046264869674085,0.0077569446732790705,0.009912017662371896,0.011325666457969483,0.009434210959897188,0.008149075691172108,0.004231060730879493,0.003733482716578244,0.006115925791676276,0.011839720565459516,0.011187267275183706,0.014785646027613928,0.019665864830131472,0.022265792335321444,0.015434804099251982,0.013263255016970373,0.013797080436286944,0.012617392163970075,0.013553234257092955,0.013757537812633865,0.018973868916202584,0.020328203776320553,0.015853296866247073,0.008880614228754075,0.004165156358124361,0.006679408178732657,0.008735624608692786,0.007071539196625694,0.006181830164431409,0.005779813490625102,0.006999044386595049,0.006508056809569313,0.0048209048670379276,0.005720499555145482,0.003825748838435429,0.005048274953043132,0.016911062048966946,0.01661449237156885,0.012815105282235473,0.013681747783965463,0.02621346426335387,0.025864171087751665,0.027142715919201234,0.0262035786074406,0.02116189409167298,0.01756681055788051,0.02072033479421359,0.009562724486769694
A1,2024-02-27,0.014692280438824498,0.01712218170644912,0.023976070959387738,0.02456865333304071,0.020060010722919148,0.020006709662855126,0.018912470253305457,0.018003216875742696,0.020373546370354583,0.02168726073310906,0.020533449550546656,0.013544739969210804,0.011001965868509423,0.007408847348899336,0.004637192225570088,0.004543131531339457,0.0064964586148622185,0.003938007731789067,0.006038696569606483,0.006330284721721439,0.006919731738900057,0.007913639741270387,0.0074339302006941705,0.005546445603132851,0.0036620963620458843,0.0016868217832026417,0.0009186594469858254,0.0019752745788432424,0.0006082591560247444,0.004731252919800718,0.005399083848838195,0.005577799167876394,0.004593297234929127,0.0010095847847421018,0.0006490187901913511,0.001777747120958918,0.003009942215380179,0.0030005361459571156,0.0041073169814042024,0.003056972562495494,0.003499057825379458,0.00610767441204228,0.007913639741270387,0.005797274121081199,0.0048660732481979555,0.008515628184346423,0.013271963955941976,0.01906610272054882,0.022750146577915187,0.018787055994331284,0.013949200954402515,0.014410098356132606,0.012127558842802637,0.007951264018962638,0.010240074245241317,0.013039947576839753,0.01472990471651675,0.014670332943504016,0.00983874861652396,0.011497352191457411,0.011368802576008884,0.0085720646008848,0.012002144583828462,0.012858096901327202,0.014582542962222096,0.017507830552794704,0.014720498647093686,0.013281370025365039,0.010744866637612366,0.01985934790856047,0.018094142213498973,0.010813844480048162,0.0068131296187720096,0.00453059010544204,0.002150854541407086,0.0007838391185885882,0.0018435896069203593,0.0021665313237788576,0.0015614075242284676,0.002401683059355434,0.005380271709992069,0.007650269797424621,0.010368623860689844,0.008782133484666542,0.017570537682281794,0.015532555973951463,0.013845734190748823,0.01364193601991579,0.018774514568433865,0.02306368222535062,0.01901593701695915,0.020028657158175606,0.016786698563693206,0.012854961544852847,0.011713691788187862,0.007850932611783299
A1,2024-03-17,0.013548892165965738,0.010927230688004079,0.014175177963478799,0.018420813079177818,0.01600669980155479,0.013883882243705282,0.01509640067726255,0.010064267118175032,0.01077430043512298,0.009441622517159139,0.004966592022138475,0.004799096983268703,0.003808691536038742,0.0006517741729932455,0.0,0.003491907440785042,0.008349263568008448,0.009357874997724253,0.00788319041637082,0.0032880004369435795,0.004657090319879113,0.009070220474447903,0.011604493236477506,0.010446592750377773,0.006659748393322046,0.003269794454457735,0.003914286234456643,0.004376718189597102,0.005702113714566606,0.004402206565077285,0.0032151765070002,0.0036157081216887867,0.001780545087115626,0.0016021264587543467,0.0009904054472299596,0.0,0.0010086114297158046,0.0025488375480182787,0.003029475485644583,0.0024723724215777306,0.0066233364283503566,0.008735230396708359,0.007551841535128443,0.006758060698745608,0.005694831321572269,0.001955322518979737,0.0016640267992062193,0.005483641924736468,0.011040107779416317,0.0037103792306151804,0.002741820962368234,0.007107615562473828,0.012165237497041528,0.012660440220656507,0.016472772953192417,0.017506872758388407,0.014215231124947656,0.014546580006190035,0.012718699364611211,0.010501210697835307,0.016141424071950045,0.017794527281664755,0.01752507874087425,0.015329437253081363,0.022011032825386422,0.019571431172283212,0.015158301017714421,0.01706264678573379,0.019407577329910608,0.016083164927995337,0.015875616727656708,0.011331403499189834,0.016582008848107486,0.014797822564494693,0.009809383363373204,0.006972891292078577,0.006688877965299397,0.005006645183607333,0.005581954230160031,0.004016239736377374,0.006812678646203142,0.007253263422360587,0.01841353068618348,0.014320825823365559,0.017255630200083746,0.015955723050594426,0.014721357438054144,0.01746317840042238,0.027855153203342618,0.03206073515757278,0.02939902051814226,0.018053052232963752,0.01788555719409398,0.016021264587543466,0.0198190325340907,0.010807071203597503
A1,2024-04-11,0.021684582366628513,0.02715554069616257,0.02299491065789963,0.021110469455504568,0.02206282146101605,0.018999760223431243,0.012968197521858509,0.010881128233184404,0.008098369181618935,0.007872101151940673,0.005751260515553396,0.002954992924902655,0.0030900783157553477,0.004957633844293826,0.0035527457794258207,0.0036034028009955805,0.0024011428224066144,0.006075465453599859,0.006075465453599859,0.006409801795960274,0.005751260515553396,0.010641351664420876,0.012711535279238392,0.011482258222478888,0.006940011955057093,0.0039951504344683895,0.004393652337483833,0.002890827364247626,0.003991773299697072,0.0036371741487087536,0.004309223968200901,0.005285215917111606,0.011863874451637746,0.009925399092901603,0.007210182736762478,0.0027928904558794238,0.006278093539878898,0.007493862057553134,0.0029718785987592417,0.0016075161511470443,0.0029414843858173857,0.004042430321266832,0.010330655265459681,0.0073553995319291235,0.009401943203347418,0.010327278130688365,0.01391041812305604,0.010428592173827885,0.01016855279643645,0.008726516249083955,0.012988460330486413,0.0158522706165635,0.013373453694416587,0.012728420953094979,0.011120904801947936,0.014268394408815678,0.012157685176742351,0.014238000195873821,0.02061740777889224,0.018101442374260836,0.017665791988760903,0.015166712257986084,0.010992573680637876,0.012316410510994266,0.014092783400707177,0.01743614682431132,0.02053973367915194,0.018719458037411905,0.015511180004660452,0.015669905338912365,0.0167100628484781,0.012515661462501989,0.006551641456355601,0.008051089294820492,0.0019080811457942858,0.0057039806287549535,0.003914099199956774,0.008358408559010367,0.006034939836344051,0.0043700123940846125,0.009898382014731066,0.010185438470293039,0.009182429443211793,0.004852942666382989,0.010614334586250338,0.013866515371028917,0.0097295252761652,0.00665295549949512,0.014710799063858247,0.011924662877521457,0.017976488387722093,0.018253413438970113,0.012958066117544556,0.014234623061102503,0.016159589880753375,0.008618447936401801
A1,2024-04-29,0.028315483713607842,0.02537972017117896,0.01871438391095146,0.012332867691079627,0.005893700525510544,0.010465863988115037,0.010465863988115037,0.013530233486330074,0.0092463247522118,0.0021996053127563806,0.00283820040355662,0.003964611188718154,0.005822745515421629,0.004909199760526841,0.007720792035300118,0.007601055455775073,0.007911483624914077,0.010993591875651345,0.012940419964965965,0.010159870507106587,0.009445885718086876,0.011055677509479146,0.016705470187809043,0.015969311958136546,0.009929266724317612,0.0037073992771458346,0.006913678795538704,0.012736424310960332,0.0125324286569547,0.009321714450431272,0.005365972637974234,0.003614270826404133,0.0019601321537062906,0.00039025255548903525,0.001317102374775494,0.0038005277278875364,0.006980199117497062,0.004665291913346194,0.0035300117519235456,0.0,0.0018758730792257034,0.005184150424621389,0.009822834209184238,0.007889310184261292,0.016044701656356016,0.02131754584358855,0.019029246768221025,0.013796314774163508,0.02126432958602186,0.017348499966739837,0.013539102862591188,0.007046719439455421,0.01240382270116854,0.009011286281292268,0.008532339963192088,0.007339408856072197,0.012838422137963148,0.013898312601166323,0.012882769019268719,0.0084170380717976,0.018967161134393222,0.018412825118073572,0.02001374753320473,0.016572429543892327,0.01469655646466662,0.014634470830838821,0.02031087163795206,0.011361670990487594,0.012896073083660392,0.009539014168828576,0.009716401694050865,0.008687554047761592,0.005530056098804852,0.0031175857557817245,0.0030909776269983816,0.003082108250737267,0.004798332557262911,0.006257344952216235,0.004736246923435109,0.0040799130801126415,0.0037428767821902926,0.003906960243020909,0.0031885407658706405,0.0033481895385707,0.007472449499988913,0.010084480808887115,0.00950353666378412,0.00447903501186279,0.0183063926029402,0.026949599769396218,0.029597108583338874,0.025233375462870574,0.021353023348633007,0.01790283598305949,0.008541209339453203,0.005059979156965786
A1,2024-05-06,0.013110673893896444,0.011366673823785887,0.014745126220909606,0.01080140746940332,0.011314090907099138,0.009749749135668312,0.011287799448755765,0.007168804308293644,0.006257367085723304,0.006537809308052638,0.006559718856672118,0.00712060330133079,0.005280201217294524,0.004167196147424973,0.0052539097589511495,0.003917427293162908,0.003601929793042406,0.006524663578880952,0.006485226391365889,0.006485226391365889,0.006870834447068726,0.014696925213946749,0.01416671413735535,0.008172261635065799,0.0021602814938806642,0.0024363418064861043,0.0024363418064861043,0.00042942715294179537,0.005674573092445153,0.004333708716933017,0.014390191533274038,0.01195823163651183,0.008229226461476445,0.004938412258830647,0.007589467641787647,0.007913728961355943,0.010301869760879191,0.009074935038188348,0.002098934757746122,0.0038955177445434293,0.0036150755222140933,0.0030191357997642553,0.0046754976753968945,0.009294030524383141,0.008614834517179282,0.015021186533515045,0.018504804764012263,0.0185705334098707,0.01962219174360571,0.018180543444443968,0.012050251740713645,0.012786412574328151,0.013325387470367343,0.016887880075894684,0.02222942802932375,0.016546091117430807,0.015809930283816304,0.020700141535684093,0.022518634071100878,0.01844345802787772,0.01329471410230007,0.00928526670493535,0.01157700549053289,0.013228985456441633,0.01244900552558817,0.01956522691719506,0.026694594037973647,0.023802533620202373,0.016546091117430807,0.013934472921988869,0.011563859761361202,0.015603980526793196,0.008720000350552783,0.0046667338559491026,0.004123377050186014,0.004123377050186014,0.0055694072590716515,0.007685869655713357,0.008645507885246553,0.007848000315497504,0.003566874515251239,0.0008325628475402154,0.0,0.0,0.006686794238665098,0.008237990280924238,0.008049568162796714,0.006809487710934183,0.018408402750086553,0.023158392890789678,0.01853986004180343,0.016305086082616535,0.017470674069172836,0.021370573723440162,0.015349829762807235,0.006366914828820701
A1,2024-05-17,0.015610894941634238,0.01706614785992218,0.016459143968871593,0.014894941634241243,0.014552529182879375,0.0156420233463035,0.014420233463035018,0.009879377431906613,0.004603112840466926,0.004638132295719844,0.003136186770428015,0.002797665369649805,0.0031945525291828787,0.004217898832684824,0.00427237354085603,0.002105058365758755,0.0010116731517509727,0.004968871595330738,0.009027237354085602,0.006614785992217898,0.003673151750972762,0.007377431906614784,0.013163424124513616,0.009758754863813229,0.005498054474708171,0.0023696498054474706,0.0053151750972762635,0.003587548638132295,0.000630350194552529,0.0053735408560311275,0.00478988326848249,0.00457976653696498,0.0008988326848249026,0.0014630350194552528,0.0010856031128404667,0.003813229571984435,0.0033774319066147856,0.002210116731517509,0.0027821011673151747,0.002365758754863813,0.0038949416342412444,0.008147859922178988,0.008101167315175095,0.004700389105058365,0.017937743190661475,0.0237704280155642,0.01789494163424124,0.014338521400778207,0.009392996108949414,0.008774319066147859,0.005171206225680933,0.0033424124513618675,0.014583657587548636,0.01906225680933852,0.013073929961089492,0.006953307392996108,0.005754863813229571,0.007315175097276264,0.01515953307392996,0.01785214007782101,0.01336964980544747,0.010797665369649804,0.010774319066147857,0.013241245136186769,0.010529182879377432,0.008315175097276263,0.015459143968871594,0.015377431906614784,0.01499610894941634,0.013229571984435796,0.015443579766536961,0.020618677042801552,0.018264591439688713,0.011085603112840464,0.005859922178988326,0.009591439688715953,0.008163424124513617,0.0024085603112840464,0.003587548638132295,0.013525291828793773,0.014719844357976653,0.014159533073929958,0.010540856031128401,0.011653696498054473,0.009556420233463033,0.012735408560311282,0.012424124513618675,0.015385214007782097,0.037513618677042795,0.028490272373540855,0.02973540856031128,0.025116731517509722,0.02206225680933852,0.019821011673151746,0.014871595330739297,0.0081284046692607
A1,2024-06-01,0.021778841263031257,0.02323400754563428,0.018443900907156852,0.01858101383956018,0.01513107554037976,0.01010212701965138,0.010491350827764041,0.008934455595313391,0.011114993520308196,0.00637353985784485,0.006466422812053553,0.006687572703026657,0.00645757681641463,0.004498188782392931,0.004294730882697675,0.0041355029611970405,0.008514270802464495,0.010150779995665462,0.00927502642741197,0.005612784232897374,0.002273420879203507,0.0064266158316783955,0.008133892989990756,0.004002813026613178,0.0023309198508565136,0.0034985912751945014,0.004365498847809068,0.007828706140447873,0.0038878150833071643,0.004166463945933275,0.001866505079812996,0.004511457775851317,0.0034543612969998804,0.0010438274853930497,0.003056291493248294,0.0,0.004153194952474889,0.003595897227222667,0.010203855969499007,0.009872131133039351,0.0047679916493801175,0.0025564927396490795,0.004493765784573468,0.006745071674679665,0.007886205112100881,0.013078804552149357,0.011433449363309464,0.012008439079839535,0.014436664882724213,0.021137506579209257,0.017143539548235005,0.011504217328420859,0.00858946176539535,0.003971852041876943,0.01195978610382545,0.01048692782994458,0.010482504832125119,0.009642135246427324,0.013813022190180062,0.013202648491094295,0.010659424744903601,0.007550057277821762,0.00790832010119819,0.0114644103480457,0.01116806949414174,0.012375547898854887,0.01909850458443724,0.017187769526429624,0.015829909195854766,0.017417765413041655,0.01860755182647695,0.01048692782994458,0.0054668253048551245,0.003971852041876943,0.006307194890552919,0.004644147710435179,0.003954160050599095,0.0031447514496375354,0.00528548239425718,0.006232003927622064,0.01108403253557196,0.009319256405606591,0.0069042995961803,0.007373137365043279,0.012733810722231315,0.01110614752466927,0.006767186663776975,0.008501001809006108,0.029156401625894002,0.044712084956942115,0.04938277065429407,0.037051452733633805,0.027183744598413915,0.013843983174916296,0.0105311578081392,0.0072979464021124246
A1,2024-07-02,0.01660880492428276,0.019245596472918573,0.01411258546143852,0.0118634320887734,0.008962535409256457,0.009218121019786585,0.01389533769248791,0.010845349406828393,0.006632446593256798,0.004293838256906136,0.003667653511107324,0.003024429724606504,0.003024429724606504,0.003160742050222572,0.0017507614321313708,0.0010564205235245254,0.0037145108730378476,0.0030798066068880316,0.0030798066068880316,0.0007113799493088538,0.005648441992715809,0.011177610700517558,0.011888990649826413,0.011650444079998294,0.009835786245234393,0.008843262124342399,0.0067219015569423436,0.007846478243274902,0.008557858192583756,0.0044897872249792335,0.0004089369768482034,0.0008689910758024321,0.004911503482353943,0.003693212072160337,0.0014227598986177076,0.003135183489169559,0.003135183489169559,0.004609060509893292,0.008472662989073714,0.0009541862793124745,0.0005111712210602542,0.0010691998040510318,0.006070158250090519,0.017839875615002873,0.01932227215607761,0.008472662989073714,0.008770846201358862,0.009695214159442822,0.008229856659070093,0.00762071095397329,0.008110583374156034,0.0035483802261932645,0.004511086025856744,0.0024408425805627137,0.0009840046005409895,0.001405720857915699,0.009733552001022341,0.009916721688568933,0.010696257800685819,0.021260463035931074,0.02722412728163404,0.02459159549317373,0.020314796276969603,0.023024003748588952,0.030231517965538537,0.030913079593618876,0.021320099678388105,0.018491618921854698,0.011173350940342058,0.01694958573832293,0.02535409256458861,0.019952716662051923,0.01513918766373453,0.009699473919618324,0.010990181252795467,0.011190389981044066,0.006845434602031904,0.006368341462375667,0.00460480074971779,0.006163872973951565,0.010819790845775381,0.01204234201614449,0.009333134544525142,0.003931758641988455,0.0076931268769568255,0.009473706630316712,0.008775105961534364,0.0056527017528913105,0.015207343826542563,0.02777363634427381,0.02825498924410555,0.0347766820727993,0.02945624161359715,0.01633192051287512,0.015053992460224486,0.004451449383399714
A1,2024-07-12,0.028703343357509285,0.03023173536175482,0.024563948346010965,0.014887670263576862,0.010971165752697683,0.013631699982310279,0.017696798160268885,0.015237926764549796,0.017799398549442774,0.01288519370245887,0.01582522554395896,0.018400849106669025,0.018429152662303203,0.011972404033256678,0.011388643198301785,0.008190341411639837,0.007132496019812489,0.006495666018043516,0.0070900406863612245,0.008565363523792677,0.009230497081195825,0.012082080311339113,0.01409870865027419,0.01233327436759243,0.01022819741730055,0.006750398018751106,0.004086325844684238,0.001142756058729878,0.0025190164514417124,0.0025190164514417124,0.004252609234035026,0.004846983902352733,0.003431806120643906,0.0021758358393773217,0.0010260038917388997,0.0030037148416769857,0.002717141340880948,0.0008738722802052008,0.0008738722802052008,0.0008738722802052008,0.00035025650097293476,0.0008384928356624801,5.306916681408102e-05,0.0,0.0024765611179904477,0.003782062621616841,0.0030780116752166992,0.005062798514063329,0.006071112683530868,0.005430744737307624,0.005098177958606049,0.004571024234919512,0.002409340173359278,0.0008066513355740315,0.003166460286573501,0.004641783124004953,0.007578277021050769,0.00812665841146294,0.013511409870865026,0.008671501857420839,0.02574562179373784,0.02682823279674509,0.030090217583583937,0.026955598797098884,0.02299663895276844,0.023481337343003717,0.02023704227843623,0.014650627985140633,0.014346364762073235,0.017820626216168405,0.023530868565363523,0.01455864142932956,0.01077657880771272,0.0072350964089863785,0.006060498850168052,0.008777640191049001,0.007284627631346188,0.005087564125243234,0.005505041570847338,0.006506279851406333,0.004571024234919512,0.001139218114275606,0.003060321952945339,0.004369361401026004,0.006807005130019459,0.007351848575977357,0.00679285335220237,0.006332920573147002,0.014756766318768795,0.020339642667610118,0.02389881478860782,0.02528922695913674,0.02395542189987617,0.01900229966389528,0.01909074827525208,0.009877940916327613
A1,2024-10-02,0.033849811872909696,0.02311089046822742,0.026664402173913037,0.022718959030100332,0.014566785117056853,0.01095448369565217,0.007583873327759195,0.013763325668896318,0.010673599498327758,0.006786946070234113,0.004761966973244147,0.004324310200668896,0.004324310200668896,0.003481657608695651,0.0018616743311036786,0.001672240802675585,0.004879546404682273,0.011268028846153844,0.009941994147157188,0.011006741220735784,0.013260346989966552,0.01516121446488294,0.02029551630434782,0.012149874581939796,0.008785796404682272,0.008713942307692306,0.00938675794314381,0.010745453595317724,0.003788670568561872,0.0035339151337792636,0.008857650501672238,0.00642767558528428,0.004219795150501671,0.002358120819397993,0.001554661371237458,0.001554661371237458,0.006440739966555182,0.0016787729933110363,6.532190635451503e-05,0.0031811768394648826,0.002331992056856187,0.0009275710702341135,0.003618833612040133,0.0009275710702341135,0.004154473244147156,0.00755774456521739,0.008988294314381268,0.009661109949832774,0.0093345004180602,0.006140259197324413,0.003644962374581939,0.005558894230769229,0.004977529264214046,0.004977529264214046,0.005245349080267557,0.0021948160535117055,0.005722198996655517,0.00321383779264214,0.008478783444816052,0.007172345317725751,0.011614234949832774,0.01450799540133779,0.015304922658862874,0.018166022157190632,0.025945861204013373,0.028513012123745813,0.021745662625418053,0.013475909280936452,0.006421143394648828,0.002527957775919732,0.0033771425585284276,0.0015677257525083608,0.001855142140468227,0.002789245401337792,0.002789245401337792,0.0010516826923076923,0.013195025083612038,0.012365436872909698,0.005402121655518394,0.0005095108695652173,0.0023450564381270896,0.0023450564381270896,0.0013652278428093643,0.0034947219899665546,0.016859584030100332,0.02298677884615384,0.023790238294314377,0.014364287207357856,0.046914193143812705,0.05428903637123745,0.048867318143812705,0.032674017558528425,0.016193300585284277,0.012443823160535114,0.01697063127090301,0.005787520903010032
A1,2024-10-28,0.01942940303726174,0.016277795102958827,0.008656290458235289,0.008268836409340478,0.00966745102486321,0.011122766232907134,0.01522410909194001,0.015961216794715506,0.019632580160462678,0.017279505570833215,0.015162683450042052,0.018541093754429732,0.017709485064118922,0.012989160736729698,0.006142564189795784,0.005622808758351525,0.006147289239172549,0.00519282926506582,0.004158043451554069,0.00535820599325263,0.008098734631776903,0.006331566164866423,0.012658407280356079,0.015266634536330906,0.012034700762622969,0.011236167417949519,0.010021829728120659,0.010021829728120659,0.004039917217134919,0.0032602840699685314,0.0,0.0010017104678743892,0.0008694090853249416,0.0,0.0008883092828320056,0.0021735227133123543,0.00294370576172521,0.0024806509228021433,0.0025373515153233354,0.0036241128719795125,0.002655477749742485,0.008169610372428393,0.00751282850905792,0.004677798882998328,0.009426473506648145,0.009894253394947978,0.0029153554654646145,0.0027547037866545703,0.002116822120791162,0.003392585452517979,0.011930749676334118,0.012918284996078208,0.013338814390610384,0.012785983613528763,0.009676901123616743,0.008349162248745498,0.008708266001379715,0.00760732949659324,0.007881382360445667,0.011599996219960499,0.011018815146618281,0.013367164686870978,0.017071603398255513,0.025406590498870715,0.02319526739054423,0.010735312184012323,0.013149812415539744,0.013792419130779917,0.01280015876165906,0.020001134011850424,0.016169118967293207,0.013934170612082896,0.003737514057021896,0.00943119855602491,0.005679509350872717,0.00688912199132481,0.004536047401695348,0.004427371266029731,0.006511118041183531,0.010782562677779982,0.009922603691208573,0.007191525151437833,0.0019325451950972887,0.0008079834434269839,0.0017577183681569473,0.005570833215207099,0.004049367315888452,0.004214744044075261,0.0275895633109366,0.035938725559682104,0.033174571674274,0.026521702151787487,0.023214167588051296,0.024069401525245938,0.02680048006501668,0.01826231584120054
A1,2024-11-01,0.02264356251808159,0.023278307691643376,0.02715586664306162,0.022790374326932615,0.02440962221867186,0.022039043305165606,0.019418020717737017,0.019469836650272673,0.02042843140218231,0.022656516501215508,0.017259023528751357,0.011442685101623993,0.008588490817784952,0.003786881069480846,0.006286999814326239,0.003437123524865169,0.008040105531782594,0.008040105531782594,0.008005561576758824,0.013178518841568463,0.0055097608262914015,0.004590028023783511,0.011252693348993256,0.010272508625193766,0.007945109655467226,0.005738614528323882,0.005643618652008513,0.007742163919702574,0.0063085897862160956,0.007547854172693865,0.006135870011097243,0.00589838032030882,0.008243051267547246,0.0063085897862160956,0.004335266355483204,0.006062464106671731,0.003311901687904001,0.001304034302147338,0.0,0.0,0.0,0.0013126702909032808,0.0013126702909032808,0.004939785568399188,0.006623803375808002,0.00455548406875974,0.0023662609191282824,0.0017746956893462118,0.005505442831913431,0.005824974415883309,0.015423875918113549,0.015721817530193572,0.013010117060827582,0.014780494755795823,0.010117060827586798,0.0140162097508949,0.008053059514916508,0.006394949673775522,0.007293092504393557,0.008208507312523476,0.011321781259040795,0.01260854358367625,0.019240982948240195,0.020419795413426364,0.014724360828882196,0.01329942268415166,0.014685498879480454,0.007996925588002881,0.012194016123391003,0.01802330853365228,0.012923757173268156,0.010060926900673171,0.010065244895051142,0.006939016965399908,0.0037652910975909896,0.003074411997115579,0.0026210225874285903,0.0018049216499920109,0.0008074649486806365,0.0008074649486806365,0.0022237671046552287,0.0009974567013113745,0.0015415239929357607,0.004887969635863533,0.008398499065154214,0.007293092504393557,0.003104637957761378,0.0036659772268976495,0.01713380169179019,0.024219630466041125,0.04174205165184874,0.043564245279352626,0.0340992016028395,0.01771673093281632,0.014098251644076354,0.004188454546632179
A1,2024-11-06,0.03047546889986863,0.021802735618657667,0.0194854393190776,0.01599135950736296,0.015249824691497339,0.010832856440471684,0.009462629063328688,0.008438988610992449,0.005122232342202198,0.004142922775597057,0.006798745838941863,0.012045910677295334,0.012892227586707184,0.009801155827093427,0.009410238016555572,0.008185093538168894,0.008692883683816004,0.012279655347513846,0.009454568902286669,0.015298185657749446,0.022012299805750125,0.021601231592607226,0.021839006343346744,0.018429558222573292,0.008753334891631137,0.0047756454173954405,0.002345506863227128,0.008068221203059639,0.0073992278365721765,0.005259255079916498,0.0010034900497311939,0.0,0.0016966638993447093,0.0015838216447564624,0.005372097334504745,0.004618472277076097,0.00315152296742889,0.0055856916021182115,0.005412398139714833,0.004489509700403816,0.0018256264760169911,0.0024220783931262952,0.004743404773227371,0.006625452376538485,0.01402468021311066,0.012259504944908801,0.01619689361393441,0.011650962786236473,0.009228884393110176,0.009176493346337062,0.011239894573093573,0.013899747716959386,0.00993011840376571,0.011243924653614581,0.008495409738286573,0.007439528641782264,0.005440608703361894,0.010449998790975846,0.010832856440471684,0.006972039301345242,0.011034360466522125,0.015406997831816684,0.01718023326106056,0.02168586328354841,0.02064207242860713,0.01237234719949705,0.0125778813060685,0.012618182111278587,0.011860526973328931,0.011171383204236423,0.011816196087597833,0.006677843423311599,0.005621962326807291,0.007161453085832656,0.003107192081697793,0.00806419112253863,0.006411858108925018,0.0018780175227901057,0.0012533550420337403,0.00044733893783197796,0.001043790854941282,0.0016120322084035243,0.006468279236219141,0.005295525804605577,0.005061781134387066,0.00406635124569789,0.0029903197465885375,0.00785865701596718,0.025945658394254723,0.03745153828173488,0.032825005843616764,0.02357597104790154,0.019948898578993613,0.016015539990489013,0.017905647754842147,0.00958756155947996
A1,2024-12-05,0.025029797377830756,0.026597659405972283,0.022058058890817613,0.015382646327123219,0.020382206365839813,0.023657918103206926,0.020826167297277848,0.01924230667701243,0.013726792042300281,0.007395349209269587,0.003815664221548505,0.005079552999336059,0.00483557446944669,0.005999472046459913,0.006043468174800619,0.006499428050331573,0.009567158090088075,0.00853524889809697,0.011914951484269387,0.01765844605674701,0.014598715313052455,0.01197894585276496,0.01807040980393726,0.017882426346481513,0.007395349209269587,0.0027837550295573997,0.0022997976178096334,0.002223804305221141,0.0021438113446016756,0.004723584324579438,0.009559158794026128,0.006859396373119167,0.001959827535176905,0.0008799225668141206,0.003411699770420204,0.0027677564374335066,0.002531777203606083,0.00229579796977866,0.0,0.001919831054867172,0.003411699770420204,0.004791578341105984,0.003051731447632609,0.007995296413915578,0.015418643159401977,0.012170928958251677,0.008471254529601398,0.00777931542024302,0.007923302749358058,0.009615153866459754,0.010339090160065918,0.010915039476526068,0.006683411859756343,0.007371351321083747,0.007227363991968708,0.009455167945220824,0.0115389845693579,0.011434993720552594,0.007967298877698764,0.0069953844061722585,0.00802329395013239,0.01271088144243307,0.013482813512410912,0.00949916407356153,0.008703234115397846,0.012698882498340149,0.012298917695242821,0.011019030325331374,0.013958771628096731,0.010827047219844656,0.010563070449800422,0.012730879682587936,0.007455343929734185,0.0047035860844245716,0.0028717472862388117,0.001479869771460112,0.005771492108694437,0.004875570949756423,0.0031877194806857008,0.0021238131044468093,0.0004079640991592741,0.0,0.0,0.0,0.004599595235619267,0.0036716768924334666,0.006535424882610333,0.008251273887897868,0.03787666685331692,0.04116037788674597,0.04038044652070619,0.03828863060050716,0.02776555663101648,0.027337594291702336,0.021574101479069848,0.012074937405508317
A1,2024-12-21,0.023878257700018227,0.028379806816110808,0.02981957353745216,0.028992163295061053,0.02387096774193548,0.019682886823400764,0.018399854200838346,0.009181702205212321,0.008459996355020958,0.009360306178239476,0.006644796792418444,0.006845270639693822,0.003958447238928376,0.005569527975214143,0.01188263167486787,0.012221614725715327,0.011758702387461272,0.012032075815564062,0.010089301986513578,0.012330964096956443,0.011966466192819391,0.0130162201567341,0.014007654455986878,0.012480408237652632,0.010235101148168398,0.006466192819391288,0.005496628394386732,0.0084672863131037,0.007096774193548387,0.005051940951339529,0.0039183524694733005,0.0023983962092217967,0.0016220156734098779,0.0012903225806451613,0.00334609075997813,0.00334609075997813,0.0028722434845999635,0.0025551303080007287,0.0025551303080007287,0.0,0.00039730271550938583,0.00039730271550938583,0.003211226535447421,0.005394568981228358,0.014011299435028247,0.017754692910515766,0.013832695462001093,0.006703116457080372,0.0034700200473847275,0.004352104975396392,0.0037907782030253325,0.004388554765810097,0.005780936759613632,0.005602332786586476,0.00933114634590851,0.009739383998542009,0.007238928376161836,0.008368871878986696,0.00974302897758338,0.012371058866411518,0.012772006560962274,0.007836704938946601,0.010993256788773465,0.01622380171314015,0.01803171131765992,0.014106068890103882,0.012254419537087662,0.0075924913431747775,0.00804811372334609,0.005529433205759066,0.005256059777656278,0.00862037543284126,0.007946054310187717,0.0026098049936212867,0.00299252779296519,0.0023947512301804265,0.0037944231820667028,0.0037215236012392927,0.0024530708948423546,0.0036632039365773646,0.0023546564607253508,0.0028941133588481866,0.0050045562238017136,0.0057189721159103335,0.00881720430107527,0.009353016220156735,0.01359212684527064,0.012761071623838164,0.03194459631857117,0.03498815381811554,0.03943502824858757,0.029943502824858758,0.029075997813012577,0.02534718425369054,0.024796792418443594,0.009706579187169674
A3,2024-02-03,0.0317852003657915,0.028138589306363947,0.02869812820109942,0.028057201830766057,0.02780286596952266,0.03009867101034639,0.030247881382275854,0.02942496357345277,0.02746940339589243,0.027141592730289828,0.02656509811147146,0.025078646300204493,0.024478413667670076,0.021955401924135576,0.032530121843833276,0.03320382928072689,0.03210848950497199,0.031952496843409374,0.03138052375101311,0.03023996871103717,0.02851274561779312,0.027155157309556144,0.022507028147632367,0.016548786704903715,0.011892744871741254,0.005225754162347669,0.0025388370860118677,0.0004137196676225929,0.0,0.0,0.0,0.000183121820095246,0.000183121820095246,0.000183121820095246,0.000183121820095246,0.000183121820095246,0.000183121820095246,0.000183121820095246,0.000183121820095246,3.39114481657863e-05,1.3564579266314519e-05,9.04305284420968e-06,0.0,0.0,0.002924297213496305,0.006521171482280705,0.008102575348411873,0.008121791835705819,0.00640361179530598,0.00568468909419131,0.005612344671437633,0.006088235327364167,0.006448827059527028,0.0057140790159349916,0.004078416832738566,0.004729516637521663,0.0027750868415668457,0.003057682242948398,0.0036307857169501864,0.0034273170279554687,0.00201320963944218,0.0020991186414621717,0.0017091369875556295,0.0008523077305667624,0.0005403224074415283,0.00028372578298707874,0.00028372578298707874,6.669251472604639e-05,0.0,0.0,0.0,0.0,0.0,0.0,0.0,0.0,0.0,0.0,0.0,0.0,0.0,0.0,0.0,0.0,0.0,0.0,0.0,0.012367505146062262,0.026905342974734847,0.02777912795580661,0.02744905652699296,0.027100898992490886,0.027165330744005876,0.026128770811738346,0.02651197017601173,0.012749574128730123
A3,2024-02-09,0.03331735407658212,0.03139380576388296,0.029859072615458206,0.029622402515465083,0.030082460209839464,0.02770126920378626,0.028020049338470868,0.029315697385882168,0.03465043463980866,0.03230546864906053,0.031922690987336966,0.030779188004206953,0.030241850277181764,0.031922690987336966,0.029888052627702257,0.026422526163517323,0.02354263744676434,0.017857725044888844,0.01410239845826336,0.007650723232430571,0.003733591577442444,0.0008259303489555731,0.0,0.0,0.0,0.000536130226515021,0.0006894827913064798,0.0002741026158083554,0.00015335256479145874,0.00015335256479145874,0.00015335256479145874,0.00015335256479145874,0.00015335256479145874,0.00015335256479145874,0.00015335256479145874,0.00015335256479145874,0.00015335256479145874,0.0001364475576490932,0.0,0.0,0.0,0.0015033381351603633,0.0007329528096725627,0.00019803008366771048,0.004715289492209814,0.0078101132997728745,0.010489556931837812,0.00837643103904212,0.007607253214064489,0.0046029919447641,0.005494127321268798,0.003499336478469665,0.00625123014114474,0.005206742199848583,0.006305567664102343,0.006009730039110946,0.006089425072782098,0.004353039339159124,0.0020660333728991015,0.0011000329647639284,0.0009478879004826387,0.0,0.0,0.000967207908645342,0.000967207908645342,0.0008041953397725316,0.0,0.0,0.00046609519692522106,0.00046609519692522106,0.0001871625790761898,0.0,0.0,0.0,0.0,0.0,0.0,0.0,0.0,0.0,0.0,0.0,0.0,0.010999122147129115,0.02868296711855363,0.028402827000194426,0.02914906231547885,0.028860469693548465,0.02766021418644051,0.0285477270614147,0.030698285470025635,0.03089148555165267,0.03081782802053236,0.029099554794561923,0.026306606114541102,0.014492421123047937
A3,2024-03-08,0.03967685921094398,0.039146278466201556,0.03624130998985518,0.037426947900393984,0.03794508100303101,0.03854879164514263,0.042357770129393256,0.043188650239928315,0.04178362263728195,0.044529883676784544,0.04252892520834243,0.03953526728199513,0.036311327976698025,0.03384980675035633,0.03013418558189616,0.023228856123928734,0.017697435163344193,0.008310357060613796,0.0018111319263348549,0.000687732226323029,0.0,0.0,0.0003283065605297718,0.0003283065605297718,0.0003283065605297718,0.0003283065605297718,0.0003283065605297718,0.00019293845263360996,0.0,0.0,0.0,0.0,0.0,0.0,0.0,0.0,0.0,0.0,0.0,0.0,0.0,0.0,0.0,0.0,0.009704492976417947,0.011458054558015351,0.01443148506594139,0.010583607700111412,0.004944825826367842,0.0023774996421302907,0.0006472773894804979,0.0004963497289525934,0.0002193896921075726,0.0,0.0,0.0,0.0,0.0,0.0,0.0,0.0,0.0004543389368468879,0.0004543389368468879,0.0014408145736993774,0.0014408145736993774,0.0007530823473763485,0.0,0.0,0.0,0.0017115507894917012,0.001039378115800415,0.00023028137894979254,0.0,0.0,0.0,0.0,0.0,0.0,0.0,0.0004061043236884855,0.0004061043236884855,0.0004061043236884855,0.000392100726319917,0.0,0.0,0.0,0.0,0.011062841921169088,0.03660695947670114,0.03771946748987074,0.03771946748987074,0.03771946748987074,0.03943101827936244,0.039829342826735066,0.040926291287272924,0.018212456355454876
A3,2024-03-13,0.039627443512544686,0.038708802121048165,0.03846034395110605,0.039764749343302166,0.040294357547652475,0.044903910437368105,0.050417393379570526,0.05124286295733875,0.04926010137747171,0.046639848440516336,0.04235721419546139,0.03679142427011326,0.03248917490637867,0.028191829322313997,0.020608951359409454,0.012078009326988931,0.0034571646672867224,0.0,0.0,0.0,0.0,0.0,0.0,0.0,0.0,0.0003367262040005035,0.0002974959666412215,0.00020105496646632002,0.0,0.0,0.0,0.0,0.0,0.0,0.0,0.0,0.0,0.0,0.0,0.0,0.0,0.0,0.0,0.0,0.00969313781418925,0.00969313781418925,0.010914178951996902,0.009112857219916537,0.005477521891289743,0.0037873524983940117,0.0028000581915187494,0.0028294808695382106,0.0016640159013228762,0.001371423714351565,0.001371423714351565,0.000393936966816123,0.0,0.0,0.0006374913570883318,0.0006374913570883318,0.0006374913570883318,0.0006374913570883318,5.394157636901268e-05,0.0,0.0,0.0018372827829930382,0.0019043011051484782,0.0004854741873211142,0.0013730583075748685,0.0011180617647395359,0.000997101866215083,0.0006440297299815454,0.0006440297299815454,0.00017163228844685856,0.0009921980865451728,0.0009921980865451728,0.0012864248667397874,0.0011017158325065017,0.00015038257654391416,0.0003972061532627298,0.0003972061532627298,0.0003972061532627298,0.00031711108532086243,0.0,0.0,0.0,0.0,0.008566903083333197,0.03930215946110731,0.03930215946110731,0.03930215946110731,0.04006061071672009,0.038233135493066873,0.04000993832679768,0.03973696125850601,0.022438061176285974
A3,2024-03-27,0.042256177408335246,0.043305909815531785,0.04348383056251425,0.04810799077658849,0.04903495786836713,0.0443538630152585,0.0542604902072421,0.05023770211796859,0.047809083921657954,0.04429336996128446,0.04349984342974267,0.03993609086768391,0.03386187656570259,0.01978834547938967,0.007689734684582102,0.0020443093828285135,0.0002953484399908906,0.0,0.0,0.0,0.0,0.0,0.0,0.0004483602823958097,0.0004483602823958097,0.0004483602823958097,0.0004483602823958097,0.00038786722842177197,0.0,0.0,0.0,0.0,0.0,0.0,0.0,0.0,0.0,0.0,0.0,0.0,0.0002953484399908906,0.0002953484399908906,0.0002953484399908906,0.0002953484399908906,0.0002935692325210659,0.004830548280573903,0.005816229218856754,0.006456743907993625,0.006154278638123436,0.0031385219767706683,0.000263322705534047,0.0003220365520382602,0.0003220365520382602,0.0007615007970849467,0.0007615007970849467,0.0007615007970849467,0.00033982862673650663,0.0014642877476656803,0.0014287035982691874,0.0023859172170348445,0.0022044380551127316,0.0024766567979959014,0.0008219938510589846,0.001510547141881121,0.0011120046686404013,0.0011493680255067185,0.001699143133682533,0.0019838163288544756,0.0003647375313140516,0.0,0.0,0.0,0.0,0.0,0.0,0.0,0.0,0.0003362702117968573,0.000809539398770212,0.0006547483488954682,0.0004732691869733548,0.0004732691869733548,1.779207469824642e-06,0.0,0.0,0.0,0.0,0.0020674390799362338,0.041841622067866104,0.041841622067866104,0.04292871783192896,0.04526125882486907,0.04551212707811434,0.04549433500341609,0.04634123775905262,0.019517905943976323
A3,2024-04-19,0.0455773770840906,0.04425009454363878,0.051266517599803205,0.04899379867161598,0.0471837010438352,0.05053770547178194,0.0518117498467108,0.04732689335110387,0.04528364927430873,0.04349007383582819,0.037411743972154604,0.027915156722144507,0.020478335738229776,0.015936569479477608,0.008193170094103048,0.003726671586607481,0.0014300872738754816,0.0,0.0,0.0,0.0,0.0,0.0,0.0,0.0002772056204816402,0.0002772056204816402,0.0002772056204816402,0.0002772056204816402,0.0002772056204816402,0.0002772056204816402,6.241715957864747e-05,0.0,0.0,0.0013933712976527477,0.006408773649678185,0.010078535473140427,0.007780115361597293,0.0037395221782854375,0.0008095872757112804,0.0,0.0,0.0,0.0,0.0,0.0007379911220769495,0.0010078535473140428,0.0007545133113771796,0.002043244076795136,0.002309434904409956,0.0016724127169455245,0.0014337588714977549,0.0014337588714977549,0.0023773594604220133,0.0015953091668777838,0.0015953091668777838,0.0015953091668777838,6.241715957864747e-05,0.0,0.0,0.0,0.0,0.0,0.0008609896424231076,0.002863846145373236,0.0016981139003014382,0.0006608875720092084,0.000657215974386935,0.000657215974386935,0.0011161656771711075,0.0022249881590976684,0.0010408979259145033,0.0013896997000304744,0.0007673639030551364,0.0007673639030551364,0.0006186641993530645,0.0,0.0006920961517985322,0.0006920961517985322,0.0011400310617158845,0.001000510352069496,0.00044793490991735233,0.0003524733717382445,0.0,0.0,0.0,0.0,0.0,0.012848755879145694,0.044962384482359806,0.04481001318103547,0.04233902798124548,0.04254463744809279,0.043750757267009596,0.04183418330818289,0.041727706977136965,0.02416645554980339
A3,2024-04-25,0.0445206109849168,0.042160757214857125,0.04643684169835839,0.05014781299355365,0.05361580402537301,0.053901121758882564,0.05161857989080612,0.049129872950774395,0.04680131209342222,0.043340684099886964,0.035204526795937066,0.024522599005253522,0.017711788592444783,0.012163739245362203,0.005894112146436104,0.0005080496416041114,0.0,0.0,0.0,0.0,0.0,0.0,0.0,0.0,0.0,0.0,0.0,0.0,0.0,0.0,0.0,0.0,0.0,0.0,0.011653848844187062,0.011653848844187062,0.010098407006667228,0.0014597223398263054,0.0,0.0,0.0,0.0,0.0,0.0,0.0,0.0031311320303209905,0.003720175093050395,0.002972826707212463,0.0008596347196707248,0.0005448648330246992,0.0,0.0006148136967238159,0.0013474360059935128,0.0013069392954308662,0.0007326223092696968,0.0007326223092696968,0.0015701679140880688,0.002196026168238061,0.0012296273934476317,0.0026046747930065853,0.0023690575679148236,0.001671409690494685,0.0016640466522105679,0.0013547990442776302,0.0008080934516819018,0.0,0.0,0.0,0.0,0.0024205988359036466,0.001452359301542188,0.0009645580152193999,0.0006332212924341098,0.0007491891454089614,0.00022273190809455606,0.0,0.0,0.00045834913318631786,0.00045834913318631786,0.00045834913318631786,0.00036262963549278963,0.0,0.0,0.0,0.0,0.0,0.0,0.013325258534681746,0.044235293251407244,0.044336535027813866,0.043883708173340634,0.042048470881024334,0.04416902590685019,0.046541764993907074,0.045492532038420325,0.023812065810836176
A3,2024-05-10,0.041541054511556895,0.039908451532312095,0.0460145230089657,0.037894112574621726,0.04173021832230447,0.04222954261553905,0.04543680650587176,0.05210014434391686,0.050982203264183464,0.0450499579920006,0.04122578149364428,0.03883311491445877,0.028412063538590278,0.02124428887188498,0.015266030780871622,0.007104720063122773,0.004826233441775892,0.0011946291111175494,0.00014655934886748825,0.0,0.0,0.0,0.0,0.0,0.0,0.0,0.0,0.0,0.0,0.0,0.0,0.0,0.0,0.0012900631057289373,0.00845102105853342,0.010841983459243724,0.010468768373174188,0.005092085283907615,0.0012951756411545472,0.0006799672116061373,0.0,0.0,0.0,0.0,0.0030061708302587123,0.002609097245536331,0.0008401599882752523,0.0,0.0006049833586971898,0.0006049833586971898,0.0008026680618207786,0.0006816713900813406,0.0006475878205772736,0.0008606101299776926,1.8745963227236868e-05,0.0015184230214061862,0.0015184230214061862,0.0015184230214061862,0.0019291300339301942,0.0020756893827976824,0.002373920615958269,0.0013837929218651216,0.0016905450474017248,0.001192924932642346,0.0018336960393188064,0.002055239241095242,0.0017433745801330286,0.001642828050096031,0.00062032096497402,0.0,0.0,0.0,0.0006850797470317474,0.0006850797470317474,0.00047035325915612507,0.0,0.0010497739407252646,0.0007055298887341876,0.0014604809532492724,0.0006816713900813406,0.0,0.0,0.0,0.0,0.0006595170699036972,0.0006595170699036972,0.0006595170699036972,0.0137288617962382,0.04145925394474714,0.04140131187659023,0.04073327391431051,0.041232598207545094,0.03933925592159417,0.0407281613788849,0.042156262941105305,0.01847159049272913
A3,2024-05-18,0.04086341297520054,0.04266052292898915,0.04170195314844328,0.04284556857358148,0.037800990911091396,0.044452631649140116,0.04345071784373478,0.042413795402866036,0.0522912318371865,0.04716663443649433,0.04661483165847575,0.04194201236304955,0.03733587618279175,0.03345992011362803,0.02535958869854564,0.01820282336309623,0.0160256196528477,0.008570447377019664,0.003000740182578369,0.0005434673886225269,0.0,0.0,0.0,0.0,0.0,0.0,0.0,0.0,0.0,0.0,0.0,0.0,0.0,0.0,0.0,0.0,0.0,0.0,0.0,0.0,0.0,0.0,0.0,0.0,0.0007135093323019677,0.0,0.0,0.0,0.0014670285337049804,0.0014670285337049804,0.0005784760240859412,0.0,0.0005267966098304248,0.0005267966098304248,0.0005267966098304248,0.0008235364723298413,0.0004217707034401819,0.0,9.168928335656127e-05,9.168928335656127e-05,9.168928335656127e-05,9.168928335656127e-05,4.167694698025513e-05,0.00040676700252729,0.0010685969205737414,0.0010685969205737414,0.0007935290705040576,0.001178624060601615,0.0017337609943786133,0.0008085327714169495,0.00040509992464807986,0.0,0.0,0.0,0.0,0.0,0.0,0.0,0.0,0.0,0.0,0.0,0.0,0.0,0.0,0.0,0.0,0.0198482292298767,0.03978981482098918,0.03974980495188813,0.03974980495188813,0.04083673972913318,0.03595386862092649,0.038474490374292326,0.04218540573341424,0.021785373725518958
A3,2024-07-06,0.04952953345484302,0.055351594464440414,0.05723826234487009,0.055267564717910146,0.05093603135509971,0.05077997611154349,0.04883728840009364,0.04589624727153413,0.04185881802157964,0.03949198016097699,0.029580471486906366,0.017058038545645162,0.014000956338543844,0.00919125370381115,0.004547609853888277,0.004919741588522338,0.0009743449181010079,0.0001740616178127057,0.0,0.0,0.0,0.0,0.0,0.0,0.000924327211832989,0.000924327211832989,4.8016998017298126e-05,0.0,0.0003061083623602756,0.0003061083623602756,0.0003061083623602756,0.0003061083623602756,0.0003061083623602756,0.0009343307530865928,0.0012404391154468683,0.0007562677187724455,0.000532188394691721,0.003189128951648884,0.004743679262458911,0.0052618626993955865,0.004207489451265749,0.0026209278084441895,0.00041014519139775485,0.0,0.0017626239688849853,0.007498654523701391,0.005371901653185228,0.00365529397406682,0.0008062854250404643,0.0,0.0,0.0,0.0,0.0,0.0,0.0,0.00575003551257145,0.0047756905944704425,0.0007022485960029852,0.0,0.001732613345124174,0.0009083215458272228,0.0,0.0,0.0006482294732335247,0.0,0.0,0.0009683427933488456,0.0020307188744815665,0.0012804532804612835,0.003913385338409798,0.0025629072691732875,0.000752266302271004,0.0,0.0,0.0005521954771989285,0.000924327211832989,0.000924327211832989,0.000924327211832989,6.802408052450568e-05,0.0,0.0,0.0,0.0,0.0,0.0,0.0,0.0,0.046282383963923236,0.04559013890917385,0.04471983082011032,0.0457201849454707,0.048008995184295244,0.04905736630767292,0.04402558505711022,0.025124894212551246
A3,2024-08-12,0.06317469651783089,0.06276252782794976,0.060331520141134964,0.05864871676397699,0.05524898139202756,0.04261089175452598,0.038426198177006765,0.034992334187423875,0.02558858739026337,0.017893896753055825,0.00936961817952703,0.002060843449405637,0.0007587054227748141,0.0007587054227748141,0.0014964086193136473,0.0014964086193136473,0.0007692065358928047,0.0002257739320367959,0.0,0.0008794682236317051,0.0015515394631830976,0.0015515394631830976,0.0015515394631830976,0.00102910908556307,0.0,0.0,0.0,0.0,0.0,0.0,0.0,0.0,0.0,0.0,0.0,0.0,0.0,0.0012706346872768514,0.0012706346872768514,0.0011104927122274962,0.0,0.0,0.002294493216280926,0.0011708741126559416,0.0023049943293989164,0.004778006468685681,0.0029796908472298064,0.0036255093039862228,0.0031372075439996643,0.002010963162095182,0.0009871046330911077,0.0,0.0,0.0,0.0,0.0,0.0,0.0,0.0,0.0,0.002302369051119419,0.0034102364850674177,0.0013546435922207755,0.0001260133574158861,0.0004279203595581132,0.002885180829167892,0.0048856428781450835,0.004423593900953501,0.0032054647792666025,0.000942474902339648,0.0,0.0,0.0012916369135128325,0.0007035745789053641,0.0,0.0,0.0,0.002541269374553703,0.002541269374553703,0.002541269374553703,0.002541269374553703,0.0017773133952198935,0.0,0.0,0.003242218675179569,0.003242218675179569,0.003242218675179569,0.0029088083336833706,0.05676639223757719,0.06088282857982946,0.059748708363086496,0.06192243877851052,0.06064130297811569,0.05485256437182342,0.05548788171546184,0.029043453606082247
A3,2024-09-09,0.062301357827117966,0.057549635327711936,0.06491032244471638,0.059042393433657414,0.053154292015761356,0.04092757209394064,0.031417402959516214,0.02736050780672144,0.019836200056482733,0.01223792681450799,0.010639823917302093,0.00444241226123715,0.002035171712009754,0.002039654469084665,0.002613447374673318,0.0024812060409634333,0.0021068958252083354,0.0009301720930441056,0.0,0.0012574133595126343,0.0012574133595126343,0.0007844824881094866,0.0,0.0012013788960762424,0.0006365515046374119,7.844824881094866e-05,0.0,0.0008718962510702579,0.0016698270104044785,0.0008718962510702579,0.0008718962510702579,0.00017258614738408705,0.0,0.0,0.0,0.0,0.0,0.0,0.0,0.0,0.0,0.0,0.0008763790081451694,0.0018581028075507556,0.0018581028075507556,0.004316895063139632,0.0056572394285381265,0.00417792959381738,0.0002958619669441492,0.0,0.0,0.0,0.0,0.0,0.0005379308489893623,0.0005379308489893623,0.0005379308489893623,0.0002891378313317822,0.0,0.002593274967836217,0.01574792560416358,0.015304132653747355,0.01115982373799181,0.004951205189239589,0.003617584959453461,0.002178619938406917,0.0013986202073723417,0.0009099996862070045,0.00058051704120102,0.00058051704120102,0.0023624129784782827,0.0016025856542808083,0.0015667235976815177,0.0009727582852557633,0.0,0.0007934480022593093,0.0006410342617123233,0.0009593100140310293,0.001936551056361704,0.0017886200728896293,0.0012125857887635206,0.002055344118846855,0.0011520685682522174,0.004731550092568932,0.005282929212783028,0.0030303437826400734,0.0029698265621287707,0.003924653819084889,0.05446998121724783,0.055207394756070755,0.054044119295131254,0.05228015438615364,0.06840911434168469,0.05819963510357408,0.05002532757747323,0.02471568113252374
A3,2024-10-02,0.05493065640537239,0.054096581178885474,0.042475724565881584,0.052250967911765485,0.04739735994486822,0.04031067823329853,0.037329302955643164,0.03242245614450205,0.023626215989991095,0.014244348548797837,0.007642731862560965,0.0048950159568647055,0.0033658780416386913,0.0032475694988745897,0.0024696908302006214,0.002883770729874977,0.0014729413574130653,0.0010559037441696072,0.0006004158545278158,0.0006004158545278158,0.0006004158545278158,0.002126596056184727,0.002472648543769724,0.002472648543769724,0.0014729413574130653,0.00036379876899961255,0.0,0.0,0.0,0.0007128089701537124,0.0017213892972176789,0.0012067471361938366,0.0009612569099583258,0.0007867518093812759,0.0021058920612010094,0.0021058920612010094,0.000984918618511146,0.0,0.0,0.0,0.0,0.0,0.0,0.0,0.0,0.0,0.0005471770102839701,0.001892936684225626,0.002481521684477032,0.0017864589957379347,0.0025318028151517747,0.0014847722116894755,0.000902102638576275,0.0,0.0,0.0008222443722105064,0.0020230760812661383,0.0020230760812661383,0.0015882921866080646,0.003454609448711768,0.0,0.003105599247557668,0.003105599247557668,0.003105599247557668,0.003386582036622409,0.004126010428898044,0.003886435629800739,0.0025377182422899798,0.001493645352396783,0.0004140798996743557,0.0,0.0009642146235274284,0.0009642146235274284,0.0009642146235274284,0.0005235153017311497,0.0,0.0,0.0,0.0,0.0,0.0,0.0,0.0,0.0,0.000502811306747432,0.0027477159056962606,0.0025110988201680574,0.0012836476889905026,0.061348894850324895,0.06374168512772886,0.06503420595742668,0.087888458705882,0.07651013460554454,0.06748023507907447,0.05215927879112331,0.021263002848278166
A3,2024-10-09,0.06423824225293359,0.0641817537928742,0.06682584825026995,0.06369508398313167,0.055182707578795974,0.049121061287806536,0.04103234833391632,0.03290018271844196,0.022564967160651008,0.014006965461651942,0.00899687358099902,0.004106276519702523,0.002415967984078945,0.0017446243626037703,0.001927125541257216,0.0014230746668810331,0.0029460904554056196,0.0028874293622670123,0.0023725153224947912,0.0011102155034751267,0.0034523139628610104,0.004149729181286677,0.0024246585163957756,0.0009385774902177196,0.0008038742393068432,0.0008038742393068432,0.0007017604845840819,0.00046277084587123676,0.00020640014252473,0.0,0.0,0.0,0.0,0.0,0.0,0.0002194359409999761,0.00020640014252473,0.0,0.0,0.0,0.0007386952469306126,0.0007386952469306126,0.0015729863493463634,0.0008451542678117891,0.00024550753795046836,0.0004997056082177674,0.0013057524806038183,0.0020596561590888844,0.0018554286496433624,0.002337753193227468,0.0018597739158017776,0.0013731041060592564,0.0007539036784850665,0.0007539036784850665,0.00037369288962372165,0.0004301813496831215,0.0007799752754355586,0.0014209020338018256,0.0014209020338018256,0.0034935939913659565,0.0034783855598115023,0.0030351684116531347,0.0023985869194452837,0.002155252014574023,0.004101931253544108,0.004177973411316377,0.004475624143167829,0.002813559837573951,0.0024246585163957756,0.0023833784878908295,0.0017424517295245628,0.001142804999663242,0.0005648846005939979,0.0007147962830593281,0.0,0.000955958554851381,0.0019010539443067237,0.0025093912064848753,0.0025093912064848753,0.0021291804176235304,0.0015512600185542866,0.0008429816347325814,0.00028026966721779125,0.0,0.0005866109313860747,0.0005866109313860747,0.0013731041060592564,0.004019371196534216,0.05152616610648944,0.05088741198120238,0.05206497911013295,0.054317999613271314,0.05515446334876627,0.055936611257281034,0.05328165363448925,0.02906765796671961
A3,2024-11-22,0.06098112306261888,0.061396961606373625,0.057933772913770006,0.05341286156628252,0.05020344101063693,0.04845905163221959,0.0430723431115812,0.03476196975254407,0.027803604787048013,0.01574855202886559,0.011097557854870214,0.005617019098717937,0.0030473501488488737,0.0034951762728924448,0.0022327331041600913,0.0012731056954952955,0.001584451476973207,0.0011344928475770474,0.001848882140694173,0.0028724847099366214,0.002279648221917037,0.002565403939163887,0.0016953417553078056,0.0011536853957503433,0.00016207040679672104,0.0,0.000622691562955823,0.0010897102351726902,0.0008615321624457276,0.00046701867221686716,0.0006760041967705338,0.0004819462096849863,0.0004073085223443911,0.0,0.0,0.0012795032115530609,0.0012795032115530609,0.0007634369162266596,0.0004307660812228638,9.596274086647956e-05,0.0,0.0,0.0010385301067105679,0.001829689592520877,0.002979109977566043,0.002094120256241843,0.0013370808560729487,0.00238414098419387,0.00325633567340254,0.0034738512193665605,0.0024246585858930503,0.0014884887361067275,0.000769834432284425,0.0006461491218342957,0.0,0.0,0.0,0.0,0.0005629814130833468,0.00023031057807955098,0.0,0.0,0.0021389028686462,0.004288468264055342,0.00528648076906673,0.007062857727772895,0.0043567084353381726,0.00468724676498938,0.0037190893349142305,0.002324430834321394,0.0010044100210691528,0.002104782783004785,0.0007314493359378331,0.0009745549461329147,0.000931904839081146,0.00185314715139935,0.00185314715139935,0.001206998029565054,0.0009191098069656154,0.0014245135755290743,0.0014245135755290743,0.0022711182005066832,0.0012027330188598773,0.0012027330188598773,0.005791884537630189,0.0076770192693183656,0.0066918017964225085,0.005015652589287998,0.04922035604309366,0.04716888589390359,0.0461346207978982,0.05610621582660172,0.05747528426296349,0.05534064640502247,0.05646447672583658,0.02514010560166506
A3,2024-12-01,0.06130504751976197,0.0560495339116001,0.06312689142822443,0.0591896843149361,0.05173277598404876,0.043587615509964484,0.0388280482991063,0.030763858665398134,0.019840386230908603,0.01046295077985041,0.004468578253256548,0.0036158540905456434,0.003117377354480219,0.001872450683697534,0.0029959210939160545,0.0018572686511270137,0.00175858543941863,0.00175858543941863,0.0016295381625692055,2.5303387617534242e-05,0.0008957399216607122,0.001634598840092712,0.0031629234521917803,0.0025961275695590134,0.0031679841297152875,0.0029680873675367665,0.0025657635044179727,0.001305654801064767,0.0016421898563779725,0.0016421898563779725,0.001055151263651178,0.0009994838108926026,0.0,0.00026062489246060275,0.00026062489246060275,0.00026062489246060275,0.00014169897065819176,0.000334004716551452,0.0,0.00042003623445106846,0.00042003623445106846,0.00028086760255463007,0.0003264137002661918,0.0007616319672877808,0.002211516077772493,0.0017712371332273972,0.001318306494873534,0.0051239359925506845,0.0038486452566269583,0.0041320431979433424,0.004595095191344219,0.003987813888523397,0.002760599589072986,0.0016067651137134245,0.0017459337456098628,0.001090576006315726,0.0024367162275685476,0.0024367162275685476,0.0019129361038855888,0.0014903695306727669,0.002241880142913534,0.004615337901438246,0.005779293731844821,0.004557140109917917,0.002618900618414794,0.003787917126344876,0.0057362779728950125,0.0026669770548881093,0.0025075657128976435,0.0015941134199046574,0.0008071780649993424,0.0008071780649993424,0.0006098116415825753,0.0001973664234167671,0.0,0.0,0.0006148723191060822,0.000984301778322082,0.0005870385927267944,0.0020343923644497532,0.00019230574589326025,0.0,0.0,0.0,0.0023101992894808765,0.00379803848139189,0.005126466331312438,0.004306636572504328,0.030513355127984546,0.03911650691794619,0.05834961184603397,0.05980708697280394,0.06210463456847605,0.07232214248843637,0.06396443355836481,0.027783119604052598
A3,2024-12-06,0.05927054772163468,0.06415654785220003,0.06132695195195195,0.05358075466771119,0.04982292074683379,0.04726465596030814,0.04673219415067241,0.04622625342734039,0.035801426426426426,0.02939964420942682,0.01693473364669017,0.00997192845018932,0.00469015210863037,0.003708871915393655,0.0025154230317273795,0.002301214257735997,0.0021951299125212167,0.0015729044261652957,0.0022073704138921534,0.0024521804413108763,0.001570864342603473,0.001570864342603473,0.0009894405274840058,0.0003345737041389215,0.0,0.0,0.0004957403055229142,0.0009649595247421334,0.0009649595247421334,0.0004365778822300561,0.0,0.0,0.0,0.0,0.0,0.0,0.0,0.0,0.0,0.0,0.0,0.0004039365452408931,0.0004039365452408931,0.0004039365452408931,0.0021971699960830395,0.0023522163467815643,0.0042086923880402145,0.003865958349654002,0.0008976367672019846,0.00033253362057709886,4.692192192192192e-05,0.0,0.0,0.0005549027288157723,0.0023501762632197414,0.002407298602950777,0.0009363983548766158,0.0008690755973364669,0.0011669277973625802,0.0035538255646951297,0.0031825303564434002,0.0023644568481525005,0.0009792401096748924,0.00014892610001305653,0.00033865387126256693,0.001576984593288941,0.001319934064499282,0.0026113069591330463,0.001717750359054707,0.0010057611959785873,0.0017932334508421466,0.0013688960699830264,4.284175479827654e-05,0.0,0.0008935566000783392,0.0017728326152239198,0.0017728326152239198,0.0017728326152239198,0.0017728326152239198,0.0013913369891630763,0.00022848935892414153,0.0,0.0,0.0011322463768115942,0.0025705052878965923,0.0029479207468337903,0.0029601612482047265,0.0030356443399921665,0.04463906841624233,0.046424141532837186,0.04387403708055882,0.05597173260216738,0.05104289071680376,0.04941694411803108,0.053843925447186324,0.03767422313617966
A3,2024-12-11,0.04084410588523746,0.04852425198048682,0.052257797242114,0.0499784408052148,0.0496419482748417,0.0482841417326829,0.04644273286044016,0.04133278096703558,0.03926817101936947,0.035338479358127825,0.030377328181672155,0.02480068313056418,0.019256165506979266,0.013365009849592914,0.005465044513396293,0.0019733004168111,0.0016469533898663335,0.0014169886454907467,0.0008556041224562266,0.0009418409015970716,0.0013003153560648979,0.0017889904378630191,0.0017889904378630191,0.0014338978178713047,0.0010365322669281954,0.0009452227360731831,0.0005208025093211814,0.0014778616660607552,0.001352733790444627,0.0012005512390196064,0.0014169886454907467,0.0006036574539859149,0.00042272930951394594,0.00042272930951394594,0.00042272930951394594,0.00040074738541922075,0.000946913653311239,0.000946913653311239,0.0002519466684703118,0.0,0.0,0.0,0.0,0.0008319312811234456,0.0009739683291201315,0.000930004480930681,0.010569923655086706,0.011584473997920175,0.006121120401761937,0.0037572181029599514,0.0026834856567945287,0.002010500596048327,0.0019377911548119282,0.0018126632791958003,0.005087969969309853,0.005788009705864948,0.005018642362549566,0.0037572181029599514,0.004403148487897261,0.005651045409582429,0.004374402894850312,0.003200906331639599,0.0025127030157508948,0.0029760143389781796,0.002311483864422256,0.0019919005064297133,0.002742667760126481,0.002377429636706432,0.0018430997894808043,0.0009486045705492947,0.0011210781288309847,0.0005715300264628549,0.0005935119505575801,0.0001978373168525267,0.0,0.0,0.0007406217502684332,0.001680771734627449,0.0025448304432739545,0.0022928837748036426,0.0018870636376702545,0.0032499429315432163,0.0028508864633620514,0.001023004929023749,0.00014710979971085318,0.0016401897209141103,0.001947936658240263,0.0017517902586257918,0.03602837359125458,0.03632090227343823,0.03983801012859427,0.04043152207915184,0.04155090929074478,0.04503250788390163,0.04390635700335648,0.023759078111921815
A3,2024-12-12,0.051182062342896684,0.05307178433502942,0.05232952161705698,0.05298034617411977,0.052028313557589904,0.04975849568089158,0.0445913431369385,0.04138025007440556,0.03822294416534888,0.03508536021256683,0.02576225361001445,0.0194834998942186,0.01065702800876372,0.005373336632278746,0.0036933845387034426,0.0023379482711015967,0.002246510110191948,0.002280575307393582,0.002671428622654432,0.003774065268917838,0.003535608888506402,0.003689798728471692,0.0032344008290393256,0.0024975168264145127,0.0014504602387432452,0.0004751198557069963,0.0009502397114139926,0.0005109779580245055,0.00041953979711485705,3.944391254926007e-05,0.0010416778723236408,0.00042491851246248346,0.00042491851246248346,0.00031913711062583146,0.0,0.0,0.0,0.0,0.0,0.0,0.0004697411403593699,0.0004697411403593699,0.0009592042369933698,0.00029403643900357504,0.0025154458775732674,0.0028076894114609664,0.0020797699344155306,0.0011098082667269082,0.0038027517507718453,0.0043621381469249884,0.004794228279850973,0.003983835167475267,0.0032971525080949665,0.0032344008290393256,0.0015580345456957727,0.0016297507503307911,0.001841313554004095,0.0013303355959795897,0.0018054554516865858,0.002147900328818798,0.002719837060783069,0.002755695163100578,0.0019542665763042488,0.0019166155688708642,0.002581783366860659,0.0018072483568024613,0.003483614640146014,0.0027610738784482045,0.0016548514219530473,0.0006042090240500293,0.0011707670406666737,0.0010649856388300217,0.0009448609960663662,0.0010631927337141462,0.0,0.0004016107459561025,0.0001864621320510476,0.0015616203559275235,0.0020385331167503953,0.001688916619154681,0.0015616203559275235,0.0015616203559275235,0.0015616203559275235,0.00041774689199898166,0.0051133653904768045,0.0058986578312302555,0.005186874500227699,0.0038672963349433618,0.040198725603043634,0.03826955969836164,0.040112666157481616,0.044672023867152896,0.05154960789165115,0.046303567522599565,0.044680988392732275,0.02426697074337432
A3,2024-12-25,0.05090060791488467,0.055250124453585195,0.05521197079973695,0.052922751568841936,0.05328248601941114,0.05072982489289726,0.04770478519492885,0.04203987601879342,0.03593710824373282,0.02797026195208629,0.01907137640214679,0.008128545110336735,0.003219441648528542,0.00141895255502302,0.0023582591759537517,0.0025708295331082886,0.0019149500550502728,0.0019367521429635584,0.0040243020606606774,0.005243402143145244,0.0038953063738404034,0.003068643873794982,0.002300120274851656,0.0021493225001180953,0.001004712884670589,0.0012499863736950547,0.0014353041209579844,0.0017623354396572718,0.00044149228024403824,0.00023800612638670373,0.0,0.0003542839285908949,0.00011809464286363163,0.0,0.0,0.0,0.0003869870604608236,0.0003869870604608236,0.0003869870604608236,1.8168406594404867e-06,0.0,0.0,0.0009429403022496125,0.0009429403022496125,0.006898543983895527,0.01011435195110519,0.009678310192839473,0.004453076456288632,0.0032103574452313393,0.0029014945331264567,0.0027724988463061822,0.0029069450551047786,0.002757964121030659,0.002356442335294311,0.0032684963463334355,0.004175099835394238,0.004527566923325692,0.004080624121103333,0.003074094395773303,0.0008684498352125525,0.0023473581319971085,0.0016896618132796525,0.002757964121030659,0.002498155906730669,0.003119515412259315,0.001702379697895736,0.0008811677198286359,0.0018368259066943319,0.0027361620331173724,0.0026017158243187765,0.0023310065660621443,0.0008793508791691954,0.0004850964560706099,0.0,0.0,0.0007921425275160521,0.0025017895880495495,0.0020203268132978213,0.0028360882693865995,0.0015988197803076282,0.002360076016613192,0.0011882137912740782,0.0006249931868475274,0.0,0.0022129119231985126,0.004116960934292142,0.004086074643081654,0.0029214797803803027,0.03980152832636274,0.042018073930880126,0.041994455002307404,0.04986137505768471,0.048337045744414144,0.04504311362884854,0.05046456615661895,0.01840641272079157
A5,2024-01-16,0.04428299602144958,0.04186126967652656,0.04047742605085626,0.04047742605085626,0.04047742605085626,0.04047742605085626,0.04047742605085626,0.04047742605085626,0.04047742605085626,0.04047742605085626,0.03546099290780142,0.021968517557516002,0.021968517557516002,0.021968517557516002,0.021795537104307216,0.0,0.0,0.0,0.0,0.0,0.0,0.0,0.0,0.0,0.0,0.0,0.0,0.0,0.0,0.0,0.0,0.0,0.0,0.0,0.0,0.0,0.0,0.0,0.0,0.0,0.0,0.0,0.0,0.0,0.0,0.0,0.0,0.0,0.0,0.0,0.0,0.0,0.0,0.0,0.0,0.0,0.0,0.0,0.0,0.0,0.0,0.0,0.0,0.0,0.0,0.0,0.004324511330219685,0.004324511330219685,0.004324511330219685,0.004324511330219685,0.004324511330219685,0.004324511330219685,0.004324511330219685,0.004324511330219685,0.004324511330219685,0.004324511330219685,0.0029406677045493864,0.002767687251340599,0.0,0.0,0.0,0.0,0.0,0.0,0.0,0.0,0.0,0.04289915239577929,0.05258605777547138,0.05258605777547138,0.05258605777547138,0.05258605777547138,0.05258605777547138,0.05258605777547138,0.05258605777547138,0.006919218128351497
A5,2024-02-14,0.032049947970863676,0.032049947970863676,0.032049947970863676,0.032049947970863676,0.032049947970863676,0.032049947970863676,0.032049947970863676,0.032049947970863676,0.027471383975026006,0.026847034339229962,0.026847034339229962,0.026847034339229962,0.026847034339229962,0.026847034339229962,0.026847034339229962,0.02039542143600416,0.012695109261186261,0.012695109261186261,0.012695109261186261,0.012695109261186261,0.012695109261186261,0.012695109261186261,0.012695109261186261,0.0014568158168574397,0.0,0.0,0.0,0.0,0.0,0.0,0.0,0.0,0.0,0.0,0.0,0.0,0.0,0.0,0.0,0.0,0.0,0.0,0.0,0.0,0.0,0.0,0.0,0.0,0.0,0.0,0.0,0.0,0.0,0.0,0.0,0.0,0.0,0.0,0.0,0.0,0.0,0.0,0.0,0.0,0.0,0.0,0.0,0.0,0.0,0.0,0.0,0.0,0.0,0.0,0.0,0.0,0.0,0.0,0.0,0.0,0.0,0.0,0.0,0.0,0.0,0.0,0.0,0.0,0.03912591050988553,0.05161290322580644,0.05161290322580644,0.06409989594172735,0.06409989594172735,0.06409989594172735,0.07700312174817896,0.03267429760665972
A5,2024-03-20,0.006691648822269811,0.0034796573875803018,0.0,0.0,0.0,0.0,0.0,0.0,0.0,0.0,0.0,0.0,0.0,0.0,0.0,0.0,0.0,0.0,0.0,0.0,0.0,0.0,0.0,0.0,0.0,0.0,0.0,0.0,0.0,0.0,0.0,0.0,0.0,0.0,0.0,0.0,0.0,0.0,0.0,0.0,0.0,0.0,0.0,0.0,0.0,0.0,0.0,0.0,0.0,0.0,0.0,0.0,0.0,0.0,0.0176659528907923,0.0176659528907923,0.0176659528907923,0.0176659528907923,0.0176659528907923,0.0176659528907923,0.0176659528907923,0.0176659528907923,0.0176659528907923,0.0176659528907923,0.024357601713062112,0.024357601713062112,0.024357601713062112,0.01632762312633834,0.006691648822269811,0.006691648822269811,0.006691648822269811,0.006691648822269811,0.006691648822269811,0.006691648822269811,0.046038543897216296,0.04175588865096362,0.04175588865096362,0.04175588865096362,0.04175588865096362,0.04175588865096362,0.04175588865096362,0.04175588865096362,0.04175588865096362,0.008565310492505359,0.0,0.0,0.0,0.0,0.048179871520342636,0.06531049250535335,0.06531049250535335,0.05165952890792294,0.017130620985010718,0.017130620985010718,0.017130620985010718,0.013115631691648831
A5,2024-03-29,0.05431192660550457,0.05431192660550457,0.05431192660550457,0.05431192660550457,0.05431192660550457,0.05376146788990824,0.042568807339449524,0.038715596330275215,0.038715596330275215,0.038715596330275215,0.03596330275229356,0.02422018348623852,0.02422018348623852,0.02422018348623852,0.02422018348623852,0.02183486238532109,0.0,0.0,0.0,0.0,0.0,0.0,0.0,0.0,0.0,0.0,0.0,0.0,0.0,0.0,0.0,0.0,0.0,0.0,0.03596330275229356,0.03596330275229356,0.03504587155963301,0.0,0.0,0.0,0.0,0.0,0.0,0.0,0.0,0.0,0.0,0.0,0.0,0.0,0.0,0.0,0.0,0.030275229357798153,0.030275229357798153,0.030275229357798153,0.030275229357798153,0.005871559633027521,0.0,0.0,0.0,0.004770642201834861,0.004770642201834861,0.004770642201834861,0.004770642201834861,0.004770642201834861,0.004770642201834861,0.004770642201834861,0.004770642201834861,0.004770642201834861,0.004770642201834861,0.0003669724770642201,0.0,0.0,0.0,0.0,0.0,0.0,0.0,0.0,0.0,0.0,0.0,0.0,0.0,0.0,0.0,0.0,0.00348623853211009,0.00348623853211009,0.014128440366972472,0.014128440366972472,0.014128440366972472,0.014128440366972472,0.01339449541284403,0.0023853211009174304
A5,2024-04-11,0.03788625167935514,0.03788625167935514,0.0361845051500224,0.03251231527093597,0.03251231527093597,0.03251231527093597,0.03251231527093597,0.03251231527093597,0.029467084639498445,0.02731751007613078,0.02731751007613078,0.02731751007613078,0.02731751007613078,0.02731751007613078,0.02731751007613078,0.025436632333184068,0.021585311240483664,0.01674876847290641,0.010747872816838339,0.0058217644424541,0.0058217644424541,0.0058217644424541,0.0058217644424541,0.0058217644424541,0.005373936408419169,0.0,0.0,0.0,0.0,0.0,0.0,0.0,0.0,0.0,0.0,0.0,0.0,0.0,0.0,0.0,0.0,0.0,0.0,0.0,0.0,0.0,0.0,0.0,0.005732198835647114,0.005732198835647114,0.005732198835647114,0.005732198835647114,0.005732198835647114,0.005732198835647114,0.005732198835647114,0.005732198835647114,0.005732198835647114,0.005732198835647114,0.005732198835647114,0.005732198835647114,0.005732198835647114,0.005732198835647114,0.005732198835647114,0.005732198835647114,0.005732198835647114,0.005732198835647114,0.005732198835647114,0.005732198835647114,0.020420958351992844,0.005732198835647114,0.005732198835647114,0.005732198835647114,0.011553963278101214,0.011553963278101214,0.011553963278101214,0.011553963278101214,0.011553963278101214,0.009673085535154505,0.0058217644424541,0.0058217644424541,0.0058217644424541,0.0058217644424541,0.0058217644424541,0.0058217644424541,0.0058217644424541,0.0058217644424541,0.0058217644424541,0.0058217644424541,0.025078369905956122,0.025078369905956122,0.02561576354679804,0.015405284370801619,0.015405284370801619,0.015405284370801619,0.015405284370801619,0.007792207792207795
A5,2024-04-14,0.03119826817776647,0.029160830255953146,0.01668152298484656,0.01668152298484656,0.01668152298484656,0.01668152298484656,0.008404431427479946,0.007895071947026617,0.007895071947026617,0.007895071947026617,0.007895071947026617,0.007895071947026617,0.007895071947026617,0.007895071947026617,0.007895071947026617,0.007895071947026617,0.007895071947026617,0.007895071947026617,0.007895071947026617,0.006366993505666626,0.0,0.0,0.0,0.0,0.0,0.0,0.0,0.0,0.0,0.0,0.0,0.0,0.0,0.0,0.0,0.0,0.0,0.0,0.0,0.0,0.0,0.0,0.0,0.0,0.0,0.0,0.023557875970966518,0.023557875970966518,0.023557875970966518,0.023557875970966518,0.023557875970966518,0.023557875970966518,0.023557875970966518,0.023557875970966518,0.023557875970966518,0.023557875970966518,0.023557875970966518,0.006621673245893292,0.0,0.0,0.0,0.0,0.0030561568827199804,0.0030561568827199804,0.0030561568827199804,0.0030561568827199804,0.0030561568827199804,0.0030561568827199804,0.0035655163631733108,0.00955049025849994,0.00955049025849994,0.00955049025849994,0.00955049025849994,0.008404431427479946,0.014898764803259905,0.014898764803259905,0.013880045842353247,0.00853177129759328,0.00853177129759328,0.00853177129759328,0.012733987011333252,0.012733987011333252,0.012733987011333252,0.021011078568699867,0.021011078568699867,0.01706354259518656,0.016808862854959892,0.016808862854959892,0.032344327008786464,0.02865147077549982,0.02865147077549982,0.02865147077549982,0.02865147077549982,0.02865147077549982,0.02865147077549982,0.02470393480198651
A5,2024-04-26,0.018058690744921006,0.018058690744921006,0.017917607223476305,0.009875846501128674,0.007195259593679461,0.007195259593679461,0.007195259593679461,0.007195259593679461,0.007195259593679461,0.007195259593679461,0.007195259593679461,0.007195259593679461,0.0060665914221219,0.0031038374717832977,0.0031038374717832977,0.0031038374717832977,0.0031038374717832977,0.0031038374717832977,0.0031038374717832977,0.0031038374717832977,0.0031038374717832977,0.0031038374717832977,0.0031038374717832977,0.0031038374717832977,0.0031038374717832977,0.0031038374717832977,0.0031038374717832977,0.0031038374717832977,0.0031038374717832977,0.0031038374717832977,0.0031038374717832977,0.0031038374717832977,0.006630925507900681,0.006630925507900681,0.006630925507900681,0.006630925507900681,0.006630925507900681,0.030474040632054195,0.017917607223476305,0.006630925507900681,0.006630925507900681,0.006630925507900681,0.0038092550790067743,0.0031038374717832977,0.0031038374717832977,0.0031038374717832977,0.0031038374717832977,0.0031038374717832977,0.0031038374717832977,0.02807562076749437,0.02807562076749437,0.02807562076749437,0.026241534988713334,0.0031038374717832977,0.0031038374717832977,0.0031038374717832977,0.0031038374717832977,0.0031038374717832977,0.0031038374717832977,0.0031038374717832977,0.01185101580135441,0.01566027088036118,0.01566027088036118,0.01566027088036118,0.01566027088036118,0.01566027088036118,0.01566027088036118,0.01566027088036118,0.01566027088036118,0.016224604966139963,0.013685101580135446,0.01185101580135441,0.01185101580135441,0.01185101580135441,0.01185101580135441,0.01185101580135441,0.00423250564334086,0.0031038374717832977,0.003668171557562079,0.0031038374717832977,0.0031038374717832977,0.0031038374717832977,0.0031038374717832977,0.0031038374717832977,0.0031038374717832977,0.000423250564334086,0.0,0.0,0.03865688487584652,0.03865688487584652,0.03865688487584652,0.03865688487584652,0.03865688487584652,0.03865688487584652,0.03865688487584652,0.030474040632054195
A5,2024-05-08,0.009507744211010577,0.009507744211010577,0.009507744211010577,0.009507744211010577,0.009507744211010577,0.009507744211010577,0.009507744211010577,0.009507744211010577,0.009507744211010577,0.009507744211010577,0.009507744211010577,0.009507744211010577,0.009507744211010577,0.006287379236313446,0.0,0.0,0.0,0.0,0.0,0.0,0.0,0.0,0.0,0.0,0.0,0.0,0.0,0.0,0.0,0.0,0.0,0.005367274957828552,0.005367274957828552,0.005367274957828552,0.0,0.0,0.0,0.0,0.0,0.0,0.0,0.0,0.0,0.0,0.0,0.0,0.0,0.0,0.0,0.0,0.0,0.0,0.0,0.0,0.0,0.0,0.0,0.0,0.0,0.0,0.0,0.0,0.0,0.0,0.0,0.0,0.0,0.0,0.0,0.0,0.0,0.0,0.009661094924091392,0.009661094924091392,0.019628891274344418,0.023462659101364813,0.023462659101364813,0.023462659101364813,0.023462659101364813,0.023462659101364813,0.023462659101364813,0.023462659101364813,0.023462659101364813,0.05091243674283084,0.039257782548688835,0.019628891274344418,0.019628891274344418,0.024229412666768892,0.04799877319429534,0.04799877319429534,0.06624750805091241,0.06624750805091241,0.06624750805091241,0.06624750805091241,0.06624750805091241,0.04646526606348718
A5,2024-07-04,0.03351632476162958,0.0319271886737937,0.0319271886737937,0.0319271886737937,0.0319271886737937,0.0319271886737937,0.0319271886737937,0.0319271886737937,0.0319271886737937,0.0319271886737937,0.0319271886737937,0.0319271886737937,0.0319271886737937,0.0319271886737937,0.016902629297890777,0.008812481941635362,0.008812481941635362,0.008812481941635362,0.008812481941635362,0.008812481941635362,0.008812481941635362,0.008812481941635362,0.008812481941635362,0.008812481941635362,0.008812481941635362,0.008812481941635362,0.008812481941635362,0.0,0.0,0.0,0.0,0.0,0.0,0.0,0.0,0.0,0.0,0.0,0.0,0.0,0.0,0.0,0.0,0.0,0.0,0.0,0.0,0.0,0.0,0.0,0.0,0.018347298468650675,0.018347298468650675,0.01719156313204276,0.0,0.0,0.0,0.0,0.0,0.0,0.0,0.0,0.0,0.0,0.0,0.0,0.0037561398439757286,0.0037561398439757286,0.0037561398439757286,0.0037561398439757286,0.0037561398439757286,0.0037561398439757286,0.0037561398439757286,0.0037561398439757286,0.0037561398439757286,0.0037561398439757286,0.0037561398439757286,0.0020225368390638537,0.0,0.0,0.0,0.0,0.0,0.0,0.0,0.0,0.0,0.0,0.043051141288644894,0.043051141288644894,0.043051141288644894,0.043051141288644894,0.043051141288644894,0.043051141288644894,0.043051141288644894,0.030193585668881816
A5,2024-08-18,0.0363086232980333,0.03570347957639941,0.01996974281391831,0.01996974281391831,0.01996974281391831,0.01996974281391831,0.01996974281391831,0.01996974281391831,0.01996974281391831,0.01996974281391831,0.01996974281391831,0.01996974281391831,0.01996974281391831,0.01996974281391831,0.01996974281391831,0.01996974281391831,0.01996974281391831,0.01996974281391831,0.01996974281391831,0.01996974281391831,0.018456883509833592,0.0,0.0,0.0,0.0,0.0,0.0,0.0,0.0,0.0,0.0,0.0,0.0,0.0,0.0,0.0,0.0,0.0,0.0,0.0,0.0,0.0,0.0,0.0,0.0,0.0,0.0,0.0,0.0,0.0102874432677761,0.0102874432677761,0.0102874432677761,0.0102874432677761,0.0102874432677761,0.0012102874432677766,0.0,0.0,0.0,0.0,0.0,0.0,0.0,0.0,0.0,0.0,0.0,0.0,0.0,0.0,0.0,0.0,0.0,0.0012102874432677766,0.0,0.0,0.0,0.0,0.0,0.0,0.0,0.0,0.0,0.0,0.0,0.0,0.018456883509833592,0.018456883509833592,0.018456883509833592,0.05567322239031772,0.05567322239031772,0.05567322239031772,0.05567322239031772,0.05567322239031772,0.05567322239031772,0.05567322239031772,0.051134644478063554
A5,2024-09-01,0.026377036462373937,0.026377036462373937,0.026377036462373937,0.026377036462373937,0.026377036462373937,0.026377036462373937,0.026377036462373937,0.015128006206361523,0.004266873545384019,0.004266873545384019,0.004266873545384019,0.004266873545384019,0.004266873545384019,0.004266873545384019,0.004266873545384019,0.004266873545384019,0.004266873545384019,0.004266873545384019,0.004266873545384019,0.004266873545384019,0.004266873545384019,0.004266873545384019,0.004266873545384019,0.004266873545384019,0.004266873545384019,0.004266873545384019,0.004266873545384019,0.0020687871735195246,0.0,0.0,0.0,0.0,0.0,0.0,0.0,0.0,0.0,0.0,0.0,0.0,0.0,0.0,0.0,0.0028445823635893466,0.0028445823635893466,0.0028445823635893466,0.0028445823635893466,0.0028445823635893466,0.0028445823635893466,0.0028445823635893466,0.002327385570209465,0.01861908456167572,0.01861908456167572,0.01861908456167572,0.01861908456167572,0.01861908456167572,0.01861908456167572,0.01861908456167572,0.01861908456167572,0.01861908456167572,0.01861908456167572,0.01861908456167572,0.01861908456167572,0.004396172743728989,0.0,0.0,0.0,0.0,0.0,0.008016550297388158,0.008016550297388158,0.008016550297388158,0.008016550297388158,0.008016550297388158,0.008016550297388158,0.008016550297388158,0.008016550297388158,0.008016550297388158,0.008016550297388158,0.03206620118955263,0.03206620118955263,0.03206620118955263,0.008404447892423068,0.008016550297388158,0.008016550297388158,0.008016550297388158,0.008016550297388158,0.008016550297388158,0.02805792604085855,0.02805792604085855,0.03685027152831653,0.04499612102404966,0.033617791569692274,0.03206620118955263,0.03206620118955263,0.006464959917248514
A5,2024-09-23,0.021256038647342993,0.021256038647342993,0.021256038647342993,0.021256038647342993,0.021256038647342993,0.013365539452495976,0.00966183574879227,0.00966183574879227,0.00966183574879227,0.00966183574879227,0.00966183574879227,0.00966183574879227,0.00966183574879227,0.00966183574879227,0.00966183574879227,0.00966183574879227,0.008051529790660225,0.0,0.0,0.0,0.0,0.0,0.0,0.0,0.0,0.0,0.0,0.0,0.0,0.0,0.0,0.03188405797101449,0.03188405797101449,0.03188405797101449,0.03188405797101449,0.03188405797101449,0.03188405797101449,0.03188405797101449,0.03188405797101449,0.021900161030595812,0.010789049919484702,0.010789049919484702,0.010789049919484702,0.010789049919484702,0.010789049919484702,0.010789049919484702,0.010789049919484702,0.001610305958132045,0.0,0.0,0.0,0.0,0.0,0.0,0.0,0.0,0.0,0.0,0.0,0.0,0.0,0.0,0.0,0.0,0.0,0.0,0.0,0.004025764895330112,0.004025764895330112,0.015458937198067632,0.015458937198067632,0.015458937198067632,0.015458937198067632,0.01465378421900161,0.004025764895330112,0.004025764895330112,0.004025764895330112,0.0030595813204508855,0.0,0.0,0.0,0.0,0.0,0.0,0.0,0.0,0.0,0.0,0.04879227053140097,0.04879227053140097,0.04879227053140097,0.04879227053140097,0.04879227053140097,0.04235104669887279,0.01932367149758454,0.016264090177133653
A5,2024-09-27,0.010160151541243327,0.010160151541243327,0.010160151541243327,0.010160151541243327,0.010160151541243327,0.010160151541243327,0.010160151541243327,0.010160151541243327,0.010160151541243327,0.010160151541243327,0.010160151541243327,0.010160151541243327,0.010160151541243327,0.010160151541243327,0.010160151541243327,0.010160151541243327,0.010160151541243327,0.00809368004132943,0.0,0.0,0.0,0.0,0.0,0.0,0.0,0.0,0.0,0.0,0.0,0.0,0.0,0.0,0.0,0.0,0.0,0.004649560874806268,0.004649560874806268,0.004649560874806268,0.004649560874806268,0.004649560874806268,0.004649560874806268,0.032891338040296196,0.032891338040296196,0.032891338040296196,0.03254692612364387,0.013604270707766488,0.02324780437403134,0.049423110039607365,0.03495780954021009,0.026175305665576024,0.012743240916135698,0.005682796624763216,0.02755295333218529,0.02755295333218529,0.0266919235405545,0.0,0.0,0.0,0.0,0.0,0.0,0.0,0.0,0.0,0.0,0.0,0.0,0.0,0.0,0.0,0.0,0.0,0.0,0.0,0.0,0.0,0.0,0.0,0.0013776476666092646,0.0,0.0,0.0,0.0,0.0,0.0,0.0,0.0,0.0,0.0521784053728259,0.0521784053728259,0.0521784053728259,0.0521784053728259,0.0521784053728259,0.0521784053728259,0.0521784053728259,0.04580678491475805
A5,2024-10-06,0.014716354141941609,0.014716354141941609,0.014716354141941609,0.014716354141941609,0.014716354141941609,0.014716354141941609,0.014716354141941609,0.014716354141941609,0.014716354141941609,0.014716354141941609,0.014716354141941609,0.014716354141941609,0.014716354141941609,0.014716354141941609,0.014716354141941609,0.007358177070970804,0.0,0.0,0.0,0.0,0.0,0.0,0.0,0.0,0.0,0.0,0.0,0.0,0.0,0.0,0.0,0.0,0.0,0.0,0.0,0.0,0.0,0.0,0.0,0.0,0.0,0.0,0.0,0.0,0.0,0.0,0.0,0.0,0.0,0.0,0.0,0.0,0.0,0.0,0.0,0.0,0.015191075243294565,0.015191075243294565,0.015191075243294565,0.015191075243294565,0.015191075243294565,0.015191075243294565,0.015191075243294565,0.015191075243294565,0.021125089010206505,0.021125089010206505,0.021125089010206505,0.021125089010206505,0.021125089010206505,0.021125089010206505,0.021125089010206505,0.021125089010206505,0.017802041300735816,0.015191075243294565,0.015191075243294565,0.015191075243294565,0.015191075243294565,0.015191075243294565,0.015191075243294565,0.015191075243294565,0.015191075243294565,0.015191075243294565,0.029195347733206742,0.029195347733206742,0.029195347733206742,0.029195347733206742,0.023973415618324233,0.014004272489912177,0.014004272489912177,0.014004272489912177,0.014004272489912177,0.01661523854735343,0.03109423213861856,0.029670068834559696,0.028483266081177308,0.02421077616900071
A5,2024-10-08,0.009360936093609367,0.009360936093609367,0.009360936093609367,0.009360936093609367,0.009360936093609367,0.009360936093609367,0.009360936093609367,0.009360936093609367,0.009360936093609367,0.009360936093609367,0.009360936093609367,0.009360936093609367,0.009360936093609367,0.009360936093609367,0.009360936093609367,0.009360936093609367,0.009360936093609367,0.009360936093609367,0.005940594059405944,0.0,0.0,0.0,0.0,0.0,0.0,0.0,0.0,0.0,0.0,0.0,0.0,0.0,0.0,0.0,0.0,0.0,0.0,0.0,0.0,0.0,0.012241224122412249,0.012241224122412249,0.012241224122412249,0.012241224122412249,0.012241224122412249,0.012241224122412249,0.012241224122412249,0.012241224122412249,0.012241224122412249,0.011701170117011708,0.0,0.0,0.0,0.0,0.0,0.0,0.0,0.0,0.0,0.0,0.0,0.0,0.0,0.003960396039603963,0.003960396039603963,0.003960396039603963,0.003960396039603963,0.003960396039603963,0.003960396039603963,0.003960396039603963,0.003960396039603963,0.003960396039603963,0.003960396039603963,0.003960396039603963,0.003960396039603963,0.003960396039603963,0.003960396039603963,0.003960396039603963,0.003960396039603963,0.003960396039603963,0.003960396039603963,0.003960396039603963,0.003960396039603963,0.003960396039603963,0.010441044104410447,0.003960396039603963,0.003960396039603963,0.003960396039603963,0.05994599459945998,0.06912691269126917,0.06912691269126917,0.06912691269126917,0.06912691269126917,0.06912691269126917,0.10261026102610267,0.09000900090009006
A5,2024-10-13,0.03838926174496644,0.03838926174496644,0.03718120805369127,0.022684563758389256,0.015436241610738253,0.015436241610738253,0.015436241610738253,0.015436241610738253,0.015436241610738253,0.015436241610738253,0.015436241610738253,0.015436241610738253,0.015436241610738253,0.015436241610738253,0.015436241610738253,0.015436241610738253,0.015436241610738253,0.007516778523489931,0.006711409395973153,0.006711409395973153,0.006711409395973153,0.006442953020134227,0.0,0.0,0.0,0.0,0.0,0.0,0.0,0.0,0.0,0.0,0.0,0.0,0.0,0.0,0.0,0.0,0.0,0.0,0.0,0.0,0.0,0.0,0.0,0.0,0.0,0.0,0.0,0.0,0.0,0.0,0.0,0.0,0.0,0.009261744966442952,0.009261744966442952,0.009261744966442952,0.032885906040268455,0.032885906040268455,0.03073825503355704,0.02375838926174496,0.02375838926174496,0.008187919463087246,0.0,0.0,0.0,0.0,0.0,0.0,0.0,0.0,0.0,0.0,0.0,0.0,0.0,0.0,0.0,0.0087248322147651,0.0087248322147651,0.0087248322147651,0.0087248322147651,0.0087248322147651,0.0087248322147651,0.0087248322147651,0.0087248322147651,0.0087248322147651,0.05865771812080536,0.05865771812080536,0.05865771812080536,0.05865771812080536,0.04953020134228187,0.032885906040268455,0.032885906040268455,0.02013422818791946
A5,2024-10-24,0.05162393162393162,0.0411965811965812,0.030940170940170944,0.030940170940170944,0.024102564102564103,0.021709401709401707,0.021709401709401707,0.021709401709401707,0.021709401709401707,0.021709401709401707,0.021709401709401707,0.021709401709401707,0.021709401709401707,0.021709401709401707,0.011965811965811967,0.010769230769230769,0.010769230769230769,0.010769230769230769,0.010769230769230769,0.004786324786324786,0.0,0.0,0.0,0.0,0.0,0.0,0.0,0.0,0.0,0.0,0.0,0.0,0.0,0.0,0.0,0.0,0.0,0.0,0.011965811965811967,0.011965811965811967,0.0022222222222222222,0.0,0.0,0.0,0.0,0.0,0.0,0.0,0.0,0.0,0.0,0.0,0.0,0.0,0.0,0.0,0.0,0.0,0.0,0.0,0.0,0.0,0.0,0.0,0.0,0.0,0.004273504273504274,0.004273504273504274,0.004273504273504274,0.004273504273504274,0.004273504273504274,0.004273504273504274,0.004273504273504274,0.004273504273504274,0.004273504273504274,0.004273504273504274,0.004273504273504274,0.0003418803418803419,0.0,0.0,0.0,0.0,0.0,0.0,0.0,0.007863247863247862,0.007863247863247862,0.007863247863247862,0.048205128205128206,0.05675213675213676,0.08615384615384615,0.08615384615384615,0.056068376068376065,0.055897435897435906,0.055897435897435906,0.02376068376068376
A5,2024-11-23,0.02509359506222808,0.024891227360113337,0.024587675806941222,0.012749165233228782,0.012749165233228782,0.012749165233228782,0.012749165233228782,0.012749165233228782,0.012749165233228782,0.012749165233228782,0.012749165233228782,0.012749165233228782,0.012749165233228782,0.012749165233228782,0.012749165233228782,0.012749165233228782,0.012749165233228782,0.012749165233228782,0.0061722149144996475,0.0,0.0,0.0,0.0,0.0,0.0,0.0,0.0,0.0,0.0,0.0,0.0,0.0,0.0,0.0,0.0,0.0,0.0,0.0,0.0,0.0,0.0,0.0,0.0,0.0,0.006880501871901247,0.006880501871901247,0.006880501871901247,0.006880501871901247,0.006880501871901247,0.006880501871901247,0.006880501871901247,0.006880501871901247,0.013761003743802494,0.013761003743802494,0.013761003743802494,0.013761003743802494,0.013761003743802494,0.013761003743802494,0.013659819892745123,0.013659819892745123,0.00941009814833553,0.006779318020843876,0.006779318020843876,0.006779318020843876,0.006779318020843876,0.006779318020843876,0.006779318020843876,0.006779318020843876,0.004047354042294851,0.0,0.0,0.0,0.0,0.006880501871901247,0.006880501871901247,0.006880501871901247,0.006880501871901247,0.010523120509966614,0.010523120509966614,0.010523120509966614,0.010523120509966614,0.010523120509966614,0.010523120509966614,0.010523120509966614,0.010523120509966614,0.010523120509966614,0.010523120509966614,0.010523120509966614,0.023069918041080655,0.04280076899726805,0.0549428311241526,0.0549428311241526,0.0549428311241526,0.05463927957098049,0.04421734291207125,0.02934331680663767
A5,2024-11-25,0.030234968901174858,0.030234968901174858,0.030234968901174858,0.030234968901174858,0.030234968901174858,0.030234968901174858,0.030234968901174858,0.030234968901174858,0.030234968901174858,0.0245335176226676,0.019177608845888053,0.011921216309606087,0.010539046302695235,0.010539046302695235,0.010539046302695235,0.0053559087767795464,0.0,0.0,0.0,0.0,0.0,0.0,0.0,0.0,0.0,0.0,0.0,0.0,0.0,0.004492052522460265,0.004492052522460265,0.004492052522460265,0.004492052522460265,0.004492052522460265,0.004492052522460265,0.004492052522460265,0.004492052522460265,0.004492052522460265,0.004492052522460265,0.010193503800967525,0.006392536281962685,0.005528680027643403,0.005528680027643403,0.005528680027643403,0.005528680027643403,0.005528680027643403,0.005528680027643403,0.005528680027643403,0.005528680027643403,0.005528680027643403,0.005528680027643403,0.005528680027643403,0.004319281271596408,0.0,0.0,0.0,0.0,0.030926053904630282,0.030926053904630282,0.030926053904630282,0.030926053904630282,0.00518313752591569,0.0,0.0,0.0,0.0,0.0,0.0,0.004319281271596408,0.004319281271596408,0.004319281271596408,0.004319281271596408,0.004319281271596408,0.004319281271596408,0.004319281271596408,0.004319281271596408,0.004319281271596408,0.004319281271596408,0.0017277125086385633,0.0,0.0,0.0,0.0,0.0,0.0,0.0,0.0,0.0,0.033172080165860415,0.043538355217691796,0.043538355217691796,0.043538355217691796,0.043538355217691796,0.043538355217691796,0.043538355217691796,0.04042847270214238
A5,2024-12-10,0.027238060650081712,0.027238060650081712,0.027238060650081712,0.027238060650081712,0.027238060650081712,0.027238060650081712,0.027238060650081712,0.027238060650081712,0.027238060650081712,0.027238060650081712,0.026693299437080077,0.021881242055565644,0.021881242055565644,0.027964408934083893,0.027964408934083893,0.027964408934083893,0.027964408934083893,0.027964408934083893,0.0249682222625749,0.02333393862357,0.019611403668058833,0.013074269112039223,0.011984746686035953,0.01189395315053568,0.0060831668785182496,0.005901579807517704,0.002723806065008171,0.002723806065008171,0.002723806065008171,0.002723806065008171,0.002723806065008171,0.002723806065008171,0.002723806065008171,0.002723806065008171,0.002723806065008171,0.002723806065008171,0.002723806065008171,0.002723806065008171,0.002723806065008171,0.0,0.0,0.0,0.0,0.0,0.0,0.0,0.0,0.0,0.0,0.0,0.0,0.0,0.0,0.0,0.0,0.0,0.0,0.0,0.0,0.0,0.0,0.0,0.0,0.0,0.006355547485019066,0.006355547485019066,0.006355547485019066,0.006355547485019066,0.006355547485019066,0.006355547485019066,0.006355547485019066,0.006355547485019066,0.006355547485019066,0.006355547485019066,0.0013619030325040856,0.0,0.0,0.0,0.0,0.0,0.0,0.0,0.005719992736517159,0.005719992736517159,0.00798983112402397,0.00798983112402397,0.00798983112402397,0.0138006173960414,0.031232976212093696,0.036862175413110584,0.036862175413110584,0.036862175413110584,0.036862175413110584,0.036862175413110584,0.03014345378609043,0.005266025059015797
A9,2024-01-06,0.017016943330020733,0.015129287756178698,0.01215145412576308,0.011725548550606521,0.015134545849699149,0.016967867790496523,0.012885834520786121,0.013578150167645549,0.013961990994638497,0.014768232001107705,0.013770946930062098,0.0124231222909864,0.009732731106355457,0.011385525169617333,0.011467901968104403,0.011865764377818557,0.014619252684694916,0.01428448739722618,0.013576397469805398,0.014738436137825146,0.012494982902432568,0.010258540458400592,0.005755859707054082,0.007710117798821836,0.008016839920848165,0.009021135783254374,0.005349233808139178,0.004432572837740492,0.008081689740933732,0.009112276070942197,0.005137157369480973,0.0009376933444804916,0.0,0.0,0.0,0.0024152176237273223,0.007794247295149058,0.007794247295149058,0.004865489204257654,0.005116124995399167,0.010202454127515779,0.010202454127515779,0.010582789558828425,0.008861640279800683,0.0129997598803959,0.012195271571766841,0.012056808442394956,0.011308406464650714,0.01098766275990318,0.0139760125773597,0.013720118692697734,0.012407348010425047,0.011590590816914935,0.01079136060180633,0.01327493344129952,0.013721871390537885,0.012966458621433039,0.012410853406105348,0.015402708619242167,0.01866447929976216,0.016315864193960552,0.014422950526598066,0.012519520672194674,0.01384981833286887,0.014996082720327264,0.015344869590517203,0.013180287757931395,0.012675510779968067,0.01549034351124969,0.013599182541727354,0.013225857901775308,0.013546601606522839,0.01315925538384959,0.010375971213690672,0.008313045855833591,0.00831129315799344,0.0077767203167475535,0.0062588839871772625,0.010065743695984043,0.008644305747622026,0.01223207822641,0.009762526969638015,0.009301567437678447,0.0036683965794348954,0.006725101612657282,0.005000446937949239,0.006646230209850512,0.004727026074885767,0.00698800628867985,0.007023060245482859,0.010312874091445257,0.007573407367290102,0.00880905934459617,0.008022098014368616,0.01175359171604893,0.005580589923039037
A9,2024-01-28,0.013345914364470779,0.01457383266262673,0.01876650354792322,0.013394813765724777,0.014591943551980062,0.014684309087682057,0.016656584938259975,0.01722707795288995,0.014965027872658711,0.015008494007106712,0.01469698671022939,0.017127468061446622,0.017149201128670622,0.011370016336022195,0.011527581073396189,0.014825574024638051,0.012554468499730147,0.012183195267986828,0.011402615936858195,0.015470321685616692,0.014220670320236745,0.009761769361446262,0.009001112008606293,0.012002086374453503,0.011382693958569527,0.009073555566019624,0.005962104775117086,0.005112704064445788,0.008336442369338988,0.007700750153037014,0.004223459397197158,0.0,0.0055546097646671025,0.010937166080477546,0.015041093607942708,0.013516156724392105,0.011543880873814187,0.010779601343103554,0.013298826052152114,0.014943294805434713,0.017158256573347287,0.014838251647185384,0.008566450664126311,0.006813316574723717,0.002776399337865885,0.005534687786378437,0.00571941885778243,0.006032737243595083,0.010797712232456886,0.011813733125178843,0.013300637141087448,0.009785313517605592,0.012511002365282147,0.006090692089525748,0.007784060244062344,0.011601835719744852,0.009855945986083591,0.011150874574846871,0.010560459581928229,0.014773052445513388,0.014215237053430743,0.017956946793829254,0.009991777656233587,0.011076619928498208,0.010540537603639563,0.010529671070027563,0.0088000811367843,0.009118832789402955,0.00981066876270026,0.008629838776862976,0.010386595044136237,0.010714402141431555,0.01071621323036689,0.006798827863241051,0.0024793807524712305,0.006445665520851065,0.010565892848734227,0.005904149929186421,0.008711337778952971,0.007405542656577693,0.007284199697910364,0.00770437233090768,0.011974920040423505,0.0112722175335142,0.010259818818662907,0.004813874390115801,0.0005523821252766438,0.002790888049348551,0.005491221651930439,0.005491221651930439,0.007630117684559017,0.008032179428203,0.010393839399877569,0.01137907178069886,0.014133738051340746,0.008618972243250976
A9,2024-02-14,0.017858680277965687,0.01723551237111289,0.018738084988623088,0.016477051431851263,0.015745239120185314,0.014917081770288833,0.012289117110468813,0.014669044544205976,0.012799540823647584,0.015003177336367178,0.014929381136871452,0.017645491257200257,0.01611627001209438,0.017167865854908475,0.016706639608060188,0.019363302789906323,0.015530000204989446,0.013508804296578728,0.014962179447758442,0.015782137219933174,0.012112826189451245,0.010048582498001354,0.012280917532747066,0.012110776295020807,0.009427464485578994,0.005856548387758031,0.005534714962179449,0.006707254576389317,0.005858598282188468,0.0030133448127421442,0.004958694627226699,0.006317774634606319,0.004964844310518009,0.004903347477604904,0.006315724740175882,0.005618760633827359,0.00488694832216141,0.005911895537379825,0.009091281798987353,0.008254924871369125,0.008578808191378145,0.007879794190599185,0.008326671176434415,0.010792694176249925,0.010579505155484495,0.009144579054178712,0.007931041551360105,0.008256974765799563,0.008816595945308819,0.007926941762499232,0.011918086218559746,0.01460139802800156,0.014332861857614336,0.013318164114548104,0.014302113441157784,0.01710636902199537,0.015841584158415842,0.015460303794354594,0.014367710062931761,0.014671094438636413,0.014336961646475209,0.014992927864214994,0.017762335239735156,0.01671688908021237,0.013888034766209542,0.009370067441526764,0.010815243014984731,0.008761248795687022,0.013510854191009166,0.01489248303712359,0.01455630035053195,0.011048930980054529,0.008525510936186788,0.008314371809851794,0.0081421806776951,0.004577414263165448,0.0006416169567267287,0.0,0.003150687739581412,0.003150687739581412,0.00045507656355697686,0.0,0.0031445380562901016,0.0031445380562901016,0.001984297808662854,0.0031916856281901484,0.0031916856281901484,0.00634237336777156,0.0037041592357993564,0.00780599799110346,0.008744849640243529,0.011913986429698873,0.015027776069532421,0.012086177561855567,0.014962179447758442,0.011372814300063547
A9,2024-02-21,0.002967401735642316,3.493478497639845e-05,0.003156460571985178,0.006356075878352966,0.011390794889657448,0.01184494709435063,0.012405958641324558,0.014781524019719652,0.018612020443014167,0.016945425700904803,0.015843952480472476,0.01831199228968745,0.014294492017401628,0.01551515450422402,0.014142422953386717,0.018077723731610425,0.015151421742999164,0.015192521490030222,0.017615351577511033,0.013197128771672405,0.012553917730636362,0.01513292685683519,0.016846786308030267,0.013010124922681096,0.009787904755446226,0.009117978878839996,0.004077094905480855,0.003571568016998854,0.005439551519560395,0.004412057843783969,0.005848494002519413,0.00356129308024109,0.005671765090285867,0.006356075878352966,0.01264639216145624,0.009594735944400258,0.010240001972787854,0.007728807429190271,0.008746026168208932,0.008219949406211402,0.011879881879327028,0.01591176706307372,0.011472994383719563,0.013213568670484828,0.013891714496497268,0.013634841077553162,0.013400572519476137,0.013519761785866202,0.007677432745401449,0.007278765199200196,0.0035900629031628294,0.0031955053316646822,0.0011055831951354335,0.012266219501418964,0.01540624017459172,0.01615631055790851,0.010398235998857423,0.009169353562628818,0.015395965237833955,0.015028122501905994,0.015369250402263767,0.013844449787411554,0.012995740011220225,0.010846223241495943,0.01017218739018661,0.009089209055918257,0.012436783451597851,0.015021957539851336,0.01982857295513345,0.015159641692405378,0.0114277846619854,0.009261827993448697,0.01253131286976928,0.008485042774561719,0.003401004066819967,0.0031256357617118853,0.008914535131036265,0.011980576259553117,0.005967683268909477,0.0014795908931180522,0.0,0.0031811204202038127,0.0031811204202038127,0.0031811204202038127,0.0071904007430834225,0.009027559435371672,0.012196349931466167,0.013168358948750665,0.01354647662143639,0.01562406883385632,0.012915595504509665,0.009313202677237517,0.009233058170526956,0.00954541624796299,0.010124922681100894,0.005238162759108216
A9,2024-02-27,0.012182994520623923,0.0173870151069132,0.018646915028070404,0.01456808808205989,0.009728566844029934,0.012618808958760063,0.01558829006224222,0.015950808435782737,0.018462684379221946,0.013458742239531534,0.01412831169448615,0.010404079223140952,0.013619201191754386,0.014183778986612567,0.016630282764331355,0.0164519950396393,0.015237657537014507,0.015962694284095538,0.01953439170209309,0.01937393274987024,0.016507462331765716,0.01670754077836458,0.010491242110768179,0.009165970023890552,0.009920721391753595,0.00835773233861989,0.004690948134119911,0.0026267724771296456,0.008581582481844364,0.010429831894485358,0.005948867080558316,0.0029833479265137606,0.0005328821993573716,0.002692144642850067,0.002692144642850067,0.005033656760472421,0.004086750844885716,0.0023434930923411546,0.0015610080784149026,0.0030546630163905833,0.009173893922765755,0.0072226338247471265,0.012278081307126354,0.006796724260204989,0.009229361214892172,0.01111326817247158,0.01494249230391321,0.018823221778043662,0.018020927016929405,0.017493987741728435,0.016228144896414828,0.01437791450905503,0.016263802441353236,0.014988054722445627,0.0145918597786855,0.018030831890523406,0.00801106176282978,0.003076453738297391,0.009259075835674181,0.012103755531871898,0.008803451650350035,0.008761851181255222,0.005990467549653129,0.01469487046406313,0.016858094856993428,0.013205177475525054,0.014243208228176587,0.013369598377185505,0.008565734684093959,0.004308620013391388,0.001602608547509716,0.006717485271452964,0.01413029266920495,0.015043522014572043,0.01062000546749022,0.0027991172776653016,0.0030289103450461753,0.006069706538405154,0.004734529577933524,0.008381504035245499,0.006152907476594782,0.0111766593634732,0.005612101378362207,0.007177071406214711,0.008831185296413245,0.00872619363631681,0.008656859521158787,0.00565172087273822,0.004290791240922182,0.008702421939691203,0.009053054464918915,0.01416198826470576,0.009082769085700925,0.011723408385862175,0.009136255403108542,0.005382308310981333
A9,2024-04-04,0.011640222628343579,0.0162381624854627,0.014817660740986874,0.01501702940687822,0.016373151686326633,0.015646286758597774,0.019415600598105997,0.019166389765741816,0.012821897325137065,0.00868084399401894,0.012398238910117959,0.015779199202525334,0.01178767237082572,0.013314088719056321,0.012429390264163483,0.01438154178434956,0.016701279282272805,0.01373359362020269,0.010786675527496261,0.009050506728692474,0.012321398903472336,0.010246718724040538,0.00945132081741153,0.004309270642963947,0.007484631998670875,0.006394334607077587,0.002789084565542449,0.005731849144376142,0.007929057983053664,0.005843994018940023,0.0018441601594949327,0.0,0.006404718391759428,0.012747134075427812,0.010828210666223624,0.007114969263997342,0.00934955972752949,0.01244392756271806,0.010508390098022928,0.008826216979564712,0.007727612560225952,0.009661073267984715,0.007098355208506397,0.015442764578833694,0.01459544774879548,0.013737747134075428,0.013878966605748463,0.013266323309519852,0.012628758930054827,0.0111625685329789,0.013542531982056821,0.014825967768732348,0.017050174447582656,0.0160034889516531,0.017556903140056486,0.015301545107160657,0.011087805283269647,0.003268815417843496,0.008230187738827048,0.009291410533311182,0.012495846486127265,0.011602841003488953,0.015316082405715236,0.01561721216148862,0.0137460541618209,0.015529988370161155,0.016420917095863102,0.013131334108655923,0.014744974248213989,0.017357534474165142,0.01654552251204519,0.018026250207675693,0.0192328459877056,0.01648529656089051,0.009276873234756604,0.006905216813424157,0.0037506230270809102,0.000955308190729357,0.0030175278285429477,0.0030175278285429477,0.003895996012626682,0.00588137564379465,0.007000747632497093,0.010298637647449742,0.015837348396743646,0.011118956637315169,0.008448247217145705,0.005945755108822064,0.004708007974746635,0.0012335936202026913,0.0,0.0,0.0,0.0,0.003210666223625187,0.0011380628011297556
A9,2024-06-11,0.01322052090918482,0.01475245853311933,0.012053930251484692,0.008831318045872458,0.009388157215098655,0.0057674427980034405,0.005764923163753548,0.007725198610169746,0.009987830166573017,0.010093654805068495,0.010396010915055568,0.006888680039205506,0.00477470690354588,0.010927653741782839,0.012850134674450654,0.01583590126057301,0.012938321873196884,0.009622483200338636,0.0069239549187039996,0.007251507371189996,0.013875625814156814,0.015009461226608343,0.017254455343262365,0.018652852351952586,0.01829254465421799,0.017702950239743196,0.01894512992494009,0.02117500623609476,0.01984715898640153,0.01737035851875741,0.018486556491459697,0.017267053514511826,0.01641037786954845,0.02172176686832139,0.021439567832333452,0.019567479584663486,0.017176346681515707,0.01751145803675138,0.017196503755514844,0.016186130421308037,0.01603243273206461,0.008355107172642817,0.0003325917209857816,0.0,0.0,0.0,0.0,0.0,0.0,0.0,0.0,0.0,0.0,0.0,0.0,0.0,0.0,0.0,0.0037567746665893966,0.0023911329031477786,0.0,0.0,0.016989893747023678,0.01331122774218094,0.014200658632392919,0.01683871569203014,0.017158709241766462,0.020247780832134403,0.01896780663318912,0.01621888566655664,0.01735272107900817,0.01854702771345711,0.020237702295134833,0.013830272397658753,0.005926179755746654,0.003852520768085304,0.010136488587316663,0.014540809256128377,0.016120619930810837,0.01370681031941403,0.010322941521808692,0.007276703713688919,0.004341329812564407,0.0,0.0,0.0,0.003882756379084011,0.011670945845501064,0.01507497171710554,0.019433938969419192,0.012530141124714334,0.012076606959733721,0.010537110433049536,0.01552850588208615,0.012633446128959917,0.008554158278384308
A9,2024-06-16,0.010869346794256064,0.007256278660391691,0.007423066566459956,0.006120915203420961,0.012085089964994633,0.013785120911184435,0.015619787877935365,0.016704914013801194,0.01358216213392064,0.015625816356467953,0.017526796587077353,0.015233965251849738,0.017303742881371598,0.013391260313722021,0.015400753157918003,0.014928522339531947,0.0151535855380819,0.01622263573119416,0.014699440155293605,0.01353795329134833,0.013184282550769836,0.015730309984366145,0.01460700348446059,0.01512746213110735,0.015866955497771472,0.011323492177044358,0.008638809737198525,0.006438415072803925,0.008379585160297244,0.008333366824880737,0.004501263970998999,0.002542008447907917,0.002542008447907917,2.0094928441959816e-05,0.0,0.003076533544464048,0.006165124045993272,0.005345250965561312,0.005339222487028723,0.0030604576017104804,0.0011835912852314332,0.0,0.0030845715158408318,0.0062012949171888,0.00619124745296782,0.00894626214236051,0.009922875664639758,0.011604821175231794,0.00896233808511408,0.008817654600331968,0.012062985543708478,0.012191593085737022,0.015774518826938456,0.013109931315534585,0.0182019861827272,0.019230846518955545,0.01679735068463421,0.016469803351030265,0.014950626760818105,0.01786238189205808,0.019349406596763107,0.016234692688259337,0.015935278254474133,0.016743094377840922,0.01746249281606308,0.017540863036986723,0.018159786832999087,0.014769772404840465,0.018417001917056173,0.017940752112981722,0.013049646530208705,0.013554029234101896,0.014721544576579763,0.017201258746317602,0.010192147705762019,0.01392779490312235,0.010680454466901643,0.011849979302223704,0.010224299591269154,0.009428540424967546,0.008082180219356238,0.0030564386160220882,1.6075942753567854e-05,0.0,0.0,0.0,0.0,0.00308055253015244,0.00308055253015244,0.005704950184672391,0.008918129242541767,0.008918129242541767,0.006275646152424051,0.0017301733388527401,0.006213351874253975,0.0032815018145720383
A9,2024-07-25,0.0075870538451558505,0.010555051015783697,0.008488116459232689,0.008445462607678755,0.009151028402133398,0.012945443946618698,0.017386776239671983,0.013304447197197635,0.014376125217490203,0.010464411581231589,0.012909899070323753,0.015142117301646253,0.015771261612066767,0.012721511225960548,0.013302669953382888,0.012899235607435269,0.00994012465588116,0.011074006209689883,0.011541421332968399,0.013379091437417017,0.013382645925046512,0.01366522769159132,0.015394485923340358,0.013117836596649177,0.010041427553321752,0.006094169040768192,0.0024170515880562096,0.005863127344851055,0.009789058931627646,0.01002898684661852,0.00673930854552143,0.00782342727251723,0.004858984589518879,0.003970362682145273,0.007174733280134498,0.009577566917672729,0.013188926349239067,0.008902214268068788,0.01067412635137176,0.011034906845765444,0.014839985853139226,0.012033717869653378,0.013037860624985553,0.013578142744668705,0.012582886208410266,0.00911192903820896,0.009550908260451522,0.013030751649726564,0.013567479281780221,0.01441700182522939,0.012869022462584569,0.014591171719074618,0.015533110940890639,0.014363684510786975,0.01307162825746575,0.015014155746984453,0.013334660342048336,0.011752913346923317,0.010972703312249291,0.010963817093175555,0.0127837147594767,0.013649232497258594,0.012406939070750293,0.01142590048500983,0.012856581755881337,0.007101866283729863,0.009853039708958547,0.01122862642157289,0.00887555561084758,0.00962199801304141,0.010558605503413192,0.008433021900975524,0.006590020065082665,0.005157561550396411,0.00408766077391859,0.005120239430286721,0.008100677307617796,0.011831112074772197,0.010464411581231589,0.00838503631797735,0.007922952926143074,0.005354835613833352,0.008463235045826228,0.010965594336990302,0.015975644650762694,0.009929461192992678,0.010523060627118247,0.009653988401706861,0.010402208047715435,0.004814553494150199,0.002424160563315198,0.005093580773065512,0.005193106426691355,0.007940725364290547,0.008537879286045609,0.0049318515859235156
A9,2024-08-04,0.01083477114808022,0.010021834758005927,0.007006648054866639,0.005420201750911036,0.01118397708007518,0.013252928354582959,0.011448697705942326,0.00857244239510211,0.01014574654032672,0.01222596252231821,0.008516118857683568,0.0043068731612711875,0.0028893974695712106,0.007907824653563314,0.006944692163706243,0.007581148136535769,0.006281951873414731,0.007528579501611796,0.005758142975422289,0.00989229062194328,0.013279212672044946,0.01726316421878316,0.017235002450073887,0.015945193443189273,0.0143305853705244,0.013091467547316472,0.012265388998511187,0.014884433488473396,0.01569736987854769,0.008983604218257469,0.005883932208990366,0.008339638440438803,0.013350555819441766,0.010900481941735185,0.00865129534748807,0.009391011138918255,0.01119148688506432,0.010344756372538903,0.010740898585715983,0.010725878975737704,0.011610158513208815,0.008989236571999322,0.009406030748896534,0.009897922975685135,0.009922329841899837,0.01318158520718614,0.015580967901216033,0.015273065896661338,0.01478305112112002,0.01085917801429492,0.013196604817164418,0.014420703030394067,0.01631692879015165,0.014625345216348104,0.012811727311471047,0.009473618993798784,0.008187564889408739,0.011388619266029217,0.010686452499544726,0.014140962794548642,0.00989229062194328,0.00932154544276872,0.009156329733007663,0.008119976644506489,0.0077670158100169575,0.010797222123134524,0.010656413279588169,0.012282286059736752,0.012323589987177015,0.0163357033026245,0.015269310994166767,0.014550247166456714,0.014225448100676455,0.013061428327359919,0.011940589932730929,0.0072638588757446484,0.007770770712511527,0.01190491835903252,0.00983221218203017,0.004331280027485888,0.0,0.0027617307847558484,0.005343226249772363,0.0045659614333964805,0.008369677660395359,0.007579270685288484,0.010815996635607372,0.007860888372381195,0.013504506821719114,0.011732192844282324,0.00908310913436356,0.0037154760183764953,0.007066726494779751,0.01168713401434749,0.016162977787874303,0.007981045252207419
A9,2024-08-13,0.010453833568110032,0.011558013176659988,0.013089165565695187,0.014735810592074756,0.014370083907150919,0.011914990419360765,0.011862493766022416,0.011563262841993821,0.01521702991434296,0.012277217327395378,0.015726247451724955,0.014375333572484755,0.016317709746003693,0.014553822193835143,0.014655315723622619,0.015122535938333933,0.016207466773993158,0.01589248685396306,0.016445451602460342,0.013526637676848101,0.014126849413349898,0.015049040623660241,0.0128809288407864,0.015862738750404663,0.011314778682858968,0.010786312372586248,0.0072445381606922555,0.0026983279815911733,0.005027429501369288,0.005027429501369288,0.007332032582922839,0.007109796750457159,0.003352786259875933,0.0041909828248449165,0.0026913284278127273,0.0026913284278127273,0.0029730604673952037,0.004306475462189286,0.009696131871593187,0.007659261722065218,0.006500835571732302,0.003200545965194719,0.007706508710069733,0.01309441523102902,0.012159974801606398,0.0059688694845703594,0.006756319284645604,0.010436334683663916,0.015241528352567525,0.014219593500914318,0.014294838704032618,0.006695073189084196,0.009463396708459835,0.013491639907955868,0.014041104879563927,0.013635130760414024,0.013404145485725286,0.013446142808395964,0.014067353206233103,0.013064667127470625,0.007505271538939392,0.0036205191919015164,0.005436903397408415,0.009622636556919495,0.01386261625821354,0.01235246253051368,0.015357020989911893,0.011885242315802368,0.012921176275012467,0.008821187649287358,0.013388396489723781,0.01451882442494291,0.015635253252605147,0.015194281364563009,0.012536200817197904,0.009778376628489934,0.012207221789610912,0.008556954494150998,0.008472959848809638,0.004530461183099577,0.006404591707278661,0.004530461183099577,0.007178042399797013,0.008023238518544442,0.009629636110697943,0.007687259937179005,0.007235788718469197,0.007753755698074248,0.007662761498954441,0.007346031690479732,0.007886747219864734,0.007942743650092307,0.010742565161470955,0.013514388457735818,0.013402395597280674,0.004080739852834382
A9,2024-08-19,0.013469288226083832,0.010822274699042584,0.006840524654123565,0.006417002489796966,0.0065790318026643394,0.009906247593624067,0.012206742986216278,0.014879424523216715,0.015164981134012679,0.012217972740573423,0.0129013835057368,0.01102120177622629,0.012883736748889858,0.013244693138940939,0.009957583613542443,0.0059790420698683224,0.004937883415898766,0.0098356605662363,0.012383210554685695,0.013831848866757361,0.01472060371159424,0.013669819553889987,0.01059607536127724,0.011167188582869171,0.010358646269154753,0.010466131060858851,0.00640898123668472,0.007706819990246156,0.007349072101439975,0.011704612541389665,0.008359749993582999,0.008513758053338125,0.00801644036037886,0.0052057932698477884,0.0029197361328576195,0.0051801252598886,0.007434097384429785,0.009909456094868966,0.009827639313124054,0.00979074154880772,0.010178970199440437,0.011643651017736593,0.0121618239687877,0.014415796093328884,0.014735041967196282,0.010560781847583356,0.007833555789419647,0.007876870556225775,0.007710028491491055,0.01036506327164455,0.012883736748889858,0.013989065427757385,0.012081611437665238,0.012761813701583715,0.012232410996175466,0.01368265355886958,0.010734040914807876,0.013097102081675607,0.013976231422777792,0.015936625683410765,0.016113093251880182,0.0125853461331143,0.012994430041838857,0.012801919967144948,0.014574616904951359,0.015655881824482146,0.014110988475063528,0.013628109037706306,0.01222438974306322,0.01182172283682846,0.007073140994378706,0.004289766164429271,0.0064506917528684,0.00742447188069509,0.00636406221925614,0.00808061038527683,0.010478965065838446,0.007652275469082882,0.006399355732950024,0.006011127082317307,0.00672501860930722,0.011643651017736593,0.010352229266664955,0.011576272491593726,0.008823378423470828,0.011162375831001822,0.012927051515695988,0.012325457532277522,0.012283747016093843,0.01165327652147129,0.012843630483328627,0.010857568212736465,0.008180073923868682,0.0075560204317359275,0.0060961523653071175,0.004617033291408917
A9,2024-09-01,0.009380272339318775,0.012566348059094687,0.010218713318207173,0.011228264700950348,0.011885328651752684,0.013206300969511546,0.009084251340650013,0.008586320065432617,0.007537413289802846,0.011476374786539772,0.010158824676858002,0.007468969128260936,0.0046062920717705475,0.005254800502380146,0.010507889900721743,0.012956479779883576,0.015107337556338099,0.01293081321930536,0.013615254834724462,0.0132798784431691,0.012901724450650048,0.012718636318525437,0.013089945894890301,0.01580717910810413,0.015620668767902425,0.014356162883415636,0.014039608636284303,0.01502349345844926,0.016010800488691312,0.008524720320044898,0.006192485515504313,0.00516753419641421,0.00443689277195432,0.0040433388430883375,0.007828300976355965,0.009859381470112146,0.006153130122617715,0.00448309258099511,0.005222289525647738,0.0072567922274810156,0.009200606415271262,0.012641636636790788,0.012557792538901949,0.01242774863197232,0.010531845357261411,0.012289149204849954,0.013184056617010427,0.015675424097135952,0.012256638228117544,0.0076178351796145904,0.006522728594944029,0.006154841226656263,0.01056264522995527,0.010841555188238556,0.012540681498516473,0.0098936035508831,0.010095513827431735,0.009563360471443384,0.010035625186082564,0.0105027565886061,0.013194323241241713,0.013187478825087523,0.012850391329493616,0.0130146573171942,0.011173509371716819,0.013108768039314326,0.014138852670520072,0.0135091663843345,0.008998696138722626,0.010718355697463116,0.01344756663894678,0.016344465776208125,0.014652183882084398,0.014872916303057059,0.010627667183420087,0.006959060124773706,0.0013209723177588643,0.0025923226183998437,0.005210311797377904,0.005631243390860651,0.010008247521465799,0.012978724132384697,0.013166945576624949,0.009104784589112588,0.007790656687507913,0.00795321157116995,0.007624679595768782,0.007174659233630723,0.006459417745517762,0.010552378605723986,0.013955764538395463,0.013439011118754042,0.00980975945299426,0.01063964491168992,0.01114955391517715,0.0077513012946213156
A9,2024-09-12,0.014694964811209972,0.014891990511242284,0.016348404485881138,0.010971967183399402,0.009800846422407337,0.0072883746955952925,0.010325722887293418,0.012781451212496155,0.01237794257882998,0.012529258316454796,0.012349570878025328,0.01297690070692821,0.012373213962029206,0.012857109081308564,0.014663440699204802,0.015806189759392214,0.012954833828524592,0.013493896143812998,0.011066539519414912,0.01243153356923877,0.013367799695792318,0.012256574747610077,0.009837099151213283,0.009531315264763135,0.01188774263714959,0.013405628630198521,0.014650831054402735,0.012652202353274961,0.010275284308085145,0.004492185960736718,0.006248078999424684,0.007167006864375388,0.004843679809594363,0.0,0.002416323185196277,0.002416323185196277,0.004831070164792295,0.004963471435214009,0.006889594678729893,0.004861018071197206,0.002566062717220834,0.003310031760542845,0.004818460519990227,0.006139320813006848,0.0072584267891903816,0.005666459132929299,0.0051526161072450284,0.005013910014422281,0.009606973133575543,0.012231355458005942,0.01450897255037947,0.014871499838438924,0.014266236887939661,0.012440990802840321,0.015415290770528106,0.014211069691930615,0.01117214529463223,0.012023296318771819,0.01313452126695406,0.012560782428459967,0.014122802178316138,0.011564620489096598,0.012499310410049886,0.013189688462963107,0.014020348814299335,0.013279532182177842,0.01250403902685066,0.013309480088582753,0.013484438910211446,0.015095321033675632,0.014392333335960341,0.013186536051762591,0.01488726189444151,0.014687083783208679,0.012529258316454796,0.013872185487875038,0.013479710293410671,0.009170364182303938,0.007044062827555225,0.0024431186804006713,0.0024431186804006713,0.0028087983796606423,0.002419475596396794,0.002419475596396794,0.004872051510399016,0.009712578908792863,0.014572020774389809,0.014229984159133714,0.014649254848802475,0.011714360021121155,0.011395966489868938,0.011369170994664541,0.013257465303774222,0.013131368855753544,0.011050777463412327,0.00484683222079488
A9,2024-09-30,0.013569824772190563,0.015010280673164197,0.015629278427845263,0.01258407499663948,0.010489771601445095,0.008051949345073818,0.008398787229064014,0.00450889249187254,0.005086402461387315,0.003217792617497554,0.005106316598267134,0.005044914676221024,0.01010144593228861,0.01290436069812325,0.01275334516011795,0.011468883331369572,0.010937839681241042,0.009767884139551626,0.005861394288293636,0.009787798276431446,0.011402502875103505,0.013310940992752904,0.012811428059350757,0.013378980960425623,0.01268364568103858,0.01022259026497418,0.0067990182330518205,0.006906886474484178,0.0072852550752007545,0.01126808245116472,0.010612575445537318,0.011838954375052889,0.010795121700269,0.012942529460476238,0.0066811929231795535,0.007653666607477421,0.006357588198882481,0.010262418538733819,0.013986362135260126,0.015245931292908733,0.01058602326303089,0.010317182415153324,0.008471805730956686,0.009728055865791988,0.010649084696483655,0.010370286780166176,0.012748366625897995,0.014309966859557198,0.013257836627740051,0.009557126190906866,0.0051096356210804375,0.0053983906058378255,0.01015123127448816,0.014095889888099136,0.01491236950017175,0.011779211964413429,0.013080268907228326,0.009724736842978683,0.015030194810044018,0.013568165260783912,0.014399580475516389,0.012542587211473189,0.014429451680836118,0.01449085360288223,0.011000901114693803,0.011789169032853338,0.011754319293313654,0.014543957967895082,0.015576174062832411,0.015864929047589797,0.014882498294852019,0.012667050566972062,0.010768569517762573,0.009615209090139675,0.006470434974534793,0.009947111371470004,0.011807423658326507,0.00919037417003685,0.007567372014331535,0.008720732441954433,0.00929990192287586,0.006925141099957346,0.006565027124713937,0.005093040507013921,0.00992221870037023,0.006994840579036716,0.006750892402258923,0.007648688073257466,0.010104764955101911,0.01211111424574376,0.010111403000728518,0.010186081014027843,0.008012121071314179,0.0101429337174549,0.010657382253516912,0.0058730108681401974
A9,2024-10-09,0.01083635129017655,0.012261123326650714,0.011024299941796545,0.012465239604216515,0.009696533660997219,0.012928037896915216,0.010147206234236565,0.012436946258811353,0.01096973420422945,0.012576392032593931,0.015484543749595809,0.018439177391191875,0.016197940244454503,0.012622873957188125,0.014991431158248721,0.015613884757162256,0.01899493953307896,0.0159857401539158,0.016321218392291274,0.013370626657181658,0.015652282868783545,0.01681433098363836,0.019287977753346695,0.013651539157990038,0.012861346439888765,0.009257986807217228,0.008508213153980468,0.007655370885339196,0.00922363060208239,0.006735837159671474,0.005290855590765052,0.00616997025156826,0.012012546077733943,0.015114709306085492,0.0179157505011964,0.017151830175257066,0.015638136196080964,0.01378896397852939,0.00671360667399599,0.007154174481019206,0.009257986807217228,0.006070943542650196,0.001356059626204488,0.006153802625622453,0.007681643277501132,0.009557087887214639,0.00922363060208239,0.00993904805018431,0.007865550022634674,0.007750355687770807,0.011076844726120416,0.008439500743710793,0.007901927181012739,0.012331856690163616,0.01707705490525771,0.013881927827717775,0.008386955959386922,0.008227300653172087,0.009120561986677876,0.009033660997219167,0.011943833667464269,0.015476459936622904,0.018889849964431223,0.01800871435038479,0.014813587272844854,0.013912242126366162,0.015098541680139688,0.01309779796934618,0.01034930155855914,0.010321008213153978,0.008607239862898531,0.011935749854491366,0.011620481148548146,0.007526029877772747,0.002295802884304468,0.0030839746491625165,0.009209483929379808,0.015365307508245487,0.00962377934424109,0.0018754446097135095,0.0,0.0,0.0,0.0,0.0,0.006155823578865679,0.006155823578865679,0.007928199573174675,0.003118330854297355,0.005519223307249564,0.005846617732652137,0.006242724568324386,0.012418757679622323,0.01309779796934618,0.01476306344176421,0.005402008019142469
A9,2024-10-30,0.00853315781983777,0.009979365305251175,0.008106233100896542,0.008931620890849581,0.009027678952611357,0.010874128362032161,0.01175999715383521,0.011318841610929274,0.01198591148427494,0.010872349509036575,0.013135050519425076,0.013654475594136902,0.012912693894976521,0.014680873772591434,0.015047317489682655,0.01666607371566814,0.014513661591006121,0.011258360609079266,0.012014373132204355,0.01509890422655472,0.01416144869787961,0.013636687064181018,0.013136829372420665,0.013595773445282483,0.014849864807172337,0.01595809022342394,0.01036181869930269,0.005185356482140317,0.0058933399743845176,0.008157819837768608,0.009474171054504057,0.004756652910203501,0.002486836487832646,0.0027554432901665013,0.00547886722641241,0.007958588302262702,0.006494592286893412,0.010893695744983636,0.013535292443432476,0.012387932261277929,0.005831080119538922,0.0027091931122812016,0.0,0.0,0.0,0.002714529671267967,0.008188060338693612,0.009876191831507047,0.013654475594136902,0.01215668137185143,0.01084566671410275,0.008054646364024478,0.008216521986623026,0.010849224420093924,0.012733029742422087,0.013204425786253025,0.014166785256866375,0.015481357620606234,0.013572648356339834,0.013257791376120678,0.014221929699729616,0.016443717091219584,0.017683577629144732,0.014362459086381103,0.014579479151842894,0.015310587733029745,0.015904724633556286,0.013958659456382527,0.015335491674967982,0.014211256581756085,0.016121744699018073,0.013846591717660454,0.014382026469332575,0.010778070300270387,0.007668635263981786,0.007928347801337698,0.009330083961861394,0.005244058630994736,0.0028159242920165082,0.008113348512878897,0.012122883164935252,0.013811014657748685,0.010952397893838055,0.009740999003842324,0.00879642806318486,0.008198733456667141,0.0032054930980503775,0.00028283762629856274,0.005430838195531522,0.010818983919168922,0.013177742991319198,0.012025046250177886,0.010292443432474742,0.010187491105735025,0.008856909065034866,0.006816564679094921
A9,2024-11-03,0.0050484354495397045,0.010120097352018466,0.013884441760498778,0.01175424421951653,0.01252237619885826,0.010579649313741273,0.01250910394003594,0.013330324954666947,0.013366823666428327,0.014465103083975247,0.010440290596106919,0.010899842557829725,0.0106410335107945,0.01272809621060421,0.016006344139717077,0.013104696554687519,0.01268827943413725,0.012968655901758748,0.011453959363661555,0.012791139440010226,0.012847546540005082,0.013418253669364812,0.014375515336924593,0.013026722034106394,0.010408768981403912,0.004910735764258141,0.0016258517057341144,0.0050484354495397045,0.010126733481429626,0.010597898669621962,0.006209758096492643,0.0014300858881049047,0.002506797885065558,0.005053412546598074,0.006700831672918456,0.009506255381486198,0.007485553975788086,0.004988710284839267,0.0027705840291591542,0.007671365599300556,0.010236229616713761,0.010748870613725843,0.0110027025637027,0.013554294322293586,0.01423781565164303,0.013074833972337302,0.013214192689971654,0.01327889495173046,0.013607383357582863,0.01309806042527636,0.011054132566639186,0.011430732910722498,0.012603668784144966,0.013942507892846425,0.012305042960642783,0.012660075884139824,0.008844301472723025,0.010400473819639962,0.008237095631601916,0.012626895237084025,0.012968655901758748,0.013406640442895284,0.015127056992738423,0.013192625269385385,0.013366823666428327,0.013177693978210276,0.015706059283862102,0.015918415425019213,0.013424889798775973,0.01499599343686802,0.013209215592913284,0.013736787881100476,0.0069712539464232125,0.0028037646762149523,0.0,0.005030186093659014,0.005030186093659014,0.001970930435114416,0.0025532507909436755,0.0025532507909436755,0.005103183517181771,0.007900312063985563,0.012107618110660781,0.011890284872445304,0.014279291460462779,0.012203841987122597,0.01443524050162503,0.012462651034157824,0.015093876345682624,0.014018823381074762,0.01007032638143477,0.007921879484571832,0.009441553119727393,0.011233308060740499,0.010933023204885524,0.003590146011437371
A9,2024-12-12,0.01460010753524485,0.012207617418004378,0.008897019785808731,0.007431091212206266,0.009497255822289557,0.010175268922652402,0.009245325767541265,0.0074665981326741465,0.009919957256430982,0.012260032395837915,0.015203725183198806,0.012344572682666201,0.01018879536854493,0.007236648552501211,0.010439034617556653,0.0105303381273312,0.013710743717811289,0.01052695651585807,0.012733458002076313,0.013391181433600371,0.014339723451813731,0.011331780046463345,0.009120206143035403,0.010707872729670598,0.013134178961642384,0.016350091472590353,0.014321124588711508,0.014143589986372109,0.013156159436217738,0.015876665866351954,0.014077648562646048,0.014246729136302616,0.011309799571887989,0.012468001501435497,0.010291934518475437,0.011208351227694048,0.009586868526327539,0.010941203921316667,0.009395807478095614,0.010378165611040286,0.00946005809608511,0.006392936489954925,0.004221941924204561,0.0018294518069640912,0.005052127540858322,0.007623843066174757,0.00796876743643416,0.006573852703767455,0.007491960218722632,0.00771683738168587,0.01042043575445443,0.010303770158631397,0.013041184646131269,0.008119249146988507,0.010848209605805553,0.0115262227061684,0.015636571451759625,0.016421105313526113,0.012437566998177314,0.012809544260221769,0.012910992604415712,0.013913640406199173,0.015088750393112338,0.013102053652647635,0.01221945305816034,0.01303780303465814,0.01570251287548569,0.016054200468691354,0.015447201209264266,0.012741912030759141,0.013389490627863805,0.01499744688333779,0.011531295123378096,0.012845051180689649,0.01032575063320675,0.006710807968429276,0.00249901087864411,0.00016738976792000465,0.0025987684171014857,0.005185701194047012,0.005185701194047012,0.0015234159686456986,0.002566643108106738,0.005155266690788829,0.0038009312957997016,0.004495852453528205,0.005123141381794081,0.010351112719255236,0.010941203921316667,0.013007368531399955,0.012231288698316299,0.011908344802632248,0.011732501006029416,0.013058092703496926,0.013027658200238745,0.005134977021950041
A9,2024-12-27,0.003107292999451654,0.0024074100111387627,0.007094126450734018,0.009462480491542821,0.013191544538647444,0.0124463566247518,0.01411482767724771,0.012210458563958838,0.012491661550334553,0.009534343476949945,0.013099372448668737,0.013735203645640494,0.013049380806646388,0.012438545430685807,0.01160587214325105,0.014416339768195003,0.014842830964198172,0.012872847820754967,0.012126097668046124,0.011038779454060024,0.012046423488573004,0.01263382528233561,0.01207141930958418,0.012024552145188227,0.013171235434075865,0.013438378271132794,0.012193273937013655,0.010049882285305425,0.012540090953543704,0.01019204601730648,0.008265805560632831,0.004696089872474446,0.007275346153065034,0.008072087947796227,0.009646824671500232,0.005535012115161996,0.004152430765481396,0.0071894230183391205,0.006628579284400889,0.0036821968827086718,0.002877643893911486,0.004838253604475502,0.009643700193873835,0.0122479522954756,0.014485078275975736,0.013603975585331825,0.013574293047881056,0.009248453774134637,0.008851645115582238,0.007212856600537097,0.009537467954576344,0.01089349124443257,0.007617476453155488,0.012046423488573004,0.012863474387875776,0.01109189557370877,0.009368746162750916,0.007617476453155488,0.012065170354331384,0.009657760343192623,0.006205212566024117,0.002841712401207923,0.007197234212405113,0.011946440204528305,0.012318253042069528,0.011954251398594297,0.012368244684091879,0.014828770814879388,0.014077333945730948,0.013733641406827295,0.010901302438498562,0.012486974833894956,0.012507283938466536,0.01420231305078682,0.012865036626688975,0.01324466065829619,0.009612455417609867,0.00788149481258602,0.004894494201750645,0.007815880782431686,0.011929255577583122,0.012368244684091879,0.00974837019435813,0.010465437809616203,0.012263574683607583,0.01235574677358629,0.01369770991412373,0.01246354125169698,0.013892989765773533,0.014928754098924085,0.012829105133985412,0.012102664085848147,0.009984268255151092,0.009121912430265564,0.004021202705172728,0.0038103004653909423
